-- phpMyAdmin SQL Dump
-- version 5.2.1
-- https://www.phpmyadmin.net/
--
-- ホスト: 127.0.0.1
-- 生成日時: 2023-12-08 07:02:06
-- サーバのバージョン： 10.4.28-MariaDB
-- PHP のバージョン: 8.2.4

SET SQL_MODE = "NO_AUTO_VALUE_ON_ZERO";
START TRANSACTION;
SET time_zone = "+00:00";


/*!40101 SET @OLD_CHARACTER_SET_CLIENT=@@CHARACTER_SET_CLIENT */;
/*!40101 SET @OLD_CHARACTER_SET_RESULTS=@@CHARACTER_SET_RESULTS */;
/*!40101 SET @OLD_COLLATION_CONNECTION=@@COLLATION_CONNECTION */;
/*!40101 SET NAMES utf8mb4 */;

--
-- データベース: `complete`
--
CREATE DATABASE IF NOT EXISTS `complete` DEFAULT CHARACTER SET utf8mb4 COLLATE utf8mb4_general_ci;
USE `complete`;

-- --------------------------------------------------------

--
-- テーブルの構造 `big_category`
--

CREATE TABLE `big_category` (
  `big_category_id` int(11) NOT NULL,
  `big_category_name` varchar(255) NOT NULL
) ENGINE=InnoDB DEFAULT CHARSET=utf8mb4 COLLATE=utf8mb4_general_ci;

--
-- テーブルのデータのダンプ `big_category`
--

INSERT INTO `big_category` (`big_category_id`, `big_category_name`) VALUES
(1, 'レディース'),
(2, 'メンズ');

-- --------------------------------------------------------

--
-- テーブルの構造 `cart`
--

CREATE TABLE `cart` (
  `user_id` varchar(255) NOT NULL,
  `product_id` int(11) NOT NULL,
  `color_size_id` int(11) NOT NULL,
  `pieces` int(11) NOT NULL,
  `create_at` timestamp NOT NULL DEFAULT current_timestamp()
) ENGINE=InnoDB DEFAULT CHARSET=utf8mb4 COLLATE=utf8mb4_general_ci;

-- --------------------------------------------------------

--
-- テーブルの構造 `category`
--

CREATE TABLE `category` (
  `category_id` int(11) NOT NULL,
  `big_category_id` int(11) NOT NULL,
  `category_name` varchar(255) NOT NULL
) ENGINE=InnoDB DEFAULT CHARSET=utf8mb4 COLLATE=utf8mb4_general_ci;

--
-- テーブルのデータのダンプ `category`
--

INSERT INTO `category` (`category_id`, `big_category_id`, `category_name`) VALUES
(1, 1, 'トップス'),
(2, 1, 'ジャケット／アウター'),
(3, 1, 'パンツ'),
(4, 1, 'スカート'),
(5, 1, 'ワンピース'),
(6, 1, '靴'),
(7, 1, 'ルームウェア/パジャマ'),
(8, 1, 'レッグウェア'),
(9, 1, '帽子'),
(10, 1, 'バッグ'),
(11, 1, 'アクセサリー'),
(12, 1, 'ヘアアクセサリー'),
(13, 1, '小物'),
(14, 1, '時計'),
(15, 1, 'ウィッグ/エクステ'),
(16, 1, '浴衣/水着'),
(17, 1, 'スーツ/フォーマル/ドレス'),
(18, 1, 'マタニティ'),
(19, 1, 'その他'),
(20, 2, 'トップス'),
(21, 2, 'ジャケット/アウター'),
(22, 2, 'パンツ'),
(23, 2, '靴'),
(24, 2, 'バッグ'),
(25, 2, 'スーツ'),
(26, 2, '帽子'),
(27, 2, 'アクセサリー'),
(28, 2, '小物'),
(29, 2, '時計'),
(30, 2, '水着'),
(31, 2, 'レッグウェア'),
(32, 2, 'アンダーウェア'),
(33, 2, 'その他');

-- --------------------------------------------------------

--
-- テーブルの構造 `chatrooms`
--

CREATE TABLE `chatrooms` (
  `room_id` int(11) NOT NULL,
  `user_id` varchar(255) NOT NULL,
  `seller_id` varchar(255) NOT NULL,
  `created_at` timestamp NOT NULL DEFAULT current_timestamp()
) ENGINE=InnoDB DEFAULT CHARSET=utf8mb4 COLLATE=utf8mb4_general_ci;

--
-- テーブルのデータのダンプ `chatrooms`
--

INSERT INTO `chatrooms` (`room_id`, `user_id`, `seller_id`, `created_at`) VALUES
(2, 'test_user', 'test_bank', '2023-10-27 13:13:22');

-- --------------------------------------------------------

--
-- テーブルの構造 `color_name`
--

CREATE TABLE `color_name` (
  `color_code` varchar(7) NOT NULL,
  `colorName` varchar(10) NOT NULL
) ENGINE=InnoDB DEFAULT CHARSET=utf8mb4 COLLATE=utf8mb4_general_ci;

--
-- テーブルのデータのダンプ `color_name`
--

INSERT INTO `color_name` (`color_code`, `colorName`) VALUES
('#313131', 'ブラック'),
('#4DBEE9', 'ブルー'),
('#81604C', 'ブラウン'),
('#9ED563', 'グリーン'),
('#AAB2BE', 'グレー'),
('#AD8EEF', 'パープル'),
('#E0D1AD', 'ベージュ'),
('#EF5663', 'レッド'),
('#F8AFD7', 'ピンク'),
('#F98140', 'オレンジ'),
('#FED14C', 'イエロー'),
('#FFFFFF', 'ホワイト');

-- --------------------------------------------------------

--
-- テーブルの構造 `color_size`
--

CREATE TABLE `color_size` (
  `product_id` int(11) NOT NULL,
  `color_code` varchar(7) NOT NULL,
  `size` varchar(10) NOT NULL,
  `pieces` int(11) NOT NULL,
  `price` int(11) NOT NULL,
  `color_size_id` int(11) NOT NULL
) ENGINE=InnoDB DEFAULT CHARSET=utf8mb4 COLLATE=utf8mb4_general_ci;

--
-- テーブルのデータのダンプ `color_size`
--

INSERT INTO `color_size` (`product_id`, `color_code`, `size`, `pieces`, `price`, `color_size_id`) VALUES
(1, '#313131', 'M', 2, 3, 2),
(1, '#AAB2BE', 'XL', 3, 4, 3),
(1, '#FFFFFF', 'M', 1, 2, 1),
(2, '#81604C', 'FREE', 1, 2, 4),
(3, '#FFFFFF', 'L', 1, 2, 5),
(4, '#313131', 'FREE', 1, 1, 7),
(4, '#313131', 'XL', 2, 2, 13),
(4, '#313131', 'XS', 2, 2, 10),
(4, '#81604C', 'XS', 2, 2, 11),
(4, '#AAB2BE', 'FREE', 1, 1, 8),
(4, '#AAB2BE', 'XL', 2, 2, 14),
(4, '#FFFFFF', 'FREE', 1, 1, 6),
(4, '#FFFFFF', 'XL', 2, 2, 12),
(4, '#FFFFFF', 'XS', 2, 2, 9),
(5, '#313131', 'FREE', 3, 4, 16),
(5, '#FFFFFF', 'FREE', 1, 2, 15),
(5, '#FFFFFF', 'XS', 5, 6, 17),
(7, '#313131', 'FREE', 20, 3000, 18),
(7, '#AAB2BE', 'FREE', 10, 2600, 19),
(7, '#EF5663', 'FREE', 15, 2500, 20),
(7, '#FFFFFF', 'FREE', 20, 2500, 21),
(8, '#313131', 'FREE', 20, 5000, 22),
(8, '#FFFFFF', 'FREE', 15, 6000, 23),
(9, '#313131', 'FREE', 50, 3000, 24),
(9, '#4DBEE9', 'FREE', 20, 3600, 25),
(9, '#EF5663', 'FREE', 45, 3400, 26),
(10, '#313131', 'FREE', 5, 5500, 27),
(10, '#4DBEE9', 'FREE', 5, 5500, 28),
(10, '#AAB2BE', 'FREE', 5, 5500, 29),
(10, '#EF5663', 'FREE', 5, 5500, 30),
(10, '#F8AFD7', 'FREE', 5, 5500, 31),
(10, '#FFFFFF', 'FREE', 5, 5500, 32),
(11, '#313131', 'L', 20, 2200, 33),
(11, '#313131', 'M', 15, 2200, 34),
(11, '#313131', 'S', 15, 2200, 35),
(11, '#FFFFFF', 'L', 20, 2200, 36),
(11, '#FFFFFF', 'M', 10, 2200, 37),
(11, '#FFFFFF', 'S', 20, 2200, 38),
(12, '#AD8EEF', 'FREE', 5, 2600, 39),
(12, '#F98140', 'FREE', 10, 3000, 40),
(13, '#313131', 'FREE', 20, 8000, 41),
(13, '#FFFFFF', 'FREE', 20, 8000, 42),
(14, '#9ED563', 'FREE', 30, 3500, 43),
(14, '#AAB2BE', 'FREE', 50, 4000, 44),
(15, '#313131', 'M', 15, 5000, 45),
(16, '#313131', 'FREE', 15, 3000, 46),
(16, '#FFFFFF', 'FREE', 10, 2500, 47),
(17, '#313131', 'FREE', 20, 3100, 48),
(17, '#FFFFFF', 'FREE', 20, 2500, 49),
(18, '#313131', 'FREE', 15, 2600, 50),
(18, '#FFFFFF', 'FREE', 5, 2600, 51),
(19, '#81604C', 'FREE', 20, 2500, 52),
(20, '#AAB2BE', 'FREE', 20, 2500, 53),
(21, '#313131', 'L', 10, 3500, 54),
(21, '#313131', 'XL', 10, 3500, 55),
(21, '#FFFFFF', 'L', 10, 3500, 56),
(21, '#FFFFFF', 'XL', 10, 3500, 57),
(22, '#313131', 'L', 10, 5500, 58),
(22, '#313131', 'XL', 10, 5500, 59),
(22, '#FFFFFF', 'L', 10, 5500, 60),
(22, '#FFFFFF', 'XL', 10, 5500, 61),
(23, '#313131', 'FREE', 10, 5000, 62),
(23, '#AAB2BE', 'FREE', 10, 5000, 63),
(24, '#313131', 'L', 15, 3200, 64),
(24, '#313131', 'XL', 15, 3400, 65),
(24, '#FFFFFF', 'L', 15, 3200, 66),
(24, '#FFFFFF', 'XL', 20, 3300, 67),
(25, '#FFFFFF', 'FREE', 5, 2600, 68),
(26, '#313131', 'L', 15, 8600, 70),
(26, '#313131', 'M', 15, 8600, 69),
(27, '#313131', 'L', 20, 9800, 72),
(27, '#313131', 'M', 20, 9800, 71),
(28, '#81604C', 'L', 5, 10500, 75),
(28, '#81604C', 'M', 5, 10200, 74),
(28, '#81604C', 'S', 5, 10100, 73),
(29, '#313131', 'L', 15, 9500, 79),
(29, '#313131', 'M', 15, 9500, 76),
(29, '#81604C', 'L', 10, 8500, 81),
(29, '#81604C', 'M', 10, 8500, 78),
(29, '#9ED563', 'L', 5, 10200, 80),
(29, '#9ED563', 'M', 5, 10200, 77),
(30, '#313131', 'L', 5, 11500, 83),
(30, '#313131', 'M', 5, 11500, 82),
(31, '#313131', 'L', 15, 8800, 86),
(31, '#313131', 'S', 20, 8800, 84),
(31, '#81604C', 'L', 15, 8800, 87),
(31, '#81604C', 'S', 15, 8800, 85),
(32, '#313131', 'L', 15, 9700, 91),
(32, '#313131', 'M', 15, 9700, 89),
(32, '#81604C', 'L', 15, 9700, 90),
(32, '#81604C', 'M', 15, 9700, 88),
(33, '#313131', 'L', 15, 11000, 95),
(33, '#313131', 'M', 15, 10000, 92),
(33, '#4DBEE9', 'L', 20, 11000, 96),
(33, '#4DBEE9', 'M', 20, 10000, 93),
(33, '#81604C', 'L', 10, 11000, 97),
(33, '#81604C', 'M', 10, 10000, 94),
(34, '#313131', 'M', 10, 9900, 103),
(34, '#313131', 'S', 5, 9900, 100),
(34, '#EF5663', 'S', 5, 9900, 99),
(34, '#F8AFD7', 'M', 10, 9900, 101),
(34, '#F8AFD7', 'S', 5, 9900, 98),
(34, '#FED14C', 'M', 10, 9900, 102),
(35, '#313131', 'M', 15, 12000, 104),
(35, '#81604C', 'M', 20, 12000, 105),
(36, '#313131', 'L', 20, 7500, 110),
(36, '#313131', 'M', 15, 7500, 107),
(36, '#81604C', 'L', 20, 7500, 111),
(36, '#81604C', 'M', 10, 7500, 108),
(36, '#FFFFFF', 'L', 15, 7500, 109),
(36, '#FFFFFF', 'M', 15, 7500, 106),
(37, '#313131', 'M', 10, 7500, 116),
(37, '#313131', 'S', 15, 7500, 113),
(37, '#81604C', 'M', 10, 7500, 117),
(37, '#81604C', 'S', 5, 7500, 114),
(37, '#FFFFFF', 'M', 15, 7500, 115),
(37, '#FFFFFF', 'S', 20, 7500, 112),
(38, '#313131', 'L', 15, 9800, 120),
(38, '#313131', 'M', 15, 9800, 118),
(38, '#FFFFFF', 'L', 15, 9800, 121),
(38, '#FFFFFF', 'M', 15, 9800, 119),
(39, '#313131', 'L', 20, 9800, 124),
(39, '#313131', 'M', 10, 9800, 123),
(39, '#FFFFFF', 'M', 20, 9800, 122),
(40, '#313131', 'L', 15, 8200, 129),
(40, '#313131', 'M', 15, 8200, 127),
(40, '#FFFFFF', 'L', 15, 8200, 128),
(40, '#FFFFFF', 'M', 15, 8200, 126),
(41, '#81604C', 'L', 15, 10500, 133),
(41, '#81604C', 'M', 20, 10500, 131),
(41, '#FFFFFF', 'L', 15, 10500, 132),
(41, '#FFFFFF', 'M', 20, 10500, 130),
(42, '#313131', 'M', 10, 8900, 138),
(42, '#313131', 'S', 15, 8900, 135),
(42, '#81604C', 'M', 10, 8900, 139),
(42, '#AAB2BE', 'S', 20, 8900, 136),
(42, '#FFFFFF', 'M', 10, 8900, 137),
(42, '#FFFFFF', 'S', 20, 8900, 134),
(43, '#313131', 'L', 20, 9000, 146),
(43, '#313131', 'M', 20, 9000, 141),
(43, '#4DBEE9', 'L', 20, 9000, 148),
(43, '#4DBEE9', 'M', 10, 9000, 143),
(43, '#81604C', 'L', 20, 9000, 149),
(43, '#81604C', 'M', 10, 9000, 144),
(43, '#9ED563', 'L', 15, 9000, 145),
(43, '#9ED563', 'M', 15, 9000, 140),
(43, '#FFFFFF', 'L', 20, 9000, 147),
(43, '#FFFFFF', 'M', 10, 9000, 142),
(44, '#313131', 'M', 10, 7800, 152),
(44, '#313131', 'S', 20, 7800, 150),
(44, '#81604C', 'M', 15, 7800, 153),
(44, '#81604C', 'S', 15, 7800, 151),
(45, '#81604C', 'L', 20, 12500, 155),
(45, '#81604C', 'M', 20, 12500, 154),
(46, '#313131', 'L', 20, 14800, 157),
(46, '#313131', 'M', 20, 14800, 156),
(47, '#81604C', 'L', 20, 12500, 159),
(47, '#81604C', 'M', 20, 12500, 158),
(48, '#AAB2BE', 'L', 20, 13200, 163),
(48, '#AAB2BE', 'M', 20, 13200, 161),
(48, '#FFFFFF', 'L', 20, 13200, 162),
(48, '#FFFFFF', 'M', 20, 13200, 160),
(49, '#81604C', 'L', 15, 11500, 166),
(49, '#81604C', 'M', 20, 11500, 164),
(49, '#AAB2BE', 'L', 15, 11500, 167),
(49, '#AAB2BE', 'M', 20, 11500, 165),
(50, '#313131', 'M', 15, 13800, 171),
(50, '#313131', 'S', 15, 13800, 169),
(50, '#FFFFFF', 'M', 20, 13800, 170),
(50, '#FFFFFF', 'S', 20, 13800, 168),
(51, '#313131', 'L', 20, 16200, 175),
(51, '#313131', 'M', 20, 16200, 173),
(51, '#AAB2BE', 'L', 20, 16200, 174),
(51, '#AAB2BE', 'M', 20, 16200, 172),
(52, '#313131', 'L', 20, 12900, 177),
(52, '#81604C', 'L', 15, 12900, 178),
(52, '#FFFFFF', 'L', 20, 12900, 176),
(53, '#9ED563', 'L', 20, 14000, 180),
(53, '#E0D1AD', 'L', 20, 14000, 181),
(53, '#FFFFFF', 'L', 20, 14000, 179),
(54, '#9ED563', 'L', 20, 13500, 183),
(54, '#EF5663', 'L', 20, 13500, 184),
(54, '#FFFFFF', 'L', 20, 13500, 182),
(55, '#313131', 'L', 15, 12700, 185),
(55, '#81604C', 'L', 15, 12700, 186),
(56, '#313131', 'L', 15, 2000, 189),
(56, '#313131', 'M', 20, 2000, 187),
(56, '#AAB2BE', 'L', 15, 2000, 190),
(56, '#AAB2BE', 'M', 20, 2000, 188),
(57, '#4DBEE9', 'L', 20, 2500, 192),
(57, '#4DBEE9', 'M', 20, 2500, 191),
(58, '#313131', 'L', 15, 2200, 195),
(58, '#313131', 'M', 20, 2200, 193),
(58, '#AAB2BE', 'L', 15, 2200, 196),
(58, '#AAB2BE', 'M', 20, 2200, 194),
(59, '#313131', 'L', 20, 3000, 200),
(59, '#313131', 'M', 20, 3000, 197),
(59, '#81604C', 'L', 20, 3000, 202),
(59, '#81604C', 'M', 15, 3000, 199),
(59, '#AAB2BE', 'L', 20, 3000, 201),
(59, '#AAB2BE', 'M', 20, 3000, 198),
(60, '#4DBEE9', 'L', 20, 2800, 207),
(60, '#4DBEE9', 'M', 20, 2800, 204),
(60, '#9ED563', 'L', 20, 2800, 206),
(60, '#9ED563', 'M', 20, 2800, 203),
(60, '#EF5663', 'L', 20, 2800, 208),
(60, '#EF5663', 'M', 20, 2800, 205),
(61, '#313131', 'L', 20, 2400, 211),
(61, '#313131', 'M', 20, 2400, 209),
(61, '#AAB2BE', 'L', 20, 2400, 212),
(61, '#AAB2BE', 'M', 20, 2400, 210),
(62, '#313131', 'L', 20, 2700, 216),
(62, '#313131', 'M', 20, 2700, 213),
(62, '#81604C', 'L', 20, 2700, 218),
(62, '#81604C', 'M', 20, 2700, 215),
(62, '#AAB2BE', 'L', 20, 2700, 217),
(62, '#AAB2BE', 'M', 20, 2700, 214),
(63, '#AAB2BE', 'L', 20, 2300, 222),
(63, '#AAB2BE', 'M', 2, 2300, 220),
(63, '#FFFFFF', 'L', 20, 2300, 221),
(63, '#FFFFFF', 'M', 20, 2300, 219),
(64, '#313131', 'L', 20, 2600, 224),
(64, '#313131', 'M', 20, 2600, 223),
(65, '#313131', 'L', 20, 2900, 228),
(65, '#313131', 'M', 2, 2900, 226),
(65, '#FFFFFF', 'L', 20, 2900, 227),
(65, '#FFFFFF', 'M', 20, 2900, 225),
(66, '#313131', 'L', 20, 2200, 232),
(66, '#313131', 'M', 2, 2200, 230),
(66, '#FFFFFF', 'L', 20, 2200, 231),
(66, '#FFFFFF', 'M', 20, 2200, 229),
(67, '#313131', 'L', 20, 2500, 236),
(67, '#313131', 'M', 20, 2500, 233),
(67, '#4DBEE9', 'L', 20, 2500, 238),
(67, '#4DBEE9', 'M', 20, 2500, 235),
(67, '#AAB2BE', 'L', 20, 2500, 237),
(67, '#AAB2BE', 'M', 20, 2500, 234),
(68, '#313131', 'L', 30, 2300, 241),
(68, '#313131', 'M', 20, 3200, 239),
(68, '#81604C', 'L', 30, 2300, 242),
(68, '#81604C', 'M', 20, 3200, 240),
(69, '#313131', 'L', 20, 2800, 246),
(69, '#313131', 'M', 20, 2800, 244),
(69, '#FFFFFF', 'L', 20, 2800, 245),
(69, '#FFFFFF', 'M', 20, 2800, 243),
(70, '#313131', 'L', 20, 3000, 252),
(70, '#313131', 'M', 20, 3000, 248),
(70, '#9ED563', 'L', 20, 3000, 253),
(70, '#9ED563', 'M', 20, 3000, 250),
(70, '#EF5663', 'L', 20, 3000, 254),
(70, '#EF5663', 'M', 30, 3000, 249),
(70, '#FFFFFF', 'L', 20, 3000, 251),
(70, '#FFFFFF', 'M', 20, 3000, 247),
(71, '#4DBEE9', 'L', 20, 2700, 259),
(71, '#4DBEE9', 'M', 20, 2700, 257),
(71, '#9ED563', 'L', 20, 2700, 258),
(71, '#9ED563', 'M', 20, 2700, 255),
(71, '#EF5663', 'L', 20, 2700, 260),
(71, '#EF5663', 'M', 20, 2700, 256),
(72, '#313131', 'L', 20, 2800, 264),
(72, '#313131', 'M', 20, 2800, 262),
(72, '#FFFFFF', 'L', 20, 2800, 263),
(72, '#FFFFFF', 'M', 20, 2800, 261),
(73, '#4DBEE9', 'L', 20, 2400, 268),
(73, '#4DBEE9', 'M', 20, 2400, 266),
(73, '#FFFFFF', 'L', 20, 2400, 267),
(73, '#FFFFFF', 'M', 20, 2400, 265),
(74, '#AAB2BE', 'L', 20, 2400, 270),
(74, '#AAB2BE', 'XL', 20, 2400, 272),
(74, '#FFFFFF', 'L', 20, 2400, 269),
(74, '#FFFFFF', 'XL', 20, 2400, 271),
(75, '#313131', 'L', 20, 2600, 277),
(75, '#313131', 'M', 20, 2600, 274),
(75, '#AAB2BE', 'L', 20, 2600, 278),
(75, '#AAB2BE', 'M', 20, 2600, 275),
(75, '#FFFFFF', 'L', 20, 2600, 276),
(75, '#FFFFFF', 'M', 20, 2600, 273),
(76, '#E0D1AD', 'L', 20, 9500, 280),
(76, '#E0D1AD', 'M', 20, 9500, 279),
(77, '#313131', 'S', 20, 1500, 282),
(77, '#FFFFFF', 'S', 20, 1500, 281),
(78, '#313131', 'M', 20, 1800, 286),
(78, '#313131', 'S', 20, 1800, 284),
(78, '#FFFFFF', 'M', 20, 1800, 285),
(78, '#FFFFFF', 'S', 20, 1800, 283),
(79, '#313131', 'M', 20, 2000, 292),
(79, '#313131', 'S', 20, 2000, 288),
(79, '#81604C', 'M', 20, 2000, 294),
(79, '#AAB2BE', 'M', 20, 2000, 293),
(79, '#AAB2BE', 'S', 20, 2000, 289),
(79, '#E0D1AD', 'S', 20, 2000, 290),
(79, '#FFFFFF', 'M', 20, 2000, 291),
(79, '#FFFFFF', 'S', 20, 2000, 287),
(80, '#313131', 'M', 20, 1300, 298),
(80, '#313131', 'S', 20, 1300, 296),
(80, '#FFFFFF', 'M', 20, 1300, 297),
(80, '#FFFFFF', 'S', 20, 1300, 295),
(81, '#313131', 'M', 20, 2200, 302),
(81, '#313131', 'S', 20, 2200, 300),
(81, '#FFFFFF', 'M', 20, 2200, 301),
(81, '#FFFFFF', 'S', 20, 2200, 299),
(82, '#313131', 'L', 20, 23, 308),
(82, '#313131', 'M', 20, 2300, 306),
(82, '#313131', 'S', 20, 2300, 304),
(82, '#FFFFFF', 'L', 20, 2300, 307),
(82, '#FFFFFF', 'M', 20, 2300, 305),
(82, '#FFFFFF', 'S', 20, 2300, 303),
(83, '#9ED563', 'M', 20, 2900, 311),
(83, '#9ED563', 'S', 20, 2900, 309),
(83, '#AAB2BE', 'M', 20, 2900, 312),
(83, '#AAB2BE', 'S', 20, 2900, 310),
(84, '#313131', 'M', 20, 2900, 318),
(84, '#313131', 'S', 20, 2900, 314),
(84, '#4DBEE9', 'M', 20, 2900, 320),
(84, '#4DBEE9', 'S', 20, 2900, 316),
(84, '#9ED563', 'M', 20, 2900, 319),
(84, '#9ED563', 'S', 20, 2900, 315),
(84, '#FFFFFF', 'M', 20, 2900, 317),
(84, '#FFFFFF', 'S', 20, 2900, 313),
(85, '#313131', '2XL', 20, 1800, 328),
(85, '#313131', 'L', 20, 1800, 324),
(85, '#313131', 'M', 20, 1800, 322),
(85, '#313131', 'XL', 20, 1800, 326),
(85, '#FFFFFF', '2XL', 20, 1800, 327),
(85, '#FFFFFF', 'L', 20, 1800, 323),
(85, '#FFFFFF', 'M', 20, 1800, 321),
(85, '#FFFFFF', 'XL', 20, 1800, 325),
(86, '#313131', 'L', 20, 1800, 332),
(86, '#313131', 'M', 20, 1800, 330),
(86, '#313131', 'XL', 20, 1800, 334),
(86, '#FFFFFF', 'L', 20, 1800, 331),
(86, '#FFFFFF', 'M', 20, 1800, 329),
(86, '#FFFFFF', 'XL', 20, 1800, 333),
(87, '#313131', 'L', 20, 2000, 337),
(87, '#313131', 'M', 20, 2000, 335),
(87, '#AAB2BE', 'L', 20, 2000, 338),
(87, '#AAB2BE', 'M', 20, 2000, 336),
(88, '#313131', 'L', 20, 1500, 342),
(88, '#313131', 'M', 20, 1500, 340),
(88, '#FFFFFF', 'L', 20, 1500, 341),
(88, '#FFFFFF', 'M', 20, 1500, 339),
(89, '#313131', 'L', 20, 2500, 346),
(89, '#313131', 'M', 20, 2500, 344),
(89, '#FFFFFF', 'L', 20, 2500, 345),
(89, '#FFFFFF', 'M', 20, 2500, 343),
(90, '#313131', 'L', 20, 2800, 351),
(90, '#313131', 'M', 20, 2800, 348),
(90, '#9ED563', 'L', 20, 2800, 352),
(90, '#9ED563', 'M', 20, 2800, 349),
(90, '#FFFFFF', 'L', 20, 2800, 350),
(90, '#FFFFFF', 'M', 20, 2800, 347),
(91, '#313131', 'L', 20, 2100, 357),
(91, '#313131', 'M', 20, 2100, 354),
(91, '#AAB2BE', 'L', 20, 2100, 358),
(91, '#AAB2BE', 'M', 20, 2100, 355),
(91, '#FFFFFF', 'L', 20, 2100, 356),
(91, '#FFFFFF', 'M', 20, 2100, 353),
(92, '#4DBEE9', 'L', 20, 2300, 365),
(92, '#4DBEE9', 'M', 20, 2300, 360),
(92, '#9ED563', 'L', 20, 2300, 364),
(92, '#9ED563', 'M', 20, 2300, 359),
(92, '#AD8EEF', 'L', 20, 2300, 366),
(92, '#AD8EEF', 'M', 20, 2300, 361),
(92, '#EF5663', 'L', 20, 2300, 368),
(92, '#F8AFD7', 'L', 20, 2300, 367),
(92, '#F8AFD7', 'M', 20, 2300, 362),
(92, '#F98140', 'M', 20, 2300, 363),
(93, '#9ED563', 'S', 20, 2000, 369),
(94, '#FFFFFF', 'FREE', 20, 5500, 370),
(95, '#313131', 'FREE', 5, 5900, 371),
(95, '#EF5663', 'FREE', 20, 5900, 373),
(95, '#F8AFD7', 'FREE', 20, 5900, 372),
(96, '#4DBEE9', 'FREE', 5, 8200, 374),
(97, '#313131', 'FREE', 5, 12000, 375),
(97, '#AAB2BE', 'FREE', 5, 12000, 376),
(98, '#FED14C', 'FREE', 50, 25000, 377),
(99, '#AAB2BE', 'M', 25, 2500, 381),
(99, '#AAB2BE', 'S', 20, 2500, 379),
(99, '#FFFFFF', 'M', 20, 2500, 380),
(99, '#FFFFFF', 'S', 20, 2500, 378),
(100, '#313131', 'M', 20, 3600, 385),
(100, '#313131', 'S', 20, 3500, 383),
(100, '#FFFFFF', 'M', 20, 3600, 384),
(100, '#FFFFFF', 'S', 20, 3600, 382),
(101, '#313131', 'M', 20, 3200, 389),
(101, '#313131', 'S', 20, 3200, 387),
(101, '#FFFFFF', 'M', 20, 3200, 388),
(101, '#FFFFFF', 'S', 20, 3200, 386),
(102, '#313131', 'M', 20, 3500, 392),
(102, '#313131', 'S', 20, 3500, 390),
(102, '#4DBEE9', 'M', 20, 3500, 393),
(102, '#4DBEE9', 'S', 20, 3500, 391),
(103, '#AD8EEF', 'M', 20, 4200, 396),
(103, '#AD8EEF', 'S', 20, 4200, 394),
(103, '#FED14C', 'M', 20, 4200, 397),
(103, '#FED14C', 'S', 20, 4200, 395),
(104, '#AAB2BE', 'M', 20, 3000, 400),
(104, '#AAB2BE', 'S', 20, 3000, 398),
(104, '#E0D1AD', 'M', 20, 3000, 401),
(104, '#E0D1AD', 'S', 20, 3000, 399),
(105, '#AAB2BE', 'M', 20, 3300, 405),
(105, '#AAB2BE', 'S', 20, 3300, 403),
(105, '#FFFFFF', 'M', 20, 3300, 404),
(105, '#FFFFFF', 'S', 20, 3300, 402),
(106, '#313131', 'L', 20, 18000, 409),
(106, '#313131', 'M', 20, 18000, 407),
(106, '#FFFFFF', 'L', 20, 18000, 408),
(106, '#FFFFFF', 'M', 20, 18000, 406),
(107, '#313131', 'L', 20, 22500, 412),
(107, '#313131', 'M', 20, 22500, 410),
(107, '#FFFFFF', 'L', 20, 22500, 413),
(107, '#FFFFFF', 'M', 20, 22500, 411),
(108, '#313131', 'L', 20, 22500, 416),
(108, '#313131', 'M', 20, 22500, 414),
(108, '#81604C', 'L', 20, 25500, 417),
(108, '#81604C', 'M', 20, 22500, 415),
(109, '#313131', 'L', 20, 20800, 421),
(109, '#313131', 'M', 20, 20800, 418),
(109, '#81604C', 'L', 20, 28000, 422),
(109, '#81604C', 'M', 20, 20800, 419),
(109, '#FFFFFF', 'L', 20, 28000, 423),
(109, '#FFFFFF', 'M', 30, 20800, 420),
(110, '#313131', 'L', 20, 25000, 427),
(110, '#313131', 'M', 20, 25000, 425),
(110, '#81604C', 'L', 20, 25000, 426),
(110, '#81604C', 'M', 20, 25000, 424),
(111, '#313131', 'L', 20, 28500, 430),
(111, '#313131', 'M', 20, 28500, 428),
(111, '#81604C', 'L', 20, 28500, 431),
(111, '#81604C', 'M', 20, 28500, 429),
(112, '#313131', 'L', 20, 28500, 434),
(112, '#313131', 'M', 20, 28500, 432),
(112, '#81604C', 'L', 20, 28500, 435),
(112, '#81604C', 'M', 20, 28500, 433),
(113, '#EF5663', 'L', 20, 19500, 437),
(113, '#EF5663', 'M', 20, 19500, 436),
(114, '#313131', 'L', 20, 19500, 440),
(114, '#313131', 'M', 20, 19500, 438),
(114, '#81604C', 'L', 20, 19500, 441),
(114, '#81604C', 'M', 20, 19500, 439),
(115, '#313131', 'L', 20, 24000, 445),
(115, '#313131', 'M', 20, 24000, 443),
(115, '#FFFFFF', 'L', 20, 24000, 444),
(115, '#FFFFFF', 'M', 20, 24000, 442),
(116, '#313131', 'L', 20, 24000, 449),
(116, '#313131', 'M', 20, 24000, 447),
(116, '#FFFFFF', 'L', 20, 24000, 448),
(116, '#FFFFFF', 'M', 20, 24000, 446),
(117, '#313131', 'L', 20, 2800, 453),
(117, '#313131', 'M', 20, 2800, 451),
(117, '#FFFFFF', 'L', 20, 2800, 452),
(117, '#FFFFFF', 'M', 20, 2800, 450),
(118, '#AD8EEF', 'L', 20, 3500, 456),
(118, '#AD8EEF', 'M', 20, 3500, 454),
(118, '#FED14C', 'L', 20, 3500, 457),
(118, '#FED14C', 'M', 20, 3500, 455),
(119, '#AAB2BE', 'L', 20, 4200, 460),
(119, '#AAB2BE', 'M', 20, 4200, 458),
(119, '#E0D1AD', 'L', 20, 4200, 461),
(119, '#E0D1AD', 'M', 20, 4200, 459),
(120, '#81604C', 'L', 20, 2500, 469),
(120, '#81604C', 'M', 20, 2500, 466),
(120, '#81604C', 'S', 20, 2500, 463),
(120, '#E0D1AD', 'L', 20, 2500, 470),
(120, '#E0D1AD', 'M', 20, 2500, 467),
(120, '#E0D1AD', 'S', 20, 2500, 464),
(120, '#FFFFFF', 'L', 20, 2500, 468),
(120, '#FFFFFF', 'M', 20, 2500, 465),
(120, '#FFFFFF', 'S', 20, 2500, 462),
(121, '#EF5663', 'L', 20, 3500, 475),
(121, '#EF5663', 'M', 20, 3800, 471),
(121, '#F8AFD7', 'L', 20, 3800, 474),
(121, '#F8AFD7', 'M', 30, 3800, 473),
(121, '#F98140', 'L', 20, 3500, 476),
(121, '#F98140', 'M', 20, 3800, 472),
(122, '#81604C', 'L', 20, 4200, 481),
(122, '#81604C', 'M', 20, 4200, 478),
(122, '#AAB2BE', 'L', 20, 4200, 480),
(122, '#AAB2BE', 'M', 20, 4200, 477),
(122, '#FFFFFF', 'L', 20, 4200, 482),
(122, '#FFFFFF', 'M', 20, 4200, 479),
(123, '#4DBEE9', 'L', 20, 3500, 484),
(123, '#4DBEE9', 'M', 20, 3500, 483),
(124, '#313131', 'L', 20, 3500, 486),
(124, '#313131', 'M', 20, 3500, 485),
(125, '#313131', 'L', 20, 4500, 488),
(125, '#313131', 'M', 20, 4500, 487),
(126, '#FFFFFF', 'L', 20, 4500, 490),
(126, '#FFFFFF', 'M', 20, 4500, 489),
(127, '#EF5663', 'L', 20, 3900, 493),
(127, '#EF5663', 'M', 20, 3900, 491),
(127, '#F98140', 'L', 20, 3900, 494),
(127, '#F98140', 'M', 20, 3900, 492),
(128, '#FFFFFF', 'L', 20, 3500, 496),
(128, '#FFFFFF', 'M', 20, 3200, 495),
(129, '#313131', 'L', 20, 15000, 498),
(129, '#313131', 'M', 20, 15000, 497),
(130, '#E0D1AD', 'L', 20, 18000, 499),
(131, '#EF5663', 'L', 5, 26500, 500),
(132, '#FFFFFF', 'L', 20, 4080, 502),
(132, '#FFFFFF', 'M', 20, 4080, 501),
(133, '#4DBEE9', 'M', 20, 5500, 504),
(133, '#4DBEE9', 'S', 20, 5500, 503),
(134, '#AAB2BE', 'L', 20, 5500, 506),
(134, '#AAB2BE', 'M', 20, 5500, 505),
(135, '#AAB2BE', 'M', 20, 25000, 507),
(136, '#4DBEE9', 'M', 20, 3500, 509),
(136, '#4DBEE9', 'S', 20, 3500, 508),
(137, '#9ED563', 'L', 20, 8800, 511),
(137, '#9ED563', 'M', 20, 8800, 510),
(138, '#AAB2BE', 'L', 20, 3200, 513),
(138, '#AAB2BE', 'M', 20, 3200, 512),
(139, '#FFFFFF', 'S', 5, 2500, 514),
(140, '#81604C', 'L', 20, 20000, 516),
(140, '#81604C', 'M', 20, 20000, 515),
(141, '#FFFFFF', 'L', 20, 5500, 519),
(141, '#FFFFFF', 'M', 20, 5500, 518),
(141, '#FFFFFF', 'S', 20, 5500, 517),
(142, '#4DBEE9', 'L', 20, 12000, 524),
(142, '#4DBEE9', 'M', 20, 12000, 522),
(142, '#4DBEE9', 'S', 20, 12000, 520),
(142, '#AAB2BE', 'L', 20, 12000, 525),
(142, '#AAB2BE', 'M', 12, 12000, 523),
(142, '#AAB2BE', 'S', 20, 12000, 521),
(143, '#F98140', 'L', 20, 22000, 526),
(143, '#F98140', 'XL', 20, 22000, 527),
(144, '#FFFFFF', 'L', 20, 3800, 528),
(144, '#FFFFFF', 'M', 20, 3800, 529),
(145, '#4DBEE9', 'M', 20, 3800, 531),
(145, '#4DBEE9', 'S', 20, 3800, 530),
(146, '#313131', 'L', 20, 15000, 533),
(146, '#313131', 'M', 20, 15000, 532),
(147, '#4DBEE9', 'L', 20, 3000, 535),
(147, '#4DBEE9', 'M', 20, 3500, 534),
(148, '#313131', 'L', 20, 2500, 537),
(148, '#313131', 'M', 20, 2500, 536),
(149, '#313131', 'L', 20, 4200, 541),
(149, '#313131', 'M', 20, 4200, 538),
(149, '#81604C', 'L', 20, 4200, 543),
(149, '#81604C', 'M', 20, 4200, 540),
(149, '#9ED563', 'L', 20, 4200, 542),
(149, '#9ED563', 'M', 20, 4200, 539),
(150, '#FED14C', 'M', 20, 3600, 547),
(150, '#FED14C', 'S', 20, 3600, 545),
(150, '#FFFFFF', 'M', 20, 3600, 546),
(150, '#FFFFFF', 'S', 20, 3600, 544),
(151, '#4DBEE9', 'L', 20, 7500, 549),
(151, '#4DBEE9', 'M', 20, 7500, 548),
(152, '#313131', 'L', 20, 2500, 559),
(152, '#313131', 'M', 50, 2500, 555),
(152, '#313131', 'S', 50, 2500, 551),
(152, '#4DBEE9', 'L', 50, 2500, 560),
(152, '#4DBEE9', 'M', 20, 2500, 556),
(152, '#4DBEE9', 'S', 50, 2500, 552),
(152, '#EF5663', 'L', 50, 2500, 561),
(152, '#EF5663', 'M', 50, 2500, 557),
(152, '#EF5663', 'S', 50, 2500, 553),
(152, '#FFFFFF', 'L', 50, 2500, 558),
(152, '#FFFFFF', 'M', 50, 2500, 554),
(152, '#FFFFFF', 'S', 50, 2500, 550),
(153, '#313131', 'S', 20, 2000, 562),
(153, '#313131', 'XS', 20, 2000, 563),
(154, '#FED14C', 'L', 20, 12000, 567),
(154, '#FED14C', 'M', 20, 12000, 565),
(154, '#FFFFFF', 'L', 20, 12000, 566),
(154, '#FFFFFF', 'M', 20, 12000, 564),
(155, '#313131', 'L', 20, 18000, 569),
(155, '#313131', 'M', 20, 18000, 568),
(156, '#AAB2BE', 'S', 20, 3800, 571),
(156, '#AAB2BE', 'XS', 20, 3800, 570),
(157, '#81604C', 'L', 20, 6800, 575),
(157, '#81604C', 'M', 20, 6800, 573),
(157, '#9ED563', 'L', 20, 6800, 574),
(157, '#9ED563', 'M', 20, 6800, 572),
(158, '#81604C', 'M', 20, 6800, 578),
(158, '#81604C', 'S', 20, 6800, 576),
(158, '#9ED563', 'M', 20, 6800, 579),
(158, '#9ED563', 'S', 20, 6800, 577),
(159, '#81604C', 'L', 20, 3200, 585),
(159, '#81604C', 'M', 20, 3200, 581),
(159, '#9ED563', 'L', 20, 3200, 586),
(159, '#9ED563', 'M', 20, 3200, 582),
(159, '#AAB2BE', 'L', 20, 3200, 584),
(159, '#AAB2BE', 'M', 20, 3200, 580),
(159, '#FED14C', 'L', 20, 3200, 587),
(159, '#FED14C', 'M', 20, 3200, 583),
(160, '#FFFFFF', '2XL', 1, 2, 588);

-- --------------------------------------------------------

--
-- テーブルの構造 `messages`
--

CREATE TABLE `messages` (
  `message_id` int(11) NOT NULL,
  `room_id` int(11) NOT NULL,
  `user_id` varchar(255) DEFAULT NULL,
  `seller_id` varchar(255) DEFAULT NULL,
  `message_text` text DEFAULT NULL,
  `img_url` varchar(1024) DEFAULT NULL,
  `timestamp` timestamp NOT NULL DEFAULT current_timestamp()
) ENGINE=InnoDB DEFAULT CHARSET=utf8mb4 COLLATE=utf8mb4_general_ci;

--
-- テーブルのデータのダンプ `messages`
--

INSERT INTO `messages` (`message_id`, `room_id`, `user_id`, `seller_id`, `message_text`, `img_url`, `timestamp`) VALUES
(82, 2, 'test_user', NULL, 'hhhsehst', NULL, '2023-10-27 13:13:28'),
(83, 2, NULL, 'test_bank', 'hsths', NULL, '2023-10-27 13:14:21'),
(84, 2, 'test_user', NULL, 'yw45y', NULL, '2023-10-27 13:39:52'),
(85, 2, 'test_user', NULL, 'jeagijaergg', NULL, '2023-10-28 13:25:37'),
(86, 2, 'test_user', NULL, 'brneai', NULL, '2023-10-28 13:25:43'),
(87, 2, 'test_user', NULL, 'apaoema', NULL, '2023-10-28 13:25:44'),
(88, 2, 'test_user', NULL, 'aggma', NULL, '2023-10-28 13:25:45'),
(89, 2, 'test_user', NULL, 'avaem', NULL, '2023-10-28 13:25:46'),
(90, 2, 'test_user', NULL, 'テスト', NULL, '2023-10-28 13:26:04');

-- --------------------------------------------------------

--
-- テーブルの構造 `orders`
--

CREATE TABLE `orders` (
  `order_id` int(11) NOT NULL,
  `user_id` varchar(255) NOT NULL,
  `total` int(11) NOT NULL,
  `order_status` varchar(20) NOT NULL DEFAULT '入金待ち',
  `create_at` timestamp NOT NULL DEFAULT current_timestamp()
) ENGINE=InnoDB DEFAULT CHARSET=utf8mb4 COLLATE=utf8mb4_general_ci;

--
-- テーブルのデータのダンプ `orders`
--

INSERT INTO `orders` (`order_id`, `user_id`, `total`, `order_status`, `create_at`) VALUES
(1, 'test_user', 10000, '配達完了', '2023-11-06 07:41:37'),
(2, 'test_user', 5748, '配達完了', '2023-11-06 07:46:24'),
(3, 'test_user', 643, '配達完了', '2023-11-06 07:46:24'),
(4, 'test_user', 6436, '配達完了', '2023-11-06 07:46:24'),
(5, 'test_user', 326, '配達完了', '2023-11-06 07:46:24'),
(6, 'test_user', 5748, '配達完了', '2023-11-06 07:46:53'),
(7, 'test_user', 643, '配達完了', '2023-11-06 07:46:53'),
(8, 'test_user', 6436, '配達完了', '2023-11-06 07:46:53'),
(9, 'test_user', 326, '配達完了', '2023-11-06 07:46:53'),
(10, 'test_user', 5748, '配達完了', '2023-11-06 07:47:20'),
(11, 'test_user', 643, '配達完了', '2023-11-06 07:47:21'),
(12, 'test_user', 6436, '配達完了', '2023-11-06 07:47:21'),
(13, 'test_user', 326, '配達完了', '2023-11-06 07:47:21'),
(14, 'test_user', 875, '配達完了', '2023-11-06 07:47:21'),
(15, 'test_user', 8654, '配達完了', '2023-11-06 07:47:21'),
(16, 'test_user', 532, '配達完了', '2023-11-06 07:47:21'),
(17, 'test_user', 6544, '配達完了', '2023-11-06 07:47:21'),
(18, 'test_user', 19746, '配達完了', '2023-06-30 06:00:00'),
(19, 'test_user', 14746, '配達完了', '2024-01-26 06:00:00'),
(20, 'test_user', 2451, '配達完了', '2023-06-11 06:00:00'),
(21, 'test_user', 13858, '配達完了', '2023-10-10 06:00:00'),
(22, 'test_user', 41241, '配達完了', '2023-11-09 06:00:00'),
(23, 'test_user', 8859, '配達完了', '2023-09-15 06:00:00'),
(24, 'test_user', 47138, '配達完了', '2024-04-27 06:00:00'),
(25, 'test_user', 15881, '配達完了', '2023-09-05 06:00:00'),
(26, 'test_user', 27502, '配達完了', '2024-02-10 06:00:00'),
(27, 'test_user', 29599, '配達完了', '2024-05-11 06:00:00'),
(28, 'test_user', 14867, '配達完了', '2024-06-21 06:00:00'),
(29, 'test_user', 16069, '配達完了', '2024-08-03 06:00:00'),
(30, 'test_user', 27994, '配達完了', '2023-05-13 06:00:00'),
(31, 'test_user', 7625, '配達完了', '2023-09-30 06:00:00'),
(32, 'test_user', 42925, '配達完了', '2023-06-18 06:00:00'),
(33, 'test_user', 46940, '配達完了', '2024-01-11 06:00:00'),
(34, 'test_user', 5528, '配達完了', '2023-07-10 06:00:00'),
(35, 'test_user', 32578, '配達完了', '2024-01-29 06:00:00'),
(36, 'test_user', 19217, '配達完了', '2024-05-30 06:00:00'),
(37, 'test_user', 21923, '配達完了', '2024-01-06 06:00:00'),
(38, 'test_user', 43573, '配達完了', '2023-09-16 06:00:00'),
(39, 'test_user', 30585, '配達完了', '2024-08-31 06:00:00'),
(40, 'test_user', 38959, '配達完了', '2023-12-16 06:00:00'),
(41, 'test_user', 14949, '配達完了', '2024-01-10 06:00:00'),
(42, 'test_user', 4886, '配達完了', '2023-02-10 06:00:00'),
(43, 'test_user', 13609, '配達完了', '2023-02-07 06:00:00'),
(44, 'test_user', 14587, '配達完了', '2023-07-21 06:00:00'),
(45, 'test_user', 4666, '配達完了', '2023-07-13 06:00:00'),
(46, 'test_user', 7366, '配達完了', '2024-03-16 06:00:00'),
(47, 'test_user', 47950, '配達完了', '2023-07-26 06:00:00'),
(48, 'test_user', 44757, '配達完了', '2023-07-04 06:00:00'),
(49, 'test_user', 18827, '配達完了', '2024-06-03 06:00:00'),
(50, 'test_user', 4900, '配達完了', '2024-08-12 06:00:00'),
(51, 'test_user', 23657, '配達完了', '2024-04-01 06:00:00'),
(52, 'test_user', 5372, '配達完了', '2023-11-07 06:00:00'),
(53, 'test_user', 39148, '配達完了', '2024-10-05 06:00:00'),
(54, 'test_user', 19061, '配達完了', '2023-09-13 06:00:00'),
(55, 'test_user', 18658, '配達完了', '2023-11-02 06:00:00'),
(56, 'test_user', 32942, '配達完了', '2023-03-09 06:00:00'),
(57, 'test_user', 7970, '配達完了', '2023-12-17 06:00:00'),
(58, 'test_user', 4953, '配達完了', '2023-09-04 06:00:00'),
(59, 'test_user', 22367, '配達完了', '2023-08-08 06:00:00'),
(60, 'test_user', 30384, '配達完了', '2023-12-18 06:00:00'),
(61, 'test_user', 26001, '配達完了', '2023-10-09 06:00:00'),
(62, 'test_user', 20556, '配達完了', '2024-02-19 06:00:00'),
(63, 'test_user', 6555, '配達完了', '2023-12-25 06:00:00'),
(64, 'test_user', 39531, '配達完了', '2024-01-27 06:00:00'),
(65, 'test_user', 42091, '配達完了', '2024-05-23 06:00:00'),
(66, 'test_user', 27622, '配達完了', '2023-09-24 06:00:00'),
(67, 'test_user', 419, '配達完了', '2023-12-04 06:00:00'),
(68, 'test_user', 9361, '配達完了', '2023-07-27 06:00:00'),
(69, 'test_user', 24087, '配達完了', '2023-06-05 06:00:00'),
(70, 'test_user', 23398, '配達完了', '2024-02-13 06:00:00'),
(71, 'test_user', 27780, '配達完了', '2023-10-24 06:00:00'),
(72, 'test_user', 17238, '配達完了', '2024-01-04 06:00:00'),
(73, 'test_user', 27494, '配達完了', '2023-10-11 06:00:00'),
(74, 'test_user', 17235, '配達完了', '2023-10-16 06:00:00'),
(75, 'test_user', 30011, '配達完了', '2024-05-13 06:00:00'),
(76, 'test_user', 15100, '配達完了', '2024-06-23 06:00:00'),
(77, 'test_user', 16795, '配達完了', '2024-08-24 06:00:00'),
(78, 'test_user', 34524, '配達完了', '2023-01-01 06:00:00'),
(79, 'test_user', 47288, '配達完了', '2023-10-20 06:00:00'),
(80, 'test_user', 37758, '配達完了', '2023-10-12 06:00:00'),
(81, 'test_user', 41800, '配達完了', '2023-07-25 06:00:00'),
(82, 'test_user', 4373, '配達完了', '2023-10-22 06:00:00'),
(83, 'test_user', 6882, '配達完了', '2023-08-29 06:00:00'),
(84, 'test_user', 41401, '配達完了', '2023-11-21 06:00:00'),
(85, 'test_user', 24672, '配達完了', '2023-11-10 06:00:00'),
(86, 'test_user', 46157, '配達完了', '2024-06-08 06:00:00'),
(87, 'test_user', 4934, '配達完了', '2023-12-01 06:00:00'),
(88, 'test_user', 28318, '配達完了', '2024-02-22 06:00:00'),
(89, 'test_user', 43633, '配達完了', '2024-05-01 06:00:00'),
(90, 'test_user', 5700, '配達完了', '2023-02-19 06:00:00'),
(91, 'test_user', 17347, '配達完了', '2023-05-28 06:00:00'),
(92, 'test_user', 28295, '配達完了', '2024-01-09 06:00:00'),
(93, 'test_user', 31481, '配達完了', '2023-10-18 06:00:00'),
(94, 'test_user', 43479, '配達完了', '2024-01-07 06:00:00'),
(95, 'test_user', 42769, '配達完了', '2023-08-11 06:00:00'),
(96, 'test_user', 21289, '配達完了', '2024-01-10 06:00:00'),
(97, 'test_user', 19575, '配達完了', '2023-12-07 06:00:00'),
(98, 'test_user', 30311, '配達完了', '2024-08-16 06:00:00'),
(99, 'test_user', 49739, '配達完了', '2023-10-31 06:00:00'),
(100, 'test_user', 22228, '配達完了', '2024-10-17 06:00:00'),
(101, 'test_user', 24687, '配達完了', '2024-06-25 06:00:00'),
(102, 'test_user', 10949, '配達完了', '2023-09-10 06:00:00'),
(103, 'test_user', 40645, '配達完了', '2024-01-24 06:00:00'),
(104, 'test_user', 23698, '配達完了', '2023-08-01 06:00:00'),
(105, 'test_user', 34460, '配達完了', '2023-06-04 06:00:00'),
(106, 'test_user', 41457, '配達完了', '2023-12-07 06:00:00'),
(107, 'test_user', 27544, '配達完了', '2024-05-04 06:00:00'),
(108, 'test_user', 218, '配達完了', '2023-09-21 06:00:00'),
(109, 'test_user', 6244, '配達完了', '2024-07-08 06:00:00'),
(110, 'test_user', 16665, '配達完了', '2024-07-03 06:00:00'),
(111, 'test_user', 10433, '配達完了', '2024-04-06 06:00:00'),
(112, 'test_user', 48233, '配達完了', '2024-02-06 06:00:00'),
(113, 'test_user', 22535, '配達完了', '2024-05-11 06:00:00'),
(114, 'test_user', 46013, '配達完了', '2023-09-23 06:00:00'),
(115, 'test_user', 44384, '配達完了', '2023-05-01 06:00:00'),
(116, 'test_user', 29163, '配達完了', '2023-04-30 06:00:00'),
(117, 'test_user', 4636, '配達完了', '2024-03-14 06:00:00'),
(118, 'test_user', 25614, '配達完了', '2024-01-05 06:00:00'),
(119, 'test_user', 44943, '配達完了', '2023-11-04 06:00:00'),
(120, 'test_user', 23387, '配達完了', '2023-07-14 06:00:00'),
(121, 'test_user', 39865, '配達完了', '2024-06-11 06:00:00'),
(122, 'test_user', 46941, '配達完了', '2023-10-04 06:00:00'),
(123, 'test_user', 33101, '配達完了', '2023-10-08 06:00:00'),
(124, 'test_user', 6435, '配達完了', '2024-05-27 06:00:00'),
(125, 'test_user', 24354, '配達完了', '2024-08-15 06:00:00'),
(126, 'test_user', 23230, '配達完了', '2023-04-04 06:00:00'),
(127, 'test_user', 44913, '配達完了', '2023-10-19 06:00:00'),
(128, 'test_user', 44266, '配達完了', '2023-06-09 06:00:00'),
(129, 'test_user', 36835, '配達完了', '2024-02-03 06:00:00'),
(130, 'test_user', 1462, '配達完了', '2023-12-05 06:00:00'),
(131, 'test_user', 46254, '配達完了', '2024-03-24 06:00:00'),
(132, 'test_user', 15674, '配達完了', '2023-08-10 06:00:00'),
(133, 'test_user', 31505, '配達完了', '2024-05-20 06:00:00'),
(134, 'test_user', 7535, '配達完了', '2023-12-29 06:00:00'),
(135, 'test_user', 9607, '配達完了', '2024-09-19 06:00:00'),
(136, 'test_user', 14712, '配達完了', '2024-05-18 06:00:00'),
(137, 'test_user', 43063, '配達完了', '2024-07-27 06:00:00'),
(138, 'test_user', 29184, '配達完了', '2023-03-20 06:00:00'),
(139, 'test_user', 16891, '配達完了', '2023-02-13 06:00:00'),
(140, 'test_user', 8264, '配達完了', '2023-11-17 06:00:00'),
(141, 'test_user', 5004, '配達完了', '2023-08-03 06:00:00'),
(142, 'test_user', 20695, '配達完了', '2023-05-14 06:00:00'),
(143, 'test_user', 48172, '配達完了', '2024-02-08 06:00:00'),
(144, 'test_user', 29002, '配達完了', '2024-04-23 06:00:00'),
(145, 'test_user', 17485, '配達完了', '2023-11-15 06:00:00'),
(146, 'test_user', 21186, '配達完了', '2023-11-24 06:00:00'),
(147, 'test_user', 45165, '配達完了', '2024-07-22 06:00:00'),
(148, 'test_user', 17453, '配達完了', '2024-02-21 06:00:00'),
(149, 'test_user', 25120, '配達完了', '2024-06-29 06:00:00'),
(152, 'test_user', 7290, '配達完了', '2023-01-14 06:00:00'),
(154, 'test_user', 42362, '配達完了', '2023-02-18 06:00:00'),
(156, 'test_user', 39429, '配達完了', '2023-04-09 06:00:00'),
(158, 'test_user', 42683, '配達完了', '2023-01-28 06:00:00'),
(159, 'test_user', 25294, '配達完了', '2023-01-13 06:00:00'),
(160, 'test_user', 46427, '配達完了', '2023-08-09 06:00:00'),
(161, 'test_user', 4470, '配達完了', '2023-01-13 06:00:00'),
(170, 'test_user', 4730, '配達完了', '2023-07-14 06:00:00'),
(171, 'test_user', 3509, '配達完了', '2023-06-26 06:00:00'),
(172, 'test_user', 24108, '配達完了', '2023-01-10 06:00:00'),
(174, 'test_user', 35763, '配達完了', '2023-05-24 06:00:00'),
(175, 'test_user', 41359, '配達完了', '2024-01-13 06:00:00'),
(176, 'test_user', 13953, '配達完了', '2023-09-12 06:00:00'),
(177, 'test_user', 42869, '配達完了', '2023-11-30 06:00:00'),
(178, 'test_user', 38933, '配達完了', '2024-03-17 06:00:00'),
(179, 'test_user', 3893, '配達完了', '2024-02-25 06:00:00'),
(180, 'test_user', 23572, '配達完了', '2023-08-17 06:00:00'),
(181, 'test_user', 12816, '配達完了', '2024-06-15 06:00:00'),
(182, 'test_user', 31362, '配達完了', '2024-02-28 06:00:00'),
(183, 'test_user', 30524, '配達完了', '2024-04-20 06:00:00'),
(184, 'test_user', 47698, '配達完了', '2023-12-05 06:00:00'),
(185, 'test_user', 31541, '配達完了', '2024-10-08 06:00:00'),
(195, 'test_user', 18733, '配達完了', '2023-07-23 06:00:00'),
(196, 'test_user', 46949, '配達完了', '2023-02-01 06:00:00'),
(197, 'test_user', 23439, '配達完了', '2023-06-26 06:00:00'),
(198, 'test_user', 22799, '配達完了', '2023-07-24 06:00:00'),
(199, 'test_user', 22229, '配達完了', '2023-08-14 06:00:00'),
(200, 'test_user', 17153, '配達完了', '2023-04-08 06:00:00'),
(201, 'test_user', 25834, '配達完了', '2023-07-02 06:00:00'),
(202, 'test_user', 36462, '配達完了', '2024-03-15 06:00:00'),
(203, 'test_user', 10269, '配達完了', '2023-10-20 06:00:00'),
(204, 'test_user', 16950, '配達完了', '2024-01-06 06:00:00'),
(205, 'test_user', 29631, '配達完了', '2023-12-23 06:00:00'),
(206, 'test_user', 10430, '配達完了', '2024-07-06 06:00:00'),
(207, 'test_user', 31482, '配達完了', '2024-05-04 06:00:00'),
(208, 'test_user', 4282, '配達完了', '2024-06-21 06:00:00'),
(209, 'test_user', 48016, '配達完了', '2024-10-12 06:00:00'),
(215, 'test_user', 3047, '配達完了', '2023-04-28 06:00:00'),
(218, 'test_user', 11133, '配達完了', '2023-08-22 06:00:00'),
(220, 'test_user', 3710, '配達完了', '2023-10-09 06:00:00'),
(221, 'test_user', 23903, '配達完了', '2023-06-26 06:00:00'),
(222, 'test_user', 20766, '配達完了', '2023-05-13 06:00:00'),
(223, 'test_user', 29426, '配達完了', '2023-12-04 06:00:00'),
(224, 'test_user', 22185, '配達完了', '2023-11-07 06:00:00'),
(225, 'test_user', 6677, '配達完了', '2023-10-31 06:00:00'),
(226, 'test_user', 27199, '配達完了', '2024-04-11 06:00:00'),
(227, 'test_user', 6682, '配達完了', '2024-03-21 06:00:00'),
(228, 'test_user', 32169, '配達完了', '2024-04-13 06:00:00'),
(229, 'test_user', 1071, '配達完了', '2024-04-24 06:00:00'),
(230, 'test_user', 30818, '配達完了', '2024-07-14 06:00:00'),
(231, 'test_user', 25894, '配達完了', '2024-09-17 06:00:00'),
(232, 'test_user', 14627, '配達完了', '2024-05-20 06:00:00'),
(233, 'test_user', 44853, '配達完了', '2024-09-24 06:00:00'),
(238, 'test_user', 10503, '配達完了', '2023-04-06 06:00:00'),
(240, 'test_user', 48278, '配達完了', '2023-01-23 06:00:00'),
(241, 'test_user', 46993, '配達完了', '2023-07-30 06:00:00'),
(242, 'test_user', 8369, '配達完了', '2023-07-05 06:00:00'),
(244, 'test_user', 10072, '配達完了', '2023-08-14 06:00:00'),
(245, 'test_user', 16705, '配達完了', '2023-03-22 06:00:00'),
(246, 'test_user', 26744, '配達完了', '2023-10-01 06:00:00'),
(247, 'test_user', 7782, '配達完了', '2023-08-09 06:00:00'),
(248, 'test_user', 7160, '配達完了', '2023-04-23 06:00:00'),
(249, 'test_user', 16001, '配達完了', '2023-05-24 06:00:00'),
(250, 'test_user', 39568, '配達完了', '2023-10-31 06:00:00'),
(251, 'test_user', 7780, '配達完了', '2023-09-02 06:00:00'),
(252, 'test_user', 41702, '配達完了', '2023-11-19 06:00:00'),
(253, 'test_user', 22310, '配達完了', '2023-08-22 06:00:00'),
(254, 'test_user', 48567, '配達完了', '2024-05-01 06:00:00'),
(255, 'test_user', 21987, '配達完了', '2023-12-07 06:00:00'),
(256, 'test_user', 30645, '配達完了', '2024-05-02 06:00:00'),
(257, 'test_user', 34361, '配達完了', '2024-10-30 06:00:00'),
(264, 'test_user', 3885, '配達完了', '2023-06-10 06:00:00'),
(265, 'test_user', 24732, '配達完了', '2023-03-20 06:00:00'),
(266, 'test_user', 34942, '配達完了', '2023-04-01 06:00:00'),
(267, 'test_user', 41298, '配達完了', '2023-02-14 06:00:00'),
(268, 'test_user', 20183, '配達完了', '2023-09-20 06:00:00'),
(269, 'test_user', 11796, '配達完了', '2023-06-04 06:00:00'),
(270, 'test_user', 42466, '配達完了', '2023-09-17 06:00:00'),
(271, 'test_user', 692, '配達完了', '2024-01-06 06:00:00'),
(272, 'test_user', 30945, '配達完了', '2023-06-16 06:00:00'),
(273, 'test_user', 31724, '配達完了', '2023-07-10 06:00:00'),
(274, 'test_user', 24239, '配達完了', '2023-12-01 06:00:00'),
(275, 'test_user', 25029, '配達完了', '2024-02-21 06:00:00'),
(276, 'test_user', 7389, '配達完了', '2024-01-16 06:00:00'),
(277, 'test_user', 15127, '配達完了', '2024-06-10 06:00:00'),
(278, 'test_user', 20909, '配達完了', '2024-02-27 06:00:00'),
(279, 'test_user', 11116, '配達完了', '2024-05-15 06:00:00'),
(280, 'test_user', 23020, '配達完了', '2024-04-03 06:00:00'),
(281, 'test_user', 37330, '配達完了', '2024-05-14 06:00:00'),
(282, 'test_user', 26913, '配達完了', '2023-03-30 06:00:00'),
(283, 'test_user', 30832, '配達完了', '2023-06-05 06:00:00'),
(284, 'test_user', 43578, '配達完了', '2023-06-26 06:00:00'),
(285, 'test_user', 493, '配達完了', '2023-04-27 06:00:00'),
(286, 'test_user', 17161, '配達完了', '2023-10-26 06:00:00'),
(287, 'test_user', 21611, '配達完了', '2024-02-04 06:00:00'),
(288, 'test_user', 6155, '配達完了', '2024-01-21 06:00:00'),
(289, 'test_user', 22440, '配達完了', '2024-02-17 06:00:00'),
(290, 'test_user', 20969, '配達完了', '2024-02-06 06:00:00'),
(291, 'test_user', 46445, '配達完了', '2024-01-29 06:00:00'),
(292, 'test_user', 43734, '配達完了', '2024-03-16 06:00:00'),
(293, 'test_user', 12928, '配達完了', '2024-01-28 06:00:00'),
(294, 'test_user', 2016, '配達完了', '2023-09-16 06:00:00'),
(295, 'test_user', 21952, '配達完了', '2023-02-21 06:00:00'),
(296, 'test_user', 48937, '配達完了', '2023-11-16 06:00:00'),
(297, 'test_user', 32235, '配達完了', '2023-04-27 06:00:00'),
(298, 'test_user', 22021, '配達完了', '2024-04-20 06:00:00'),
(299, 'test_user', 28280, '配達完了', '2024-04-21 06:00:00'),
(300, 'test_user', 39119, '配達完了', '2023-09-19 06:00:00'),
(301, 'test_user', 38735, '配達完了', '2023-10-12 06:00:00'),
(302, 'test_user', 33884, '配達完了', '2024-06-13 06:00:00'),
(303, 'test_user', 45179, '配達完了', '2023-11-25 06:00:00'),
(304, 'test_user', 3448, '配達完了', '2024-09-15 06:00:00'),
(305, 'test_user', 8886, '配達完了', '2024-03-03 06:00:00'),
(306, 'test_user', 25112, '配達完了', '2023-05-08 06:00:00'),
(307, 'test_user', 12809, '配達完了', '2023-04-22 06:00:00'),
(308, 'test_user', 17367, '配達完了', '2023-03-24 06:00:00'),
(309, 'test_user', 14676, '配達完了', '2023-07-06 06:00:00'),
(310, 'test_user', 22539, '配達完了', '2023-10-13 06:00:00'),
(311, 'test_user', 46147, '配達完了', '2023-08-30 06:00:00'),
(312, 'test_user', 23944, '配達完了', '2024-02-20 06:00:00'),
(313, 'test_user', 39614, '配達完了', '2023-08-08 06:00:00'),
(314, 'test_user', 37163, '配達完了', '2024-04-22 06:00:00'),
(315, 'test_user', 49562, '配達完了', '2023-10-08 06:00:00'),
(316, 'test_user', 7216, '配達完了', '2024-06-24 06:00:00'),
(317, 'test_user', 41034, '配達完了', '2024-01-24 06:00:00'),
(318, 'test_user', 14700, '配達完了', '2023-01-05 06:00:00'),
(319, 'test_user', 9997, '配達完了', '2024-01-12 06:00:00'),
(320, 'test_user', 7643, '配達完了', '2024-01-27 06:00:00'),
(321, 'test_user', 5232, '配達完了', '2024-01-11 06:00:00'),
(322, 'test_user', 30618, '配達完了', '2024-01-12 06:00:00'),
(323, 'test_user', 34649, '配達完了', '2023-10-04 06:00:00'),
(324, 'test_user', 32772, '配達完了', '2023-09-24 06:00:00'),
(325, 'test_user', 10828, '配達完了', '2023-12-14 06:00:00'),
(326, 'test_user', 10774, '配達完了', '2024-08-14 06:00:00'),
(327, 'test_user', 7248, '配達完了', '2024-08-05 06:00:00'),
(328, 'test_user', 40749, '配達完了', '2024-05-09 06:00:00'),
(329, 'test_user', 9000, '配達完了', '2024-03-27 06:00:00'),
(330, 'test_user', 37930, '配達完了', '2023-05-08 06:00:00'),
(331, 'test_user', 24329, '配達完了', '2023-06-17 06:00:00'),
(332, 'test_user', 20878, '配達完了', '2024-02-13 06:00:00'),
(333, 'test_user', 27720, '配達完了', '2024-02-18 06:00:00'),
(334, 'test_user', 38767, '配達完了', '2023-07-16 06:00:00'),
(335, 'test_user', 37100, '配達完了', '2023-06-25 06:00:00'),
(336, 'test_user', 5981, '配達完了', '2023-11-19 06:00:00'),
(337, 'test_user', 29735, '配達完了', '2024-05-18 06:00:00'),
(338, 'test_user', 11124, '配達完了', '2024-05-15 06:00:00'),
(339, 'test_user', 43739, '配達完了', '2023-12-29 06:00:00'),
(340, 'test_user', 30928, '配達完了', '2024-03-05 06:00:00'),
(341, 'test_user', 43980, '配達完了', '2024-04-08 06:00:00'),
(342, 'test_user', 7260, '配達完了', '2023-08-27 06:00:00'),
(343, 'test_user', 42108, '配達完了', '2023-04-30 06:00:00'),
(344, 'test_user', 34704, '配達完了', '2023-11-24 06:00:00'),
(345, 'test_user', 30401, '配達完了', '2024-01-26 06:00:00'),
(346, 'test_user', 15277, '配達完了', '2023-05-18 06:00:00'),
(347, 'test_user', 16649, '配達完了', '2023-12-05 06:00:00'),
(348, 'test_user', 28825, '配達完了', '2023-10-31 06:00:00'),
(349, 'test_user', 47837, '配達完了', '2024-05-07 06:00:00'),
(350, 'test_user', 49463, '配達完了', '2024-04-17 06:00:00'),
(351, 'test_user', 9265, '配達完了', '2023-10-12 06:00:00'),
(352, 'test_user', 30859, '配達完了', '2024-10-23 06:00:00'),
(353, 'test_user', 2925, '配達完了', '2024-04-04 06:00:00'),
(354, 'test_user', 9007, '配達完了', '2023-03-25 06:00:00'),
(355, 'test_user', 31184, '配達完了', '2023-07-03 06:00:00'),
(356, 'test_user', 11433, '配達完了', '2024-01-16 06:00:00'),
(357, 'test_user', 36568, '配達完了', '2023-04-02 06:00:00'),
(358, 'test_user', 41885, '配達完了', '2023-06-30 06:00:00'),
(359, 'test_user', 16699, '配達完了', '2023-07-29 06:00:00'),
(360, 'test_user', 40317, '配達完了', '2024-01-15 06:00:00'),
(361, 'test_user', 15718, '配達完了', '2024-07-05 06:00:00'),
(362, 'test_user', 35792, '配達完了', '2024-06-12 06:00:00'),
(363, 'test_user', 38578, '配達完了', '2024-04-01 06:00:00'),
(364, 'test_user', 10858, '配達完了', '2024-05-24 06:00:00'),
(365, 'test_user', 9094, '配達完了', '2024-02-14 06:00:00'),
(366, 'test_user', 25060, '配達完了', '2023-11-16 06:00:00'),
(367, 'test_user', 44294, '配達完了', '2023-11-17 06:00:00'),
(368, 'test_user', 16032, '配達完了', '2023-05-17 06:00:00'),
(369, 'test_user', 5952, '配達完了', '2024-03-10 06:00:00'),
(370, 'test_user', 18799, '配達完了', '2023-05-14 06:00:00'),
(371, 'test_user', 3603, '配達完了', '2023-08-26 06:00:00'),
(372, 'test_user', 49266, '配達完了', '2023-09-13 06:00:00'),
(373, 'test_user', 3614, '配達完了', '2024-04-27 06:00:00'),
(374, 'test_user', 25271, '配達完了', '2023-12-16 06:00:00'),
(375, 'test_user', 47626, '配達完了', '2024-08-16 06:00:00'),
(376, 'test_user', 27456, '配達完了', '2023-12-07 06:00:00'),
(377, 'test_user', 43018, '配達完了', '2024-11-27 06:00:00'),
(378, 'test_user', 15437, '配達完了', '2023-07-25 06:00:00'),
(379, 'test_user', 45402, '配達完了', '2023-12-03 06:00:00'),
(380, 'test_user', 23699, '配達完了', '2024-01-04 06:00:00'),
(381, 'test_user', 41661, '配達完了', '2023-11-09 06:00:00'),
(382, 'test_user', 28261, '配達完了', '2024-04-24 06:00:00'),
(383, 'test_user', 12015, '配達完了', '2023-08-26 06:00:00'),
(384, 'test_user', 23930, '配達完了', '2024-03-01 06:00:00'),
(385, 'test_user', 46535, '配達完了', '2024-03-18 06:00:00'),
(386, 'test_user', 18779, '配達完了', '2024-08-21 06:00:00'),
(387, 'test_user', 37987, '配達完了', '2024-08-11 06:00:00'),
(388, 'test_user', 2732, '配達完了', '2024-07-02 06:00:00'),
(389, 'test_user', 10031, '配達完了', '2024-11-23 06:00:00'),
(390, 'test_user', 15989, '配達完了', '2023-08-23 06:00:00'),
(391, 'test_user', 13517, '配達完了', '2023-07-01 06:00:00'),
(392, 'test_user', 12911, '配達完了', '2023-03-18 06:00:00'),
(393, 'test_user', 23647, '配達完了', '2023-06-17 06:00:00'),
(394, 'test_user', 33098, '配達完了', '2023-12-27 06:00:00'),
(395, 'test_user', 16024, '配達完了', '2024-01-11 06:00:00'),
(396, 'test_user', 6575, '配達完了', '2024-04-17 06:00:00'),
(397, 'test_user', 30701, '配達完了', '2024-03-29 06:00:00'),
(398, 'test_user', 24140, '配達完了', '2024-01-30 06:00:00'),
(399, 'test_user', 32347, '配達完了', '2024-09-20 06:00:00'),
(400, 'test_user', 47323, '配達完了', '2024-08-17 06:00:00'),
(401, 'test_user', 8014, '配達完了', '2024-04-24 06:00:00'),
(402, 'test_user', 38690, '配達完了', '2023-06-13 06:00:00'),
(403, 'test_user', 46400, '配達完了', '2023-05-16 06:00:00'),
(404, 'test_user', 33379, '配達完了', '2023-08-17 06:00:00'),
(405, 'test_user', 16593, '配達完了', '2023-07-03 06:00:00'),
(406, 'test_user', 14852, '配達完了', '2024-01-13 06:00:00'),
(407, 'test_user', 32840, '配達完了', '2023-07-26 06:00:00'),
(408, 'test_user', 40287, '配達完了', '2024-01-21 06:00:00'),
(409, 'test_user', 19898, '配達完了', '2023-11-17 06:00:00'),
(410, 'test_user', 15476, '配達完了', '2024-04-22 06:00:00'),
(411, 'test_user', 14954, '配達完了', '2024-04-20 06:00:00'),
(412, 'test_user', 44838, '配達完了', '2024-08-20 06:00:00'),
(413, 'test_user', 17326, '配達完了', '2024-03-22 06:00:00'),
(414, 'test_user', 25642, '配達完了', '2023-08-18 06:00:00'),
(415, 'test_user', 31272, '配達完了', '2023-04-24 06:00:00'),
(416, 'test_user', 13379, '配達完了', '2023-10-23 06:00:00'),
(417, 'test_user', 22741, '配達完了', '2023-07-25 06:00:00'),
(418, 'test_user', 11664, '配達完了', '2023-07-14 06:00:00'),
(419, 'test_user', 16952, '配達完了', '2023-06-26 06:00:00'),
(420, 'test_user', 17111, '配達完了', '2023-12-27 06:00:00'),
(421, 'test_user', 22527, '配達完了', '2024-05-05 06:00:00'),
(422, 'test_user', 24010, '配達完了', '2023-10-07 06:00:00'),
(423, 'test_user', 3448, '配達完了', '2023-10-14 06:00:00'),
(424, 'test_user', 49415, '配達完了', '2024-08-26 06:00:00'),
(425, 'test_user', 7853, '配達完了', '2024-03-22 06:00:00'),
(426, 'test_user', 37498, '配達完了', '2023-02-05 06:00:00'),
(427, 'test_user', 12475, '配達完了', '2024-01-11 06:00:00'),
(428, 'test_user', 49545, '配達完了', '2023-04-09 06:00:00'),
(429, 'test_user', 29076, '配達完了', '2023-10-26 06:00:00'),
(430, 'test_user', 6538, '配達完了', '2024-04-02 06:00:00'),
(431, 'test_user', 12540, '配達完了', '2023-11-17 06:00:00'),
(432, 'test_user', 29414, '配達完了', '2024-01-11 06:00:00'),
(433, 'test_user', 45999, '配達完了', '2024-07-25 06:00:00'),
(434, 'test_user', 9247, '配達完了', '2024-08-14 06:00:00'),
(435, 'test_user', 11691, '配達完了', '2024-01-16 06:00:00'),
(436, 'test_user', 38910, '配達完了', '2023-11-01 06:00:00'),
(437, 'test_user', 34059, '配達完了', '2024-04-22 06:00:00'),
(438, 'test_user', 46930, '配達完了', '2023-07-02 06:00:00'),
(439, 'test_user', 35132, '配達完了', '2023-01-31 06:00:00'),
(440, 'test_user', 45130, '配達完了', '2023-08-31 06:00:00'),
(441, 'test_user', 41285, '配達完了', '2023-11-08 06:00:00'),
(442, 'test_user', 28238, '配達完了', '2024-04-28 06:00:00'),
(443, 'test_user', 14960, '配達完了', '2023-11-29 06:00:00'),
(444, 'test_user', 30088, '配達完了', '2024-01-01 06:00:00'),
(445, 'test_user', 37028, '配達完了', '2023-10-02 06:00:00'),
(446, 'test_user', 32744, '配達完了', '2024-05-30 06:00:00'),
(447, 'test_user', 38883, '配達完了', '2024-05-21 06:00:00'),
(448, 'test_user', 44069, '配達完了', '2024-04-22 06:00:00'),
(449, 'test_user', 37367, '配達完了', '2024-03-19 06:00:00'),
(450, 'test_user', 14580, '配達完了', '2023-11-10 06:00:00'),
(451, 'test_user', 42678, '配達完了', '2023-06-06 06:00:00'),
(452, 'test_user', 29646, '配達完了', '2023-10-03 06:00:00'),
(453, 'test_user', 29177, '配達完了', '2024-01-22 06:00:00'),
(454, 'test_user', 37535, '配達完了', '2023-04-19 06:00:00'),
(455, 'test_user', 580, '配達完了', '2024-03-23 06:00:00'),
(456, 'test_user', 23188, '配達完了', '2024-01-12 06:00:00'),
(457, 'test_user', 35360, '配達完了', '2024-03-03 06:00:00'),
(458, 'test_user', 13136, '配達完了', '2023-11-11 06:00:00'),
(459, 'test_user', 31336, '配達完了', '2023-12-12 06:00:00'),
(460, 'test_user', 27149, '配達完了', '2024-08-09 06:00:00'),
(461, 'test_user', 33813, '配達完了', '2024-08-17 06:00:00'),
(462, 'test_user', 48091, '配達完了', '2024-04-29 06:00:00'),
(463, 'test_user', 9419, '配達完了', '2023-09-11 06:00:00'),
(464, 'test_user', 46139, '配達完了', '2023-08-09 06:00:00'),
(465, 'test_user', 41867, '配達完了', '2023-10-13 06:00:00'),
(466, 'test_user', 30217, '配達完了', '2023-05-25 06:00:00'),
(467, 'test_user', 47313, '配達完了', '2023-08-08 06:00:00'),
(468, 'test_user', 26996, '配達完了', '2024-04-13 06:00:00'),
(469, 'test_user', 37096, '配達完了', '2023-08-02 06:00:00'),
(470, 'test_user', 11865, '配達完了', '2024-06-26 06:00:00'),
(471, 'test_user', 41556, '配達完了', '2024-02-03 06:00:00'),
(472, 'test_user', 32775, '配達完了', '2024-09-24 06:00:00'),
(473, 'test_user', 48711, '配達完了', '2024-09-25 06:00:00'),
(474, 'test_user', 30534, '配達完了', '2024-03-30 06:00:00'),
(475, 'test_user', 11041, '配達完了', '2023-02-07 06:00:00'),
(476, 'test_user', 14418, '配達完了', '2023-11-14 06:00:00'),
(477, 'test_user', 24573, '配達完了', '2023-12-04 06:00:00'),
(478, 'test_user', 37110, '配達完了', '2023-05-05 06:00:00'),
(479, 'test_user', 33928, '配達完了', '2024-02-04 06:00:00'),
(480, 'test_user', 10646, '配達完了', '2023-11-04 06:00:00'),
(481, 'test_user', 46909, '配達完了', '2023-07-22 06:00:00'),
(482, 'test_user', 45453, '配達完了', '2023-08-09 06:00:00'),
(483, 'test_user', 41430, '配達完了', '2024-05-21 06:00:00'),
(484, 'test_user', 28076, '配達完了', '2024-01-16 06:00:00'),
(485, 'test_user', 10568, '配達完了', '2024-08-30 06:00:00'),
(486, 'test_user', 48107, '配達完了', '2023-11-19 06:00:00'),
(487, 'test_user', 18912, '配達完了', '2024-08-23 06:00:00'),
(488, 'test_user', 26370, '配達完了', '2023-06-09 06:00:00'),
(489, 'test_user', 30813, '配達完了', '2023-11-05 06:00:00'),
(490, 'test_user', 48112, '配達完了', '2023-09-07 06:00:00'),
(491, 'test_user', 36798, '配達完了', '2023-05-08 06:00:00'),
(492, 'test_user', 16150, '配達完了', '2023-08-16 06:00:00'),
(493, 'test_user', 25662, '配達完了', '2024-02-02 06:00:00'),
(494, 'test_user', 42222, '配達完了', '2023-09-07 06:00:00'),
(495, 'test_user', 21256, '配達完了', '2024-02-16 06:00:00'),
(496, 'test_user', 23859, '配達完了', '2024-05-25 06:00:00'),
(497, 'test_user', 12012, '配達完了', '2024-09-28 06:00:00'),
(498, 'test_user', 13487, '配達完了', '2024-03-08 06:00:00'),
(499, 'test_user', 48151, '配達完了', '2024-08-30 06:00:00'),
(500, 'test_user', 31503, '配達完了', '2023-05-22 06:00:00'),
(501, 'test_user', 24226, '配達完了', '2023-12-30 06:00:00'),
(502, 'test_user', 26764, '配達完了', '2023-10-07 06:00:00'),
(503, 'test_user', 40482, '配達完了', '2024-02-27 06:00:00'),
(504, 'test_user', 28270, '配達完了', '2024-01-28 06:00:00'),
(505, 'test_user', 22793, '配達完了', '2024-02-11 06:00:00'),
(506, 'test_user', 28629, '配達完了', '2023-11-29 06:00:00'),
(507, 'test_user', 38810, '配達完了', '2023-11-17 06:00:00'),
(508, 'test_user', 29717, '配達完了', '2024-05-24 06:00:00'),
(509, 'test_user', 15340, '配達完了', '2023-09-29 06:00:00'),
(510, 'test_user', 24003, '配達完了', '2023-11-27 06:00:00'),
(511, 'test_user', 17998, '配達完了', '2024-02-24 06:00:00'),
(512, 'test_user', 25920, '配達完了', '2024-07-18 06:00:00'),
(513, 'test_user', 30504, '配達完了', '2023-02-24 06:00:00'),
(514, 'test_user', 46296, '配達完了', '2023-04-05 06:00:00'),
(515, 'test_user', 5086, '配達完了', '2024-02-21 06:00:00'),
(516, 'test_user', 29958, '配達完了', '2023-04-19 06:00:00'),
(517, 'test_user', 23425, '配達完了', '2023-07-05 06:00:00'),
(518, 'test_user', 25452, '配達完了', '2024-05-28 06:00:00'),
(519, 'test_user', 22758, '配達完了', '2023-10-12 06:00:00'),
(520, 'test_user', 3335, '配達完了', '2024-01-20 06:00:00'),
(521, 'test_user', 8539, '配達完了', '2024-02-04 06:00:00'),
(522, 'test_user', 32213, '配達完了', '2024-09-02 06:00:00'),
(523, 'test_user', 35188, '配達完了', '2024-07-25 06:00:00'),
(524, 'test_user', 28659, '配達完了', '2024-07-26 06:00:00'),
(525, 'test_user', 20819, '配達完了', '2023-05-30 06:00:00'),
(526, 'test_user', 11634, '配達完了', '2023-09-03 06:00:00'),
(527, 'test_user', 33676, '配達完了', '2023-06-05 06:00:00'),
(528, 'test_user', 35133, '配達完了', '2023-08-21 06:00:00'),
(529, 'test_user', 14441, '配達完了', '2023-04-02 06:00:00'),
(530, 'test_user', 8169, '配達完了', '2024-02-15 06:00:00'),
(531, 'test_user', 25245, '配達完了', '2023-07-16 06:00:00'),
(532, 'test_user', 6126, '配達完了', '2023-09-22 06:00:00'),
(533, 'test_user', 39194, '配達完了', '2023-10-22 06:00:00'),
(534, 'test_user', 39544, '配達完了', '2023-12-07 06:00:00'),
(535, 'test_user', 48587, '配達完了', '2023-10-18 06:00:00'),
(536, 'test_user', 17247, '配達完了', '2024-05-25 06:00:00'),
(537, 'test_user', 40400, '配達完了', '2024-03-31 06:00:00'),
(538, 'test_user', 12376, '配達完了', '2023-03-26 06:00:00'),
(539, 'test_user', 21539, '配達完了', '2023-07-14 06:00:00'),
(540, 'test_user', 47851, '配達完了', '2023-08-05 06:00:00'),
(541, 'test_user', 15321, '配達完了', '2023-06-21 06:00:00'),
(542, 'test_user', 10438, '配達完了', '2023-09-10 06:00:00'),
(543, 'test_user', 10431, '配達完了', '2024-05-08 06:00:00'),
(544, 'test_user', 4242, '配達完了', '2024-02-03 06:00:00'),
(545, 'test_user', 36718, '配達完了', '2024-06-15 06:00:00'),
(546, 'test_user', 9456, '配達完了', '2023-12-22 06:00:00'),
(547, 'test_user', 49198, '配達完了', '2024-09-24 06:00:00'),
(548, 'test_user', 49656, '配達完了', '2024-10-29 06:00:00'),
(549, 'test_user', 678, '配達完了', '2023-12-26 06:00:00'),
(550, 'test_user', 10962, '配達完了', '2023-09-09 06:00:00'),
(551, 'test_user', 11628, '配達完了', '2023-10-29 06:00:00'),
(552, 'test_user', 22277, '配達完了', '2023-10-28 06:00:00'),
(553, 'test_user', 18603, '配達完了', '2023-10-17 06:00:00'),
(554, 'test_user', 2955, '配達完了', '2023-08-20 06:00:00'),
(555, 'test_user', 38720, '配達完了', '2024-01-10 06:00:00'),
(556, 'test_user', 9081, '配達完了', '2024-03-19 06:00:00'),
(557, 'test_user', 24054, '配達完了', '2024-06-25 06:00:00'),
(558, 'test_user', 25291, '配達完了', '2024-02-20 06:00:00'),
(559, 'test_user', 14043, '配達完了', '2024-05-21 06:00:00'),
(560, 'test_user', 39185, '配達完了', '2024-06-27 06:00:00'),
(561, 'test_user', 18129, '配達完了', '2024-05-31 06:00:00'),
(562, 'test_user', 41782, '配達完了', '2024-05-02 06:00:00'),
(563, 'test_user', 30688, '配達完了', '2023-10-17 06:00:00'),
(564, 'test_user', 7024, '配達完了', '2023-05-25 06:00:00'),
(565, 'test_user', 7263, '配達完了', '2023-12-11 06:00:00'),
(566, 'test_user', 24778, '配達完了', '2023-05-13 06:00:00'),
(567, 'test_user', 5405, '配達完了', '2023-07-06 06:00:00'),
(568, 'test_user', 29693, '配達完了', '2023-10-30 06:00:00'),
(569, 'test_user', 15519, '配達完了', '2023-10-16 06:00:00'),
(570, 'test_user', 27627, '配達完了', '2024-06-13 06:00:00'),
(571, 'test_user', 35232, '配達完了', '2024-07-26 06:00:00'),
(572, 'test_user', 20764, '配達完了', '2024-02-07 06:00:00'),
(573, 'test_user', 27430, '配達完了', '2024-06-30 06:00:00'),
(574, 'test_user', 34287, '配達完了', '2024-05-04 06:00:00'),
(575, 'test_user', 20184, '配達完了', '2023-05-18 06:00:00'),
(576, 'test_user', 5479, '配達完了', '2023-02-25 06:00:00'),
(577, 'test_user', 22432, '配達完了', '2023-11-10 06:00:00'),
(578, 'test_user', 26893, '配達完了', '2023-07-09 06:00:00'),
(579, 'test_user', 9067, '配達完了', '2024-01-27 06:00:00'),
(580, 'test_user', 30237, '配達完了', '2023-11-11 06:00:00'),
(581, 'test_user', 42900, '配達完了', '2024-02-05 06:00:00'),
(582, 'test_user', 42958, '配達完了', '2023-09-24 06:00:00'),
(583, 'test_user', 30100, '配達完了', '2023-11-18 06:00:00'),
(584, 'test_user', 35281, '配達完了', '2024-04-13 06:00:00'),
(585, 'test_user', 49436, '配達完了', '2023-10-29 06:00:00'),
(586, 'test_user', 21749, '配達完了', '2024-10-05 06:00:00'),
(587, 'test_user', 18309, '配達完了', '2023-12-10 06:00:00'),
(588, 'test_user', 2125, '配達完了', '2023-02-15 06:00:00'),
(589, 'test_user', 25589, '配達完了', '2023-04-04 06:00:00'),
(590, 'test_user', 17061, '配達完了', '2023-05-04 06:00:00'),
(591, 'test_user', 43848, '配達完了', '2024-02-02 06:00:00'),
(592, 'test_user', 29556, '配達完了', '2023-10-01 06:00:00'),
(593, 'test_user', 16933, '配達完了', '2023-11-02 06:00:00'),
(594, 'test_user', 5709, '配達完了', '2023-10-14 06:00:00'),
(595, 'test_user', 6070, '配達完了', '2024-04-21 06:00:00'),
(596, 'test_user', 13947, '配達完了', '2023-11-15 06:00:00'),
(597, 'test_user', 10359, '配達完了', '2024-02-26 06:00:00'),
(598, 'test_user', 21285, '配達完了', '2024-09-23 06:00:00'),
(599, 'test_user', 11176, '配達完了', '2024-04-30 06:00:00'),
(600, 'test_user', 43429, '配達完了', '2023-09-24 06:00:00'),
(601, 'test_user', 15967, '配達完了', '2023-06-22 06:00:00'),
(602, 'test_user', 12507, '配達完了', '2023-03-28 06:00:00'),
(603, 'test_user', 43933, '配達完了', '2023-05-31 06:00:00'),
(604, 'test_user', 22164, '配達完了', '2024-01-19 06:00:00'),
(605, 'test_user', 25713, '配達完了', '2023-10-28 06:00:00'),
(606, 'test_user', 39060, '配達完了', '2024-02-26 06:00:00'),
(607, 'test_user', 10727, '配達完了', '2023-08-31 06:00:00'),
(608, 'test_user', 2260, '配達完了', '2023-08-16 06:00:00'),
(609, 'test_user', 46389, '配達完了', '2023-06-30 06:00:00'),
(610, 'test_user', 11048, '配達完了', '2023-09-06 06:00:00'),
(611, 'test_user', 42416, '配達完了', '2024-08-06 06:00:00'),
(612, 'test_user', 6469, '配達完了', '2024-08-02 06:00:00'),
(613, 'test_user', 41164, '配達完了', '2024-06-02 06:00:00'),
(614, 'test_user', 23881, '配達完了', '2024-07-13 06:00:00'),
(615, 'test_user', 33256, '配達完了', '2023-06-19 06:00:00'),
(616, 'test_user', 16925, '配達完了', '2023-05-17 06:00:00'),
(617, 'test_user', 22279, '配達完了', '2023-07-06 06:00:00'),
(618, 'test_user', 20968, '配達完了', '2023-04-15 06:00:00'),
(619, 'test_user', 47878, '配達完了', '2023-12-26 06:00:00'),
(620, 'test_user', 20965, '配達完了', '2023-07-14 06:00:00'),
(621, 'test_user', 17425, '配達完了', '2023-11-15 06:00:00'),
(622, 'test_user', 42378, '配達完了', '2023-09-06 06:00:00'),
(623, 'test_user', 48355, '配達完了', '2024-03-11 06:00:00'),
(624, 'test_user', 37347, '配達完了', '2023-11-22 06:00:00'),
(625, 'test_user', 24398, '配達完了', '2023-10-31 06:00:00'),
(626, 'test_user', 27422, '配達完了', '2024-08-24 06:00:00'),
(627, 'test_user', 23341, '配達完了', '2023-08-24 06:00:00'),
(628, 'test_user', 4759, '配達完了', '2023-08-11 06:00:00'),
(629, 'test_user', 30349, '配達完了', '2023-08-12 06:00:00'),
(630, 'test_user', 33801, '配達完了', '2023-04-12 06:00:00'),
(631, 'test_user', 19077, '配達完了', '2023-02-22 06:00:00'),
(632, 'test_user', 8255, '配達完了', '2023-10-19 06:00:00'),
(633, 'test_user', 35147, '配達完了', '2023-11-03 06:00:00'),
(634, 'test_user', 43487, '配達完了', '2023-11-20 06:00:00'),
(635, 'test_user', 9921, '配達完了', '2023-09-20 06:00:00'),
(636, 'test_user', 47122, '配達完了', '2024-04-13 06:00:00'),
(637, 'test_user', 6028, '配達完了', '2023-10-24 06:00:00'),
(638, 'test_user', 40426, '配達完了', '2024-01-02 06:00:00'),
(639, 'test_user', 13831, '配達完了', '2024-02-09 06:00:00'),
(640, 'test_user', 48955, '配達完了', '2024-08-21 06:00:00'),
(641, 'test_user', 5658, '配達完了', '2024-01-18 06:00:00'),
(642, 'test_user', 16910, '配達完了', '2023-04-13 06:00:00'),
(643, 'test_user', 20360, '配達完了', '2023-04-07 06:00:00'),
(644, 'test_user', 34643, '配達完了', '2024-01-28 06:00:00'),
(645, 'test_user', 24975, '配達完了', '2023-12-29 06:00:00'),
(646, 'test_user', 12735, '配達完了', '2023-05-07 06:00:00'),
(647, 'test_user', 17179, '配達完了', '2024-01-24 06:00:00'),
(648, 'test_user', 11791, '配達完了', '2023-09-17 06:00:00'),
(649, 'test_user', 19418, '配達完了', '2023-11-11 06:00:00'),
(650, 'test_user', 12814, '配達完了', '2024-02-03 06:00:00'),
(651, 'test_user', 18692, '配達完了', '2024-04-29 06:00:00'),
(652, 'test_user', 39812, '配達完了', '2024-01-23 06:00:00'),
(653, 'test_user', 38202, '配達完了', '2024-01-15 06:00:00'),
(654, 'test_user', 9934, '配達完了', '2023-09-28 06:00:00'),
(655, 'test_user', 19371, '配達完了', '2023-10-11 06:00:00'),
(657, 'test_user', 19783, '配達完了', '2023-11-28 06:00:00'),
(658, 'test_user', 18132, '配達完了', '2023-03-02 06:00:00'),
(659, 'test_user', 16452, '配達完了', '2023-07-22 06:00:00'),
(660, 'test_user', 49405, '配達完了', '2023-12-31 06:00:00'),
(661, 'test_user', 40621, '配達完了', '2024-02-14 06:00:00'),
(662, 'test_user', 27144, '配達完了', '2023-09-27 06:00:00'),
(663, 'test_user', 136, '配達完了', '2023-07-12 06:00:00'),
(664, 'test_user', 8288, '配達完了', '2024-04-20 06:00:00'),
(665, 'test_user', 6235, '配達完了', '2024-02-11 06:00:00'),
(666, 'test_user', 43864, '配達完了', '2023-10-12 06:00:00'),
(667, 'test_user', 27307, '配達完了', '2024-06-14 06:00:00'),
(668, 'test_user', 24057, '配達完了', '2024-06-11 06:00:00'),
(669, 'test_user', 11320, '配達完了', '2023-07-12 06:00:00'),
(670, 'test_user', 48566, '配達完了', '2023-05-08 06:00:00'),
(671, 'test_user', 20866, '配達完了', '2023-06-13 06:00:00'),
(672, 'test_user', 9353, '配達完了', '2023-04-26 06:00:00'),
(673, 'test_user', 39903, '配達完了', '2024-02-06 06:00:00'),
(674, 'test_user', 23986, '配達完了', '2023-06-27 06:00:00'),
(675, 'test_user', 46606, '配達完了', '2023-12-06 06:00:00'),
(676, 'test_user', 19627, '配達完了', '2024-03-23 06:00:00'),
(677, 'test_user', 3448, '配達完了', '2024-01-22 06:00:00'),
(678, 'test_user', 38872, '配達完了', '2024-06-10 06:00:00'),
(679, 'test_user', 7531, '配達完了', '2024-06-29 06:00:00'),
(680, 'test_user', 43230, '配達完了', '2024-03-30 06:00:00'),
(682, 'test_user', 35313, '配達完了', '2023-03-24 06:00:00'),
(683, 'test_user', 43163, '配達完了', '2023-01-15 06:00:00'),
(684, 'test_user', 2272, '配達完了', '2023-11-04 06:00:00'),
(685, 'test_user', 4696, '配達完了', '2024-01-05 06:00:00'),
(686, 'test_user', 18772, '配達完了', '2023-03-30 06:00:00'),
(687, 'test_user', 14391, '配達完了', '2023-06-08 06:00:00'),
(688, 'test_user', 4483, '配達完了', '2024-03-14 06:00:00'),
(689, 'test_user', 5648, '配達完了', '2024-05-06 06:00:00'),
(690, 'test_user', 16965, '配達完了', '2024-05-19 06:00:00'),
(691, 'test_user', 21502, '配達完了', '2024-01-22 06:00:00'),
(692, 'test_user', 5843, '配達完了', '2023-10-21 06:00:00'),
(693, 'test_user', 17498, '配達完了', '2024-01-28 06:00:00'),
(694, 'test_user', 29864, '配達完了', '2024-10-29 06:00:00'),
(695, 'test_user', 9930, '配達完了', '2024-11-28 06:00:00'),
(696, 'test_user', 19895, '配達完了', '2023-12-28 06:00:00'),
(697, 'test_user', 38629, '配達完了', '2023-12-19 06:00:00'),
(698, 'test_user', 4886, '配達完了', '2023-12-31 06:00:00'),
(699, 'test_user', 45177, '配達完了', '2024-03-29 06:00:00'),
(700, 'test_user', 14380, '配達完了', '2023-10-07 06:00:00'),
(701, 'test_user', 16625, '配達完了', '2023-10-04 06:00:00'),
(702, 'test_user', 36441, '配達完了', '2024-02-07 06:00:00'),
(703, 'test_user', 42755, '配達完了', '2024-01-11 06:00:00'),
(704, 'test_user', 34380, '配達完了', '2023-10-01 06:00:00'),
(705, 'test_user', 18415, '配達完了', '2024-04-29 06:00:00'),
(706, 'test_user', 40466, '配達完了', '2024-02-16 06:00:00'),
(707, 'test_user', 3105, '配達完了', '2024-04-30 06:00:00'),
(708, 'test_user', 2562, '配達完了', '2023-06-27 06:00:00'),
(709, 'test_user', 27494, '配達完了', '2023-05-11 06:00:00'),
(710, 'test_user', 49323, '配達完了', '2023-04-06 06:00:00'),
(711, 'test_user', 39680, '配達完了', '2023-11-30 06:00:00'),
(712, 'test_user', 10015, '配達完了', '2023-05-03 06:00:00'),
(713, 'test_user', 33157, '配達完了', '2023-09-19 06:00:00'),
(714, 'test_user', 39845, '配達完了', '2023-07-23 06:00:00'),
(715, 'test_user', 8642, '配達完了', '2024-04-02 06:00:00'),
(716, 'test_user', 5588, '配達完了', '2024-03-10 06:00:00'),
(717, 'test_user', 28384, '配達完了', '2023-12-28 06:00:00'),
(718, 'test_user', 38995, '配達完了', '2023-12-27 06:00:00'),
(719, 'test_user', 35453, '配達完了', '2023-12-24 06:00:00'),
(720, 'test_user', 22654, '配達完了', '2024-01-23 06:00:00'),
(721, 'test_user', 11331, '配達完了', '2024-01-05 06:00:00'),
(722, 'test_user', 11410, '配達完了', '2024-07-04 06:00:00'),
(723, 'test_user', 14795, '配達完了', '2023-09-09 06:00:00'),
(724, 'test_user', 28416, '配達完了', '2023-11-07 06:00:00'),
(725, 'test_user', 6740, '配達完了', '2023-07-13 06:00:00'),
(726, 'test_user', 22317, '配達完了', '2023-05-14 06:00:00'),
(727, 'test_user', 13352, '配達完了', '2024-04-18 06:00:00'),
(728, 'test_user', 2842, '配達完了', '2023-10-12 06:00:00'),
(729, 'test_user', 33820, '配達完了', '2023-10-07 06:00:00'),
(730, 'test_user', 17001, '配達完了', '2024-06-15 06:00:00'),
(731, 'test_user', 18635, '配達完了', '2023-11-22 06:00:00'),
(732, 'test_user', 1057, '配達完了', '2024-03-02 06:00:00'),
(733, 'test_user', 2351, '配達完了', '2024-10-18 06:00:00'),
(734, 'test_user', 35161, '配達完了', '2024-07-09 06:00:00'),
(735, 'test_user', 932, '配達完了', '2023-07-02 06:00:00'),
(736, 'test_user', 35562, '配達完了', '2023-02-15 06:00:00'),
(737, 'test_user', 17283, '配達完了', '2023-10-02 06:00:00'),
(738, 'test_user', 8312, '配達完了', '2023-04-22 06:00:00'),
(739, 'test_user', 2373, '配達完了', '2023-05-24 06:00:00'),
(740, 'test_user', 20281, '配達完了', '2023-04-05 06:00:00'),
(741, 'test_user', 13971, '配達完了', '2023-05-06 06:00:00'),
(742, 'test_user', 32913, '配達完了', '2024-04-26 06:00:00'),
(743, 'test_user', 49601, '配達完了', '2024-05-22 06:00:00'),
(744, 'test_user', 46199, '配達完了', '2024-03-04 06:00:00'),
(745, 'test_user', 31366, '配達完了', '2023-09-04 06:00:00'),
(746, 'test_user', 30165, '配達完了', '2024-05-21 06:00:00'),
(747, 'test_user', 40831, '配達完了', '2024-08-26 06:00:00'),
(748, 'test_user', 4300, '配達完了', '2024-07-15 06:00:00'),
(749, 'test_user', 14215, '配達完了', '2024-03-17 06:00:00'),
(750, 'test_user', 31377, '配達完了', '2023-04-01 06:00:00'),
(751, 'test_user', 18219, '配達完了', '2023-02-26 06:00:00'),
(752, 'test_user', 13771, '配達完了', '2023-04-25 06:00:00'),
(753, 'test_user', 47680, '配達完了', '2023-07-18 06:00:00'),
(754, 'test_user', 31972, '配達完了', '2023-08-16 06:00:00'),
(755, 'test_user', 28341, '配達完了', '2024-05-09 06:00:00'),
(756, 'test_user', 726, '配達完了', '2023-09-26 06:00:00'),
(757, 'test_user', 8728, '配達完了', '2023-09-20 06:00:00'),
(758, 'test_user', 9292, '配達完了', '2024-03-01 06:00:00'),
(759, 'test_user', 47985, '配達完了', '2024-01-13 06:00:00'),
(760, 'test_user', 28082, '配達完了', '2024-10-09 06:00:00'),
(761, 'test_user', 1691, '配達完了', '2024-04-01 06:00:00');

-- --------------------------------------------------------

--
-- テーブルの構造 `orders_detail`
--

CREATE TABLE `orders_detail` (
  `order_id` int(11) NOT NULL,
  `product_id` int(11) NOT NULL,
  `color_size_id` int(11) NOT NULL,
  `order_pieces` int(11) NOT NULL,
  `detail_total` int(11) NOT NULL
) ENGINE=InnoDB DEFAULT CHARSET=utf8mb4 COLLATE=utf8mb4_general_ci;

-- --------------------------------------------------------

--
-- テーブルの構造 `products`
--

CREATE TABLE `products` (
  `product_id` int(11) NOT NULL,
  `productname` varchar(255) NOT NULL,
  `view` varchar(255) DEFAULT NULL,
  `create_at` timestamp NOT NULL DEFAULT current_timestamp(),
  `seller_id` varchar(255) NOT NULL,
  `big_category_id` int(11) DEFAULT NULL,
  `category_id` int(11) DEFAULT NULL,
  `small_category` int(11) DEFAULT NULL,
  `quality` varchar(10) NOT NULL DEFAULT '新品・未使用'
) ENGINE=InnoDB DEFAULT CHARSET=utf8mb4 COLLATE=utf8mb4_general_ci;

--
-- テーブルのデータのダンプ `products`
--

INSERT INTO `products` (`product_id`, `productname`, `view`, `create_at`, `seller_id`, `big_category_id`, `category_id`, `small_category`, `quality`) VALUES
(1, 'サンプル', 'テスト項目', '2023-11-12 12:13:42', 'test_bank', 1, 1, 1, '新品・未使用'),
(2, 'サンプル2', 'テスト項目', '2023-11-12 12:15:35', 'test_bank', 2, 21, 174, '良品'),
(3, 'テスト', 'テスト項目', '2023-11-12 12:16:26', 'test_bank', 1, 11, 88, '不良'),
(4, 'テスト10', NULL, '2023-11-28 00:59:45', 'test_bank', 1, 1, 1, '新品・未使用'),
(5, 'a', 'a', '2023-12-05 01:06:47', 'test_bank', 1, 1, 1, '新品・未使用'),
(6, 'グラフィックプリントTシャツ', 'ストリートファッションにスタイルを加える。', '2023-11-06 16:22:36', 'test_bank', 2, 20, 162, '新品・未使用'),
(7, 'リネン素材リラックスフィットシャツ', '軽くて快適な夏の着こなし。', '2023-11-06 16:30:27', 'test_bank', 2, 20, 163, '新品・未使用'),
(8, 'ジャカードシャツ', '特別な機会のための贅沢な選択。', '2023-11-06 17:07:52', 'test_bank', 2, 20, 163, '新品・未使用'),
(9, 'チェック柄シャツ', 'カジュアルな週末のアクティビティに最適。', '2023-11-06 17:15:38', 'test_bank', 2, 20, 163, '新品・未使用'),
(10, 'ポロカラースポーツウェア', 'アクティブなスポーツやレジャー用に。', '2023-11-06 17:18:08', 'test_bank', 2, 20, 172, '新品・未使用'),
(11, 'ベーシックポロシャツ', 'シンプルでクラシックなデザイン。', '2023-11-06 17:25:02', 'test_bank', 2, 20, 164, '新品・未使用'),
(12, 'カラフルプリントポロシャツ', '明るいカラーで楽しいファッション。', '2023-11-06 17:34:44', 'test_bank', 2, 20, 164, '新品・未使用'),
(13, 'リラックスフィットゴルフポロ', 'ゴルフなどのアウトドアアクティビティに適しています。', '2023-11-06 17:38:25', 'test_bank', 2, 20, 164, '新品・未使用'),
(14, 'チェック柄ポロシャツ', 'カジュアルなデザインで個性をアピール。', '2023-11-06 17:40:35', 'test_bank', 2, 20, 164, '新品・未使用'),
(15, 'シルク混紡ドレスポロ', '上品なドレスコードに適したポロ。', '2023-11-06 17:43:10', 'test_bank', 1, 1, 3, '新品・未使用'),
(16, 'ベーシックカジュアルタンク', 'カジュアルな日常着に最適。', '2023-11-06 17:49:34', 'test_bank', 2, 20, 165, '新品・未使用'),
(17, 'スポーツ用パフォーマンスタンク', 'スポーツやフィットネスに適した高機能タンク。', '2023-11-06 17:51:32', 'test_bank', 2, 20, 165, '新品・未使用'),
(18, 'タートルネックセーター', ' 寒い日に暖かさを提供。', '2023-11-06 18:01:12', 'test_bank', 2, 20, 166, '新品・未使用'),
(19, 'パターン入りセーター', 'プリントデザインが魅力的。', '2023-11-06 18:04:51', 'test_bank', 2, 20, 166, '新品・未使用'),
(20, 'ボートネックウールニット', 'ウォームでエレガントなデザイン。', '2023-11-06 18:10:02', 'test_bank', 2, 20, 166, '新品・未使用'),
(21, 'ベーシックカジュアルパーカー', ' シンプルで快適な日常着。', '2023-11-06 18:14:19', 'test_bank', 2, 20, 167, '新品・未使用'),
(22, 'フリース裏地ウィンターパーカー', '暖かくて防寒性のあるデザイン。', '2023-11-06 18:22:33', 'test_bank', 2, 20, 167, '新品・未使用'),
(23, 'ボタンダウンポケットカーディガン', 'カジュアルなデザインで便利。', '2023-11-06 18:28:04', 'test_bank', 2, 20, 168, '新品・未使用'),
(24, 'フリース裏地ウィンターカーディガン', '冷たい季節に最適。', '2023-11-06 18:30:18', 'test_bank', 2, 20, 168, '新品・未使用'),
(25, ' ストライプ柄ビジネスシャツ', '凄くいい、めっちゃやばい', '2023-11-09 16:00:14', 'test_bank', 1, 1, 3, '新品・未使用'),
(26, 'ベーシックブラックレザージャケット', 'クラシックなスタイルで汎用性が高い。', '2023-11-13 17:09:20', 'test_bank', 1, 2, 9, '新品・未使用'),
(27, 'バイカージャケット', 'バイカースタイルでカッコ良さをアピール。', '2023-11-13 17:10:38', 'test_bank', 2, 21, 176, '新品・未使用'),
(28, 'ヴィンテージブラウンレザージャケット', ' ヴィンテージ風の魅力。', '2023-11-13 17:12:10', 'test_bank', 1, 2, 9, '新品・未使用'),
(29, 'モトクロススタイルレザージャケット', ' レースやモトクロスにインスパイア。', '2023-11-13 17:16:15', 'test_bank', 2, 21, 176, '新品・未使用'),
(30, ' ダブルライダースレザージャケット', 'エレガントなダブルファスナースタイル。', '2023-11-13 17:17:33', 'test_bank', 2, 21, 176, '新品・未使用'),
(31, 'フードつきカジュアルレザージャケット', 'カジュアルなデザインで暖かさを提供。', '2023-11-13 17:19:05', 'test_bank', 1, 2, 9, '新品・未使用'),
(32, 'シャーリングカラーファーコラーレザージャケット', 'ファーコラーが高級感を加える。', '2023-11-13 17:23:06', 'test_bank', 2, 21, 176, '新品・未使用'),
(33, 'レーシングストライプアクションレザージャケット', ': レーシングストライプでスポーティ。', '2023-11-13 17:25:15', 'test_bank', 2, 21, 176, '新品・未使用'),
(34, 'カラフルプリントレザージャケット', '個性的なプリントが魅力的。', '2023-11-13 17:27:33', 'test_bank', 1, 2, 9, '新品・未使用'),
(35, 'シルクライニングエレガントレザージャケット', '上品でエレガントなスタイル。', '2023-11-13 17:28:48', 'test_bank', 1, 2, 9, '新品・未使用'),
(36, 'ベーシックダウンジャケット', ' シンプルなスタイルで暖かさを提供。', '2023-11-13 17:31:54', 'test_bank', 2, 21, 177, '新品・未使用'),
(37, 'ベーシックダウンジャケット', ' シンプルなスタイルで暖かさを提供。', '2023-11-13 17:33:10', 'test_bank', 1, 2, 9, '新品・未使用'),
(38, 'ロングダウンコート', '寒い季節に全身を包むウォームコート。', '2023-11-13 17:34:39', 'test_bank', 1, 2, 10, '新品・未使用'),
(39, 'ロングダウンコート', ' 寒い季節に全身を包むウォームコート。', '2023-11-13 17:36:08', 'test_bank', 2, 21, 177, '新品・未使用'),
(40, 'ボックスキルトダウンジャケット', 'キルト模様が特徴的。', '2023-11-13 17:39:54', 'test_bank', 2, 21, 177, '新品・未使用'),
(41, 'ファーコラーダウンジャケット', 'ファーコラーで高級感を加える。', '2023-11-13 17:41:46', 'test_bank', 1, 2, 10, '新品・未使用'),
(42, 'シャーリングカフスダウンジャケット', 'シャーリングカフスがスタイリッシュ。', '2023-11-13 17:43:36', 'test_bank', 1, 2, 10, '新品・未使用'),
(43, 'カモフラージュプリントダウンジャケット', 'カモ柄で個性をアピール。', '2023-11-13 17:46:29', 'test_bank', 2, 21, 177, '新品・未使用'),
(44, 'グラフィックデザインダウンジャケット', 'アートデザインが魅力的。', '2023-11-13 17:48:27', 'test_bank', 1, 2, 10, '新品・未使用'),
(45, 'クラシックベージュトレンチコート', 'タイムレスなデザインで上品な外観。', '2023-11-13 17:52:15', 'test_bank', 1, 2, 13, '新品・未使用'),
(46, 'ダブルブレストネイビートレンチコート', 'エレガントなダブルブレストスタイル。', '2023-11-13 17:53:45', 'test_bank', 1, 2, 13, '新品・未使用'),
(47, 'ダブルブレストネイビートレンチコート', 'エレガントなダブルブレストスタイル。', '2023-11-13 17:54:51', 'test_bank', 2, 21, 188, '新品・未使用'),
(48, 'ロングライダーストレンチコート', 'バイカースタイルとトレンチの融合。', '2023-11-13 17:59:05', 'test_bank', 1, 2, 13, '新品・未使用'),
(49, 'フードつきカジュアルトレンチコート', 'カジュアルなデザインで多目的。', '2023-11-13 18:00:52', 'test_bank', 1, 2, 13, '新品・未使用'),
(50, 'パターン入りプリントトレンチコート', '個性的なプリントが魅力的。', '2023-11-13 18:02:33', 'test_bank', 1, 2, 13, '新品・未使用'),
(51, 'シルク混紡エレガントトレンチコート', '上品なシルク素材で高級感を加える。', '2023-11-13 18:29:50', 'test_bank', 1, 2, 13, '新品・未使用'),
(52, 'シャーリングベルトトレンチコート', 'ウエストベルトが女性らしい。', '2023-11-20 15:27:15', 'test_bank', 1, 2, 13, '新品・未使用'),
(53, 'フローラルプリントトレンチコート', '春や夏のファッションに。', '2023-11-20 15:28:08', 'test_bank', 1, 2, 13, '新品・未使用'),
(54, 'カラフルカモフラージュトレンチコート', 'カモ柄で個性をアピール。', '2023-11-20 15:29:53', 'test_bank', 1, 2, 13, '新品・未使用'),
(55, 'ヴィンテージ風トレンチコート', 'レトロなスタイルを楽しむ。', '2023-11-20 15:30:36', 'test_bank', 1, 2, 13, '新品・未使用'),
(56, 'ベーシックプレーンミニスカート', 'シンプルながらもスタイリッシュなベーシックデザイン。', '2023-11-20 15:33:29', 'test_bank', 1, 4, 34, '新品・未使用'),
(57, 'デニムミニスカート', 'カジュアルで万能なデニム素材のミニスカート。', '2023-11-20 15:34:24', 'test_bank', 1, 4, 34, '新品・未使用'),
(58, 'プリーツミニスカート', '女性らしいプリーツデザインが魅力的。', '2023-11-20 15:35:26', 'test_bank', 1, 4, 34, '新品・未使用'),
(59, 'レザーミニスカート', 'エッジの効いたレザー素材で大人っぽさを演出。', '2023-11-20 15:36:59', 'test_bank', 1, 4, 34, '新品・未使用'),
(60, 'フローラルプリントミニスカート', '春や夏にぴったりな鮮やかなフラワープリント。', '2023-11-20 15:38:33', 'test_bank', 1, 4, 34, '新品・未使用'),
(61, 'チェック柄ミニスカート', 'カジュアルでトレンディなチェック柄。', '2023-11-20 15:39:37', 'test_bank', 1, 4, 34, '新品・未使用'),
(62, 'ボディコンミニスカート', 'ボディコンシェイプにフィットするセクシーなデザイン。', '2023-11-20 15:41:27', 'test_bank', 1, 4, 34, '新品・未使用'),
(63, 'タイトスカート', 'シンプルでオフィスやカジュアルな着こなしに適したタイトスカート。', '2023-11-20 15:42:55', 'test_bank', 1, 4, 34, '新品・未使用'),
(64, 'ヴィンテージ風ミニスカート', 'レトロな雰囲気漂うヴィンテージスタイル。', '2023-11-20 15:43:56', 'test_bank', 1, 4, 34, '新品・未使用'),
(65, 'メタリックプリントミニスカート', '輝くメタリックプリントが目を引くデザイン。', '2023-11-20 15:44:59', 'test_bank', 1, 4, 34, '新品・未使用'),
(66, 'ベーシックカジュアルベスト', 'カジュアルなデザインで日常着に最適。', '2023-11-20 15:48:19', 'test_bank', 2, 20, 171, '新品・未使用'),
(67, 'デニムベスト', 'カジュアルでスタイリッシュなデニム素材のベスト。', '2023-11-20 15:49:38', 'test_bank', 2, 20, 171, '新品・未使用'),
(68, 'レザーモトクロスベスト', 'バイカースタイルにインスパイアされたレザーベスト。', '2023-11-20 15:50:50', 'test_bank', 2, 20, 171, '新品・未使用'),
(69, 'フリンジデザインベスト', 'フリンジがアクセントのボヘミアンなデザイン。', '2023-11-20 15:52:09', 'test_bank', 2, 20, 171, '新品・未使用'),
(70, 'ダウンフィルベスト', '寒い季節に暖かさを提供するダウンフィル素材。', '2023-11-20 15:54:56', 'test_bank', 2, 20, 171, '新品・未使用'),
(71, 'カラーブロックアスレジャーベスト', 'スポーティでアスレジャースタイルなデザイン。', '2023-11-20 15:57:00', 'test_bank', 2, 20, 171, '新品・未使用'),
(72, 'プリントデザインベスト', '個性的なプリントが目を引くデザイン。', '2023-11-20 15:58:33', 'test_bank', 2, 20, 171, '新品・未使用'),
(73, 'フードつきカジュアルベスト', 'カジュアルなスタイルでフードが付いている。', '2023-11-20 16:00:32', 'test_bank', 2, 20, 171, '新品・未使用'),
(74, 'ニットベスト', '温かみのあるニット素材で秋冬に最適。', '2023-11-20 16:02:06', 'test_bank', 2, 20, 171, '新品・未使用'),
(75, 'ニットベスト', '温かみのあるニット素材で秋冬に最適。', '2023-11-20 16:04:32', 'test_bank', 2, 20, 171, '新品・未使用'),
(76, 'クラシックベージュフライトジャケット', 'タイムレスなデザインでカジュアルに着こなせる。', '2023-11-20 16:11:49', 'test_bank', 2, 21, 183, '新品・未使用'),
(77, 'シンプルプレーンTシャツ', 'シンプルながらも快適な着心地のプレーンTシャツ。', '2023-11-23 15:22:30', 'test_bank', 1, 1, 1, '新品・未使用'),
(78, 'グラフィックプリントカジュアルTシャツ', 'ユニークなグラフィックプリントが目を引く。', '2023-11-23 15:24:48', 'test_bank', 1, 1, 1, '新品・未使用'),
(79, 'ストライプ柄半袖カットソー', 'カジュアルで爽やかなストライプ柄。', '2023-11-23 15:25:59', 'test_bank', 1, 1, 1, '新品・未使用'),
(80, 'ベーシックタンクトップ', '夏のシーズンに最適なシンプルなタンクトップ。', '2023-11-23 15:26:43', 'test_bank', 1, 1, 1, '新品・未使用'),
(81, 'ヴィンテージロゴ袖なしTシャツ', 'ヴィンテージ風のロゴが印象的な袖なしTシャツ。', '2023-11-23 15:32:23', 'test_bank', 1, 1, 1, '新品・未使用'),
(82, 'フローラル刺繍カットソー', '花の刺繍が施された女性らしいデザイン。', '2023-11-23 15:33:51', 'test_bank', 1, 1, 1, '新品・未使用'),
(83, 'カモフラージュ袖ありTシャツ', 'カモ柄がアクセントのカジュアルなTシャツ。', '2023-11-23 15:35:04', 'test_bank', 1, 1, 1, '新品・未使用'),
(84, 'レーストリム袖なしカットソー', '袖なしでありながらレーストリムが女性らしい。', '2023-11-23 15:39:30', 'test_bank', 1, 1, 1, '新品・未使用'),
(85, 'シンプルプレーンTシャツ', 'シンプルで着回しやすい基本のTシャツ。', '2023-11-23 15:41:53', 'test_bank', 2, 20, 161, '新品・未使用'),
(86, 'グラフィックプリントカジュアルTシャツ', 'ユニークなグラフィックプリントが目を引く。', '2023-11-23 15:43:05', 'test_bank', 2, 20, 161, '新品・未使用'),
(87, 'ストライプ柄半袖カットソー', 'カジュアルで爽やかなストライプ柄。', '2023-11-23 15:43:59', 'test_bank', 2, 20, 161, '新品・未使用'),
(88, 'ベーシックタンクトップ', '夏のシーズンに最適なシンプルなタンクトップ。', '2023-11-23 15:47:00', 'test_bank', 2, 20, 161, '新品・未使用'),
(89, 'ヴィンテージロゴ袖なしTシャツ', 'ヴィンテージ風のロゴが印象的な袖なしTシャツ。', '2023-11-23 15:47:56', 'test_bank', 2, 20, 161, '新品・未使用'),
(90, 'レースアップサイドカットソー', 'サイドにレースアップが施された個性的なデザイン。', '2023-11-23 15:49:01', 'test_bank', 2, 20, 161, '新品・未使用'),
(91, 'ボーダーパターンハイネックTシャツ', 'ハイネックでおしゃれな印象のボーダーパターン。\r\n\r\n', '2023-11-23 15:50:29', 'test_bank', 2, 20, 161, '新品・未使用'),
(92, 'グラデーション柄カットソー', '色味の変化が特徴的なグラデーション柄。', '2023-11-23 15:53:35', 'test_bank', 2, 20, 161, '新品・未使用'),
(93, 'カモフラージュ袖ありTシャツ', 'カモ柄がアクセントのカジュアルなTシャツ。', '2023-11-23 15:54:28', 'test_bank', 2, 20, 161, '新品・未使用'),
(94, 'クラシックホワイトローカットスニーカー', 'シンプルで汎用性の高い白のローカットスニーカー。', '2023-11-23 16:07:49', 'test_bank', 2, 23, 212, '不良'),
(95, 'テクニカルランニングシューズ', 'ハイテクな素材とデザインでランニングに最適。', '2023-11-23 16:15:17', 'test_bank', 2, 23, 212, 'やや傷あり'),
(96, 'カジュアルデニムハイカットスニーカー', 'デニム素材がカジュアルでスタイリッシュな印象。', '2023-11-23 16:16:21', 'test_bank', 2, 23, 212, '新品・未使用'),
(97, 'ストリートスタイルハイトップスニーカー', 'ストリートファッションにマッチするハイトップスタイル。', '2023-11-23 16:21:10', 'test_bank', 2, 23, 212, '新品・未使用'),
(98, 'カラーブロックレトロランニングシューズ', 'レトロなデザインとカラーブロックが特徴。', '2023-11-23 16:27:01', 'test_bank', 2, 23, 212, 'やや傷あり'),
(99, 'パンツ - ガウチョパンツ', ' シンプルベーシックガウチョパンツ', '2023-11-23 16:33:08', 'test_bank', 1, 3, 32, '良品'),
(100, 'フローラルプリントワイドレッグガウチョ', '華やかなフローラルプリントが特徴の広がりのあるガウチョ。', '2023-11-23 16:36:23', 'test_bank', 1, 3, 32, '良品'),
(101, 'ハイウエストリボンタイガウチョ', 'ウエストのリボンタイが女性らしい印象のハイウエストガウチョ。', '2023-11-23 16:37:40', 'test_bank', 1, 3, 32, '良品'),
(102, 'デニム風ストレッチガウチョ', 'デニム風の素材で快適なストレッチ性を備えたガウチョ。', '2023-11-23 16:40:31', 'test_bank', 1, 3, 32, '不良'),
(103, 'レースアップサイドデザインガウチョ', 'サイドにレースアップが施されたエレガントなデザイン。', '2023-11-23 16:46:17', 'test_bank', 1, 3, 32, '良品'),
(104, 'カジュアルストライプガウチョ', 'カジュアルなストライプ柄がおしゃれなガウチョ。', '2023-11-23 16:48:29', 'test_bank', 1, 3, 32, '良品'),
(105, 'ボーダープリントカジュアルガウチョ', 'カジュアルで軽快な印象のボーダープリントガウチョ。', '2023-11-23 16:50:20', 'test_bank', 1, 3, 32, '良品'),
(106, 'クラシックブラックレザージャケット', '汎用性の高いクラシックなブラックレザージャケット。', '2023-11-23 17:13:04', 'test_bank', 2, 21, 176, '新品・未使用'),
(107, 'バイカースタイルスタッズレザージャケット', 'バイカー風のデザインにスタッズがアクセント。', '2023-11-23 17:16:21', 'test_bank', 2, 21, 176, '新品・未使用'),
(108, 'バイカースタイルスタッズレザージャケット', 'バイカー風のデザインにスタッズがアクセント', '2023-11-23 17:21:34', 'test_bank', 2, 21, 176, '新品・未使用'),
(109, 'フードつきライダースレザージャケット', 'スタイリッシュなライダースデザインにフードがついたジャケット。', '2023-11-23 17:26:11', 'test_bank', 2, 21, 176, '良品'),
(110, 'ヴィンテージ風ブラウンレザージャケット', 'ヴィンテージ風のブラウンカラーが渋い雰囲気。', '2023-11-23 17:30:06', 'test_bank', 2, 21, 176, 'やや傷あり'),
(111, ' レーサースタイルパッチワークレザージャケット', 'レーサースタイルのパッチワークが個性的なデザイン。', '2023-11-23 17:34:48', 'test_bank', 2, 21, 176, '新品・未使用'),
(112, ' レーサースタイルパッチワークレザージャケット', 'レーサースタイルのパッチワークが個性的なデザイン。', '2023-11-23 17:34:54', 'test_bank', 2, 21, 176, '新品・未使用'),
(113, 'レッドカラーブルゾンレザージャケット', 'レッドのカラーが目を引くスポーティなブルゾンスタイル。', '2023-11-23 17:43:41', 'test_bank', 2, 21, 176, '新品・未使用'),
(114, 'レッドのカラーが目を引くスポーティなブルゾンスタイル。', 'レッドのカラーが目を引くスポーティなブルゾンスタイル。', '2023-11-23 17:55:07', 'test_bank', 2, 21, 176, '新品・未使用'),
(115, ' レザーパーカーコンビネーションジャケット', 'レザーとパーカーが組み合わさったユニークなデザイン。', '2023-11-23 17:57:12', 'test_bank', 2, 21, 176, '新品・未使用'),
(116, ' レザーパーカーコンビネーションジャケット', 'レザーとパーカーが組み合わさったユニークなデザイン。', '2023-11-23 17:57:17', 'test_bank', 2, 21, 176, '新品・未使用'),
(117, 'ベーシッククルーネックスウェット', 'シンプルなデザインで、どんなスタイルにも合わせやすいクルーネックスウェット。', '2023-11-23 18:15:32', 'test_bank', 2, 20, 169, '新品・未使用'),
(118, 'グラフィックプリントスウェット', 'ユニークなグラフィックがプリントされたスタイリッシュなスウェット。', '2023-11-23 18:18:31', 'test_bank', 2, 20, 169, '新品・未使用'),
(119, 'フリース裏地フードつきスウェット', '暖かいフリース裏地とフードがついた寒い日に最適なスウェット。', '2023-11-23 18:25:03', 'test_bank', 2, 20, 169, '新品・未使用'),
(120, 'シンプルなプレーンロングスカート', 'カジュアルからフォーマルまで幅広く活躍するシンプルなデザイン。', '2023-11-23 18:57:41', 'test_bank', 1, 4, 36, '良品'),
(121, 'フローラルプリントマキシスカート', '華やかなフローラルプリントが特徴的なロングマキシスカート。', '2023-11-23 19:03:11', 'test_bank', 1, 4, 36, '良品'),
(122, 'プリーツデザインイブニングスカート', 'エレガントなイブニングスタイルにぴったりのプリーツデザイン。', '2023-11-23 19:09:39', 'test_bank', 1, 4, 36, '不良'),
(123, 'デニム風ボタンフロントロングスカート', 'デニム風の素材とボタンフロントがおしゃれなロングスカート。', '2023-11-23 19:12:37', 'test_bank', 1, 4, 34, '新品・未使用'),
(124, 'ヴィンテージ風ティアードスカート', 'ヴィンテージ感漂うティアードデザインが魅力のスカート。', '2023-11-23 19:15:39', 'test_bank', 1, 4, 36, '良品'),
(125, 'ヴィンテージ風ティアードスカート', 'ヴィンテージ感漂うティアードデザインが魅力のスカート。', '2023-11-23 19:18:21', 'test_bank', 1, 4, 36, '新品・未使用'),
(126, 'レーストリムボヘミアンスカート', 'ボヘミアンな雰囲気を醸し出すレーストリムがついたスカート。', '2023-11-23 19:22:20', 'test_bank', 1, 4, 36, '良品'),
(127, 'タータンチェックプリーツロングスカート', 'クラシックなタータンチェック柄とプリーツが特徴のロングスカート。', '2023-11-23 19:24:01', 'test_bank', 1, 4, 36, 'やや傷あり'),
(128, 'シンプルなシルク調ロングスカート', 'シルク調の滑らかな質感が魅力のシンプルなロングスカート。', '2023-11-23 19:39:33', 'test_bank', 1, 4, 36, '良品'),
(129, 'クラシックブラックスカートスーツ', 'シンプルで汎用性のあるブラックのスカートスーツ。', '2023-11-23 19:50:34', 'test_bank', 1, 17, 142, '良品'),
(130, 'クラシックネイビーダッフルコート', 'シンプルでクラシックなネイビーカラーのダッフルコート。', '2023-11-23 19:58:58', 'test_bank', 2, 21, 184, '良品'),
(131, 'ダブルフェイスウールダッフルコート', 'ウールを贅沢に使用したダブルフェイスの暖かいダッフルコート。', '2023-11-23 20:03:20', 'test_bank', 2, 21, 184, '新品・未使用'),
(132, 'スリムフィットビジネスシャツ', 'オフィスでのビジネスカジュアルに最適なスリムフィットのシャツ。', '2023-11-23 20:32:14', 'test_bank', 2, 20, 163, 'やや傷あり'),
(133, 'ストレッチデニムジーンズ', '動きやすく、カジュアルなデニムスタイル。', '2023-11-23 20:33:22', 'test_bank', 1, 3, 22, '良品'),
(134, 'ダウンパーカジャケット', '寒い季節に保温性抜群のダウンジャケット。', '2023-11-23 20:37:55', 'test_bank', 2, 21, 177, '新品・未使用'),
(135, 'クラシックなダブルブレストスーツ', 'フォーマルな場面にふさわしいクラシックなダブルブレストスーツ。', '2023-11-23 20:42:42', 'test_bank', 2, 25, 236, '不良'),
(136, 'スウェットトラックパンツ', 'くつろぎながらもスポーティなスタイルを楽しむためのトラックパンツ。', '2023-11-23 20:48:29', 'test_bank', 1, 3, 24, '不良'),
(137, 'カモフラージュプリントミリタリージャケット', 'カモフラージュ柄が特徴的なミリタリージャケット。', '2023-11-23 20:52:47', 'test_bank', 2, 21, 180, 'やや傷あり'),
(138, 'シンプルなVネックセーター', 'カジュアルな日常スタイルに適したシンプルなVネックセーター。', '2023-11-23 22:25:29', 'test_bank', 2, 20, 166, '良品'),
(139, 'カジュアルチノパンツ', 'カジュアルなビジネスカジュアルスタイルにぴったりのチノパンツ。', '2023-11-23 22:28:15', 'test_bank', 1, 3, 26, 'やや傷あり'),
(140, ' クラシックなウールトレンチコート', '上品でクラシックなスタイルのウールトレンチコート。', '2023-11-23 22:31:30', 'test_bank', 2, 21, 188, '不良'),
(141, 'スリムフィットビジネスシャツ', ' オフィスでのビジネスカジュアルに最適なスリムフィットのシャツ。', '2023-12-07 15:17:34', 'test_bank', 1, 17, 148, '不良'),
(142, 'ストレッチデニムジーンズ', '動きやすく、カジュアルなデニムスタイル。', '2023-12-07 15:20:27', 'test_bank', 2, 22, 203, '新品・未使用'),
(143, 'ダウンパーカジャケット', '寒い季節に保温性抜群のダウンジャケット。', '2023-12-08 02:17:23', 'test_bank', 2, 20, 172, '新品・未使用'),
(144, 'スリムフィットドレスシャツ', 'オフィスやフォーマルなイベントに適したスリムフィットのドレスシャツ。', '2023-12-08 02:25:28', 'test_bank', 2, 20, 164, '良品'),
(145, 'ストレートカットジーンズ', 'カジュアルなデニムスタイルで汎用性のあるストレートカットのジーンズ。', '2023-12-08 02:29:03', 'test_bank', 1, 3, 22, 'やや傷あり'),
(146, 'レザーバイカージャケット', ' カッコいい印象を与えるレザーバイカージャケット。', '2023-12-08 02:32:03', 'test_bank', 2, 21, 176, '良品'),
(147, 'カジュアルなボタンダウンシャツ', 'カジュアルなデイリースタイルにぴったりなボタンダウンシャツ。', '2023-12-08 02:34:47', 'test_bank', 2, 20, 164, '新品・未使用'),
(148, 'ダウンジャケット', '寒い季節に暖かさを提供するダウンジャケット。', '2023-12-08 02:55:13', 'test_bank', 2, 21, 177, '良品'),
(149, 'カモフラージュプリントカーゴパンツ', 'アウトドアやアクティブなスタイルにぴったりのカモフラージュカーゴパンツ。', '2023-12-08 03:02:58', 'test_bank', 2, 22, 211, '新品・未使用'),
(150, 'クルーネックニットセーター', '温かさと快適さを提供するクルーネックのニットセーター。', '2023-12-08 03:06:08', 'test_bank', 1, 1, 4, '不良'),
(151, 'レトロスタイルのデニムジャケット', 'デニムのレトロなデザインが特徴のジャケット。', '2023-12-08 03:09:37', 'test_bank', 2, 21, 175, 'やや傷あり'),
(152, 'ロングスリーブヘンリーネックTシャツ', 'カジュアルながらもおしゃれなヘンリーネックTシャツ。', '2023-12-08 03:13:58', 'test_bank', 2, 20, 161, '新品・未使用'),
(153, ' カジュアルチノパンツ', 'ビジネスカジュアルなスタイルにぴったりのチノパンツ。', '2023-12-08 03:17:37', 'test_bank', 2, 22, 206, 'やや傷あり'),
(154, 'ロングダウンコート', NULL, '2023-12-08 03:23:52', 'test_bank', 1, 2, 10, '不良'),
(155, 'スリムフィットスーツ', ' ビジネスや特別なイベントにふさわしいスリムフィットのスーツ。\r\n\r\n', '2023-12-08 04:39:00', 'test_bank', 2, 25, 237, 'やや傷あり'),
(156, 'カジュアルワイドレッグジョガーパンツ', 'カジュアルながらもトレンド感のあるワイドレッグのジョガーパンツ。', '2023-12-08 04:43:05', 'test_bank', 1, 3, 24, '新品・未使用'),
(157, 'マウンテンパーカー', 'アウトドアアクティビティに適したスタイリッシュなマウンテンパーカー。', '2023-12-08 04:52:21', 'test_bank', 2, 21, 181, '新品・未使用'),
(158, 'マウンテンパーカー', 'アウトドアアクティビティに適したスタイリッシュなマウンテンパーカー。', '2023-12-08 04:53:51', 'test_bank', 1, 2, 21, '新品・未使用'),
(159, 'ボタンダウンカジュアルシャツ', 'カジュアルな日常スタイルにぴったりのボタンダウンシャツ。', '2023-12-08 04:57:57', 'test_bank', 2, 20, 163, '新品・未使用'),
(160, 'らいるb', NULL, '2023-12-08 05:36:09', 'test_bank', 1, 1, 1, '不良');

-- --------------------------------------------------------

--
-- テーブルの構造 `products_img`
--

CREATE TABLE `products_img` (
  `img_id` int(11) NOT NULL,
  `color_size_id` int(11) NOT NULL,
  `img_url` varchar(255) NOT NULL
) ENGINE=InnoDB DEFAULT CHARSET=utf8mb4 COLLATE=utf8mb4_general_ci;

--
-- テーブルのデータのダンプ `products_img`
--

INSERT INTO `products_img` (`img_id`, `color_size_id`, `img_url`) VALUES
(1, 1, 'スクリーンショット 2023-11-08 1010371.png'),
(2, 2, 'スクリーンショット 2023-11-08 1009132.png'),
(3, 3, 'スクリーンショット 2023-11-08 1009133.png'),
(4, 3, 'スクリーンショット 2023-11-08 1010373.png'),
(5, 6, 'スクリーンショット 2023-11-28 1000216.png'),
(6, 7, 'スクリーンショット 2023-11-28 1000407.png'),
(7, 8, 'スクリーンショット 2023-11-28 1000548.png'),
(8, 9, 'スクリーンショット 2023-11-28 1001039.png'),
(9, 10, 'スクリーンショット 2023-11-28 10011210.png'),
(10, 11, 'スクリーンショット 2023-11-28 10012011.png'),
(11, 12, 'スクリーンショット 2023-11-28 10012812.png'),
(12, 13, 'スクリーンショット 2023-11-28 10013613.png'),
(13, 14, 'スクリーンショット 2023-11-28 10014414.png'),
(14, 526, 'daniel-bowman-fkYugzeEDZo-unsplash526.jpg'),
(15, 527, 'daniel-bowman-fkYugzeEDZo-unsplash527.jpg'),
(16, 528, 'nimble-made-GDebkNryTd4-unsplash528.jpg'),
(17, 529, 'nimble-made-GDebkNryTd4-unsplash529.jpg'),
(18, 530, 'jeans-428614_1280530.jpg'),
(19, 531, 'jeans-428614_1280531.jpg'),
(20, 532, 'petrebels-AR12trGJyjA-unsplash532.jpg'),
(21, 533, 'petrebels-AR12trGJyjA-unsplash533.jpg'),
(22, 534, 'nimble-made-N0ke5zChVBU-unsplash534.jpg'),
(23, 535, 'nimble-made-N0ke5zChVBU-unsplash535.jpg'),
(138, 536, 'scott-gummerson-nC4UOLMPkXY-unsplash536.jpg'),
(139, 537, 'scott-gummerson-nC4UOLMPkXY-unsplash537.jpg'),
(140, 538, 'ordonance-shoes-919682_1280538.jpg'),
(141, 538, 'shoes-5719153_1280538.jpg'),
(142, 539, 'ordonance-shoes-919682_1280539.jpg'),
(143, 539, 'shoes-5719153_1280539.jpg'),
(144, 540, 'ordonance-shoes-919682_1280540.jpg'),
(145, 540, 'shoes-5719153_1280540.jpg'),
(146, 541, 'ordonance-shoes-919682_1280541.jpg'),
(147, 541, 'shoes-5719153_1280541.jpg'),
(148, 542, 'ordonance-shoes-919682_1280542.jpg'),
(149, 542, 'shoes-5719153_1280542.jpg'),
(150, 543, 'ordonance-shoes-919682_1280543.jpg'),
(151, 543, 'shoes-5719153_1280543.jpg'),
(152, 544, 'sweater-3124635_1280544.jpg'),
(153, 544, 'woman-2563491_1280544.jpg'),
(154, 545, 'sweater-3124635_1280545.jpg'),
(155, 545, 'woman-2563491_1280545.jpg'),
(156, 546, 'sweater-3124635_1280546.jpg'),
(157, 546, 'woman-2563491_1280546.jpg'),
(158, 547, 'sweater-3124635_1280547.jpg'),
(159, 547, 'woman-2563491_1280547.jpg'),
(160, 548, 'people-2573218_1280548.jpg'),
(161, 549, 'people-2573218_1280549.jpg'),
(162, 550, 'md-salman-tWOz2_EK5EQ-unsplash550.jpg'),
(163, 551, 'md-salman-tWOz2_EK5EQ-unsplash551.jpg'),
(164, 552, 'md-salman-tWOz2_EK5EQ-unsplash552.jpg'),
(165, 553, 'md-salman-tWOz2_EK5EQ-unsplash553.jpg'),
(166, 554, 'md-salman-tWOz2_EK5EQ-unsplash554.jpg'),
(167, 555, 'md-salman-tWOz2_EK5EQ-unsplash555.jpg'),
(168, 556, 'md-salman-tWOz2_EK5EQ-unsplash556.jpg'),
(169, 557, 'md-salman-tWOz2_EK5EQ-unsplash557.jpg'),
(170, 558, 'md-salman-tWOz2_EK5EQ-unsplash558.jpg'),
(171, 559, 'md-salman-tWOz2_EK5EQ-unsplash559.jpg'),
(172, 560, 'md-salman-tWOz2_EK5EQ-unsplash560.jpg'),
(173, 561, 'md-salman-tWOz2_EK5EQ-unsplash561.jpg'),
(174, 562, 'santhosh-vaithiyanathan-ylHcWlrMlzs-unsplash562.jpg'),
(175, 563, 'santhosh-vaithiyanathan-ylHcWlrMlzs-unsplash563.jpg'),
(176, 568, 'taylor-grote-rnH5ITofDAM-unsplash568.jpg'),
(177, 569, 'taylor-grote-rnH5ITofDAM-unsplash569.jpg'),
(178, 570, 'engin-akyurt-oXYGKCYhQOI-unsplash570.jpg'),
(179, 571, 'engin-akyurt-oXYGKCYhQOI-unsplash571.jpg'),
(180, 572, 'nathan-ziemanski-TFiXgyhvVFM-unsplash572.jpg'),
(181, 572, 'victoire-joncheray-6JZ-oPjbF9s-unsplash572.jpg'),
(182, 573, 'nathan-ziemanski-TFiXgyhvVFM-unsplash573.jpg'),
(183, 573, 'victoire-joncheray-6JZ-oPjbF9s-unsplash573.jpg'),
(184, 574, 'nathan-ziemanski-TFiXgyhvVFM-unsplash574.jpg'),
(185, 574, 'victoire-joncheray-6JZ-oPjbF9s-unsplash574.jpg'),
(186, 575, 'nathan-ziemanski-TFiXgyhvVFM-unsplash575.jpg'),
(187, 575, 'victoire-joncheray-6JZ-oPjbF9s-unsplash575.jpg'),
(188, 576, 'nathan-ziemanski-TFiXgyhvVFM-unsplash576.jpg'),
(189, 576, 'victoire-joncheray-6JZ-oPjbF9s-unsplash576.jpg'),
(190, 577, 'nathan-ziemanski-TFiXgyhvVFM-unsplash577.jpg'),
(191, 577, 'victoire-joncheray-6JZ-oPjbF9s-unsplash577.jpg'),
(192, 578, 'nathan-ziemanski-TFiXgyhvVFM-unsplash578.jpg'),
(193, 578, 'victoire-joncheray-6JZ-oPjbF9s-unsplash578.jpg'),
(194, 579, 'nathan-ziemanski-TFiXgyhvVFM-unsplash579.jpg'),
(195, 579, 'victoire-joncheray-6JZ-oPjbF9s-unsplash579.jpg'),
(196, 580, 'alex-suprun-lM4X4TQdngo-unsplash580.jpg'),
(197, 580, 'brooke-cagle-JrzzESCqeko-unsplash580.jpg'),
(198, 580, 'monica-dahiya-caPZQg42c54-unsplash580.jpg');

-- --------------------------------------------------------

--
-- テーブルの構造 `search`
--

CREATE TABLE `search` (
  `search_id` int(11) NOT NULL,
  `searchText` varchar(255) NOT NULL,
  `create_at` timestamp NOT NULL DEFAULT current_timestamp()
) ENGINE=InnoDB DEFAULT CHARSET=utf8mb4 COLLATE=utf8mb4_general_ci;

-- --------------------------------------------------------

--
-- テーブルの構造 `seller`
--

CREATE TABLE `seller` (
  `seller_id` varchar(255) NOT NULL,
  `sellerName` varchar(255) NOT NULL,
  `pass` varchar(255) NOT NULL,
  `seller_status` tinyint(1) NOT NULL DEFAULT 1,
  `create_at` timestamp NOT NULL DEFAULT current_timestamp()
) ENGINE=InnoDB DEFAULT CHARSET=utf8mb4 COLLATE=utf8mb4_general_ci;

--
-- テーブルのデータのダンプ `seller`
--

INSERT INTO `seller` (`seller_id`, `sellerName`, `pass`, `seller_status`, `create_at`) VALUES
('amozon', 'Amozon', '$2y$10$8ZTLZJfHCZnJlL7wyB6YguS0ltWpnwD2eFGfsWFDpKaD7/kkHR3N.', 1, '2023-10-03 19:52:53'),
('rion_bank', 'RIONBANK', '$2y$10$ewUhXRBhoabyns9IT.H/0uyon72fmI4hXxmttgjoby6iloFBRekJ.', 1, '2023-10-03 07:19:48'),
('test_bank', 'テスト垢', '$2y$10$WMJXN12rmz6DNgJ9Xbq0gu8zjugUF0Pnor3/FVw61gxe/hzmzh6F.', 1, '2023-10-25 14:14:47');

-- --------------------------------------------------------

--
-- テーブルの構造 `small_category`
--

CREATE TABLE `small_category` (
  `small_category` int(11) NOT NULL,
  `category_id` int(11) NOT NULL,
  `small_category_name` varchar(255) DEFAULT NULL
) ENGINE=InnoDB DEFAULT CHARSET=utf8mb4 COLLATE=utf8mb4_general_ci;

--
-- テーブルのデータのダンプ `small_category`
--

INSERT INTO `small_category` (`small_category`, `category_id`, `small_category_name`) VALUES
(1, 1, 'Tシャツ/カットソー(半袖/袖なし)'),
(2, 1, 'シャツ/ブラウス(半袖/袖なし)'),
(3, 1, 'ポロシャツ'),
(4, 1, 'ニット/セーター'),
(5, 1, 'パーカー'),
(6, 1, 'トレーナー/スウェット'),
(7, 1, 'ジャージ'),
(8, 1, 'その他'),
(9, 2, 'レザージャケット'),
(10, 2, 'ダウンベスト'),
(11, 2, 'ジャンパー/ブルゾン'),
(12, 2, 'ロングコート'),
(13, 2, 'トレンチコート'),
(14, 2, 'ピーコート'),
(15, 2, 'チェスターコート'),
(16, 2, 'モッズコート'),
(17, 2, 'スタジャン'),
(18, 2, '毛皮/ファーコート'),
(19, 2, 'スプリングコート'),
(20, 2, 'スカジャン'),
(21, 2, 'その他'),
(22, 3, 'デニム/ジーンズ'),
(23, 3, 'ショートパンツ'),
(24, 3, 'カジュアルパンツ'),
(25, 3, 'ハーフパンツ'),
(26, 3, 'チノパン'),
(27, 3, 'ワークパンツ/カーゴパンツ'),
(28, 3, 'クロップドパンツ'),
(29, 3, 'サロペット/オーバーオール'),
(30, 3, 'オールインワン'),
(31, 3, 'サルエルパンツ'),
(32, 3, 'ガウチョパンツ'),
(33, 3, 'その他'),
(34, 4, 'ミニスカート'),
(35, 4, 'ひざ丈スカート'),
(36, 4, 'ロングスカート'),
(37, 4, 'キュロット'),
(38, 4, 'その他'),
(39, 5, 'ミニワンピース'),
(40, 5, 'ひざ丈ワンピース'),
(41, 5, 'ロングワンピース'),
(42, 5, 'その他'),
(43, 6, 'ハイヒール/パンプス'),
(44, 6, 'ブーツ'),
(45, 6, 'サンダル'),
(46, 6, 'スニーカー'),
(47, 6, 'ミュール'),
(48, 6, 'モカシン'),
(49, 6, 'ローファー/革靴'),
(50, 6, 'フラットシューズ/バレエシューズ'),
(51, 6, '長靴/レインシューズ'),
(52, 6, 'その他'),
(53, 7, 'ルームウェア'),
(54, 7, 'パジャマ'),
(55, 8, 'ソックス'),
(56, 8, 'スパッツ/レギンス'),
(57, 8, 'ストッキング/タイツ'),
(58, 8, 'レッグウォーマー'),
(59, 8, 'その他'),
(60, 9, 'ニットキャップ/ビーニー'),
(61, 9, 'ハット'),
(62, 9, 'ハンチング/ベレー帽'),
(63, 9, 'キャップ'),
(64, 9, 'キャスケット'),
(65, 9, '麦わら帽子'),
(66, 9, 'その他'),
(67, 10, 'ハンドバッグ'),
(68, 10, 'トートバッグ'),
(69, 10, 'エコバッグ'),
(70, 10, 'リュック/バックパック'),
(71, 10, 'ボストンバッグ'),
(72, 10, 'スポーツバッグ'),
(73, 10, 'ショルダーバッグ'),
(74, 10, 'クラッチバッグ'),
(75, 10, 'ポーチ/バニティ'),
(76, 10, 'ボディバッグ/ウェストバッグ'),
(77, 10, 'マザーズバッグ'),
(78, 10, 'メッセンジャーバッグ'),
(79, 10, 'ビジネスバッグ'),
(80, 10, '旅行用バッグ/キャリーバッグ'),
(81, 10, 'ショップ袋'),
(82, 10, '和装用バッグ'),
(83, 10, 'かごバッグ'),
(84, 10, 'その他'),
(85, 11, 'ネックレス'),
(86, 11, 'ブレスレット'),
(87, 11, 'バングル/リストバンド'),
(88, 11, 'リング'),
(89, 11, 'ピアス(片耳用)'),
(90, 11, 'ピアス(両耳用)'),
(91, 11, 'イヤリング'),
(92, 11, 'アンクレット'),
(93, 11, 'ブローチ/コサージュ'),
(94, 11, 'その他'),
(95, 12, 'ヘアゴム/シュシュ'),
(96, 12, 'ヘアバンド/カチューシャ'),
(97, 12, 'ヘアピン'),
(98, 12, 'その他'),
(99, 13, '長財布'),
(100, 13, '折り財布'),
(101, 13, 'コインケース/小銭入れ'),
(102, 13, '名刺入れ/定期入れ'),
(103, 13, 'キーケース'),
(104, 13, 'キーホルダー'),
(105, 13, '手袋/アームカバー'),
(106, 13, 'ハンカチ'),
(107, 13, 'ベルト'),
(108, 13, 'マフラー/ショール'),
(109, 13, 'ストール/スヌード'),
(110, 13, 'バンダナ/スカーフ'),
(111, 13, 'ネックウォーマー'),
(112, 13, 'サスペンダー'),
(113, 13, 'サングラス/メガネ'),
(114, 13, 'モバイルケース/カバー'),
(115, 13, '手帳'),
(116, 13, 'イヤマフラー'),
(117, 13, '傘'),
(118, 13, 'レインコート/ポンチョ'),
(119, 13, 'ミラー'),
(120, 13, 'タバコグッズ'),
(121, 13, 'その他'),
(122, 14, '腕時計(アナログ)'),
(123, 14, '腕時計(デジタル)'),
(124, 14, 'ラバーベルト'),
(125, 14, 'レザーベルト'),
(126, 14, '金属ベルト'),
(127, 14, 'その他'),
(128, 15, '前髪ウィッグ'),
(129, 15, 'ロングストレート'),
(130, 15, 'ロングカール'),
(131, 15, 'ショートストレート'),
(132, 15, 'ショートカール'),
(133, 15, 'その他'),
(134, 16, '浴衣'),
(135, 16, '着物'),
(136, 16, '振袖'),
(137, 16, '長襦袢/半襦袢'),
(138, 16, '水着セパレート'),
(139, 16, '水着ワンピース'),
(140, 16, '水着スポーツ用'),
(141, 16, 'その他'),
(142, 17, 'スカートスーツ上下'),
(143, 17, 'パンツスーツ上下'),
(144, 17, 'ドレス'),
(145, 17, 'パーティーバッグ'),
(146, 17, 'シューズ'),
(147, 17, 'ウェディング'),
(148, 17, 'その他'),
(149, 18, 'トップス'),
(150, 18, 'アウター'),
(151, 18, 'インナー'),
(152, 18, 'ワンピース'),
(153, 18, 'パンツ/スパッツ'),
(154, 18, 'スカート'),
(155, 18, 'パジャマ'),
(156, 18, '授乳服'),
(157, 18, 'その他'),
(158, 19, 'コスプレ'),
(159, 19, '下着'),
(160, 19, 'その他'),
(161, 20, 'Tシャツ/カットソー(半袖/袖なし)'),
(162, 20, 'Tシャツ/カットソー(七分/長袖)'),
(163, 20, 'シャツ'),
(164, 20, 'ポロシャツ'),
(165, 20, 'タンクトップ'),
(166, 20, 'ニット/セーター'),
(167, 20, 'パーカー'),
(168, 20, 'カーディガン'),
(169, 20, 'スウェット'),
(170, 20, 'ジャージ'),
(171, 20, 'ベスト'),
(172, 20, 'その他'),
(173, 21, 'テーラードジャケット'),
(174, 21, 'ノーカラージャケット'),
(175, 21, 'Gジャン/デニムジャケット'),
(176, 21, 'レザージャケット'),
(177, 21, 'ダウンジャケット'),
(178, 21, 'ダウンジャケット'),
(179, 21, 'ライダースジャケット'),
(180, 21, 'ミリタリージャケット'),
(181, 21, 'ナイロンジャケット'),
(182, 21, 'ナイロンジャケット'),
(183, 21, 'フライトジャケット'),
(184, 21, 'ダッフルコート'),
(185, 21, 'ダッフルコート'),
(186, 21, 'ピーコート'),
(187, 21, 'ステンカラーコート'),
(188, 21, 'トレンチコート'),
(189, 21, 'トレンチコート'),
(190, 21, 'モッズコート'),
(191, 21, 'チェスターコート'),
(192, 21, 'スタジャン'),
(193, 21, 'スカジャン'),
(194, 21, 'ブルゾン'),
(195, 21, 'マウンテンパーカー'),
(196, 21, 'ダウンベスト'),
(197, 21, 'ポンチョ'),
(198, 21, 'カバーオール'),
(199, 21, 'その他'),
(200, 22, 'デニム/ジーンズ'),
(201, 22, 'ワークパンツ/カーゴパンツ'),
(202, 22, 'スラックス'),
(203, 22, 'デニム/ジーンズ'),
(204, 22, 'ワークパンツ/カーゴパンツ'),
(205, 22, 'スラックス'),
(206, 22, 'チノパン'),
(207, 22, 'ショートパンツ'),
(208, 22, 'ペインターパンツ'),
(209, 22, 'サルエルパンツ'),
(210, 22, 'オーバーオール'),
(211, 22, 'その他'),
(212, 23, 'スニーカー'),
(213, 23, 'サンダル'),
(214, 23, 'ブーツ'),
(215, 23, 'モカシン'),
(216, 23, 'ドレス/ビジネス'),
(217, 23, '長靴/レインシューズ'),
(218, 23, 'デッキシューズ'),
(219, 24, 'ショルダーバッグ'),
(220, 24, 'トートバッグ'),
(221, 24, 'ボストンバッグ'),
(222, 24, 'リュック/バックパック'),
(223, 24, 'ウエストポーチ'),
(224, 24, 'ボディーバッグ'),
(225, 24, 'ドラムバッグ'),
(226, 24, 'ビジネスバッグ'),
(227, 24, 'トラベルバッグ'),
(228, 24, 'メッセンジャーバッグ'),
(229, 24, 'エコバッグ'),
(230, 24, 'その他'),
(231, 24, 'スーツジャケット'),
(232, 24, 'スーツベスト'),
(233, 24, 'スラックス'),
(234, 24, 'セットアップ'),
(235, 24, 'その他'),
(236, 25, 'スーツ/ジャケット・ベスト'),
(237, 25, 'スラックス'),
(238, 25, 'セットアップ'),
(239, 25, 'その他'),
(240, 26, 'キャップ'),
(241, 26, 'ハット'),
(242, 26, 'ニットキャップ/ビーニー'),
(243, 26, 'ハンチング/ベレー帽'),
(244, 26, 'キャスケット'),
(245, 26, 'サンバイザー'),
(246, 26, 'その他'),
(247, 27, 'ネックレス'),
(248, 27, 'ブレスレット'),
(249, 27, 'バングル/リストバンド'),
(250, 27, 'リング'),
(251, 27, 'ピアス(片耳用)'),
(252, 27, 'ピアス(両耳用)'),
(253, 27, 'アンクレット'),
(254, 27, 'その他'),
(255, 28, '長財布'),
(256, 28, '折り財布'),
(257, 28, 'マネークリップ'),
(258, 28, 'コインケース/小銭入れ'),
(259, 28, '名刺入れ/定期入れ'),
(260, 28, 'キーケース'),
(261, 28, 'キーホルダー'),
(262, 28, 'ネクタイ'),
(263, 28, '手袋'),
(264, 28, 'ハンカチ'),
(265, 28, 'ベルト'),
(266, 28, 'マフラー'),
(267, 28, 'ストール'),
(268, 28, 'バンダナ'),
(269, 28, 'ネックウォーマー'),
(270, 28, 'サスペンダー'),
(271, 28, 'ウォレットチェーン'),
(272, 28, 'サングラス/メガネ'),
(273, 28, 'モバイルケース/カバー'),
(274, 28, '手帳'),
(275, 28, 'ストラップ'),
(276, 28, 'ネクタイピン'),
(277, 28, 'カフリンクス'),
(278, 28, 'イヤマフラー'),
(279, 28, '傘'),
(280, 28, 'レインコート'),
(281, 28, 'ミラー'),
(282, 28, 'タバコグッズ'),
(283, 28, 'その他'),
(284, 29, '腕時計(アナログ)'),
(285, 29, '腕時計(デジタル)'),
(286, 29, 'ラバーベルト'),
(287, 29, 'レザーベルト'),
(288, 29, '金属ベルト'),
(289, 29, 'その他'),
(290, 30, '一般水着'),
(291, 30, 'スポーツ用'),
(292, 30, 'アクセサリー'),
(293, 30, 'その他'),
(294, 31, 'ソックス'),
(295, 31, 'レギンス/スパッツ'),
(296, 31, 'レッグウォーマー'),
(297, 31, 'その他'),
(298, 32, 'トランクス'),
(299, 32, 'ボクサーパンツ'),
(300, 32, 'その他');

-- --------------------------------------------------------

--
-- テーブルの構造 `users`
--

CREATE TABLE `users` (
  `user_id` varchar(255) NOT NULL,
  `username` varchar(255) DEFAULT NULL,
  `pass` varchar(255) NOT NULL,
  `create_at` timestamp NOT NULL DEFAULT current_timestamp(),
  `user_status` tinyint(1) NOT NULL DEFAULT 1
) ENGINE=InnoDB DEFAULT CHARSET=utf8mb4 COLLATE=utf8mb4_general_ci;

--
-- テーブルのデータのダンプ `users`
--

INSERT INTO `users` (`user_id`, `username`, `pass`, `create_at`, `user_status`) VALUES
('test_user', 'テストユーザー', '$2y$10$d2iU/xGLRhWX747O0Z3iieqyCy8tmw4qI6n0N3ewxyHkiD6J9Jqry', '2023-10-27 13:13:05', 1);

--
-- ダンプしたテーブルのインデックス
--

--
-- テーブルのインデックス `big_category`
--
ALTER TABLE `big_category`
  ADD PRIMARY KEY (`big_category_id`);

--
-- テーブルのインデックス `cart`
--
ALTER TABLE `cart`
  ADD PRIMARY KEY (`user_id`,`product_id`,`color_size_id`),
  ADD KEY `product_id` (`product_id`),
  ADD KEY `user_id` (`user_id`),
  ADD KEY `color_size_id` (`color_size_id`);

--
-- テーブルのインデックス `category`
--
ALTER TABLE `category`
  ADD PRIMARY KEY (`category_id`),
  ADD KEY `big_category_id` (`big_category_id`);

--
-- テーブルのインデックス `chatrooms`
--
ALTER TABLE `chatrooms`
  ADD PRIMARY KEY (`room_id`),
  ADD KEY `user_id` (`user_id`),
  ADD KEY `seller_id` (`seller_id`);

--
-- テーブルのインデックス `color_name`
--
ALTER TABLE `color_name`
  ADD PRIMARY KEY (`color_code`,`colorName`);

--
-- テーブルのインデックス `color_size`
--
ALTER TABLE `color_size`
  ADD PRIMARY KEY (`product_id`,`color_code`,`size`),
  ADD KEY `product_id` (`product_id`),
  ADD KEY `color_size_id` (`color_size_id`);

--
-- テーブルのインデックス `messages`
--
ALTER TABLE `messages`
  ADD PRIMARY KEY (`message_id`),
  ADD KEY `room_id` (`room_id`),
  ADD KEY `user_id` (`user_id`),
  ADD KEY `seller_id` (`seller_id`);

--
-- テーブルのインデックス `orders`
--
ALTER TABLE `orders`
  ADD PRIMARY KEY (`order_id`),
  ADD KEY `user_id` (`user_id`);

--
-- テーブルのインデックス `orders_detail`
--
ALTER TABLE `orders_detail`
  ADD PRIMARY KEY (`order_id`,`product_id`,`color_size_id`),
  ADD KEY `product_id` (`product_id`),
  ADD KEY `color_size_id` (`color_size_id`);

--
-- テーブルのインデックス `products`
--
ALTER TABLE `products`
  ADD PRIMARY KEY (`product_id`),
  ADD KEY `big_category_id` (`big_category_id`),
  ADD KEY `category_id` (`category_id`),
  ADD KEY `small_category` (`small_category`),
  ADD KEY `seller_id` (`seller_id`);

--
-- テーブルのインデックス `products_img`
--
ALTER TABLE `products_img`
  ADD PRIMARY KEY (`img_id`),
  ADD KEY `color_size_id` (`color_size_id`);

--
-- テーブルのインデックス `search`
--
ALTER TABLE `search`
  ADD PRIMARY KEY (`search_id`);

--
-- テーブルのインデックス `seller`
--
ALTER TABLE `seller`
  ADD PRIMARY KEY (`seller_id`);

--
-- テーブルのインデックス `small_category`
--
ALTER TABLE `small_category`
  ADD PRIMARY KEY (`small_category`),
  ADD KEY `category_id` (`category_id`);

--
-- テーブルのインデックス `users`
--
ALTER TABLE `users`
  ADD PRIMARY KEY (`user_id`);

--
-- ダンプしたテーブルの AUTO_INCREMENT
--

--
-- テーブルの AUTO_INCREMENT `big_category`
--
ALTER TABLE `big_category`
  MODIFY `big_category_id` int(11) NOT NULL AUTO_INCREMENT, AUTO_INCREMENT=14;

--
-- テーブルの AUTO_INCREMENT `category`
--
ALTER TABLE `category`
  MODIFY `category_id` int(11) NOT NULL AUTO_INCREMENT, AUTO_INCREMENT=34;

--
-- テーブルの AUTO_INCREMENT `chatrooms`
--
ALTER TABLE `chatrooms`
  MODIFY `room_id` int(11) NOT NULL AUTO_INCREMENT, AUTO_INCREMENT=3;

--
-- テーブルの AUTO_INCREMENT `color_size`
--
ALTER TABLE `color_size`
  MODIFY `color_size_id` int(11) NOT NULL AUTO_INCREMENT, AUTO_INCREMENT=589;

--
-- テーブルの AUTO_INCREMENT `messages`
--
ALTER TABLE `messages`
  MODIFY `message_id` int(11) NOT NULL AUTO_INCREMENT, AUTO_INCREMENT=91;

--
-- テーブルの AUTO_INCREMENT `orders`
--
ALTER TABLE `orders`
  MODIFY `order_id` int(11) NOT NULL AUTO_INCREMENT, AUTO_INCREMENT=762;

--
-- テーブルの AUTO_INCREMENT `products`
--
ALTER TABLE `products`
  MODIFY `product_id` int(11) NOT NULL AUTO_INCREMENT, AUTO_INCREMENT=161;

--
-- テーブルの AUTO_INCREMENT `products_img`
--
ALTER TABLE `products_img`
  MODIFY `img_id` int(11) NOT NULL AUTO_INCREMENT, AUTO_INCREMENT=199;

--
-- テーブルの AUTO_INCREMENT `search`
--
ALTER TABLE `search`
  MODIFY `search_id` int(11) NOT NULL AUTO_INCREMENT;

--
-- ダンプしたテーブルの制約
--

--
-- テーブルの制約 `cart`
--
ALTER TABLE `cart`
  ADD CONSTRAINT `cart_ibfk_1` FOREIGN KEY (`user_id`) REFERENCES `users` (`user_id`),
  ADD CONSTRAINT `cart_ibfk_2` FOREIGN KEY (`color_size_id`) REFERENCES `color_size` (`color_size_id`);

--
-- テーブルの制約 `chatrooms`
--
ALTER TABLE `chatrooms`
  ADD CONSTRAINT `chatrooms_ibfk_1` FOREIGN KEY (`user_id`) REFERENCES `users` (`user_id`),
  ADD CONSTRAINT `chatrooms_ibfk_2` FOREIGN KEY (`seller_id`) REFERENCES `seller` (`seller_id`);

--
-- テーブルの制約 `color_size`
--
ALTER TABLE `color_size`
  ADD CONSTRAINT `color_size_ibfk_1` FOREIGN KEY (`product_id`) REFERENCES `products` (`product_id`);

--
-- テーブルの制約 `messages`
--
ALTER TABLE `messages`
  ADD CONSTRAINT `messages_ibfk_1` FOREIGN KEY (`room_id`) REFERENCES `chatrooms` (`room_id`),
  ADD CONSTRAINT `messages_ibfk_2` FOREIGN KEY (`user_id`) REFERENCES `users` (`user_id`),
  ADD CONSTRAINT `messages_ibfk_3` FOREIGN KEY (`seller_id`) REFERENCES `seller` (`seller_id`);

--
-- テーブルの制約 `orders`
--
ALTER TABLE `orders`
  ADD CONSTRAINT `orders_ibfk_1` FOREIGN KEY (`user_id`) REFERENCES `users` (`user_id`);

--
-- テーブルの制約 `orders_detail`
--
ALTER TABLE `orders_detail`
  ADD CONSTRAINT `orders_detail_ibfk_1` FOREIGN KEY (`product_id`) REFERENCES `products` (`product_id`),
  ADD CONSTRAINT `orders_detail_ibfk_2` FOREIGN KEY (`color_size_id`) REFERENCES `color_size` (`color_size_id`);

--
-- テーブルの制約 `products`
--
ALTER TABLE `products`
  ADD CONSTRAINT `products_ibfk_1` FOREIGN KEY (`seller_id`) REFERENCES `seller` (`seller_id`);

--
-- テーブルの制約 `products_img`
--
ALTER TABLE `products_img`
  ADD CONSTRAINT `products_img_ibfk_1` FOREIGN KEY (`color_size_id`) REFERENCES `color_size` (`color_size_id`);
COMMIT;

/*!40101 SET CHARACTER_SET_CLIENT=@OLD_CHARACTER_SET_CLIENT */;
/*!40101 SET CHARACTER_SET_RESULTS=@OLD_CHARACTER_SET_RESULTS */;
/*!40101 SET COLLATION_CONNECTION=@OLD_COLLATION_CONNECTION */;
