-- phpMyAdmin SQL Dump
-- version 5.2.1
-- https://www.phpmyadmin.net/
--
-- ホスト: 127.0.0.1
-- 生成日時: 2024-01-24 04:48:09
-- サーバのバージョン： 10.4.28-MariaDB
-- PHP のバージョン: 8.2.4

SET SQL_MODE = "NO_AUTO_VALUE_ON_ZERO";
START TRANSACTION;
SET time_zone = "+00:00";


/*!40101 SET @OLD_CHARACTER_SET_CLIENT=@@CHARACTER_SET_CLIENT */;
/*!40101 SET @OLD_CHARACTER_SET_RESULTS=@@CHARACTER_SET_RESULTS */;
/*!40101 SET @OLD_COLLATION_CONNECTION=@@COLLATION_CONNECTION */;
/*!40101 SET NAMES utf8mb4 */;

--
-- データベース: `complete`
--
CREATE DATABASE IF NOT EXISTS `complete` DEFAULT CHARACTER SET utf8mb4 COLLATE utf8mb4_general_ci;
USE `complete`;

-- --------------------------------------------------------

--
-- テーブルの構造 `address`
--

CREATE TABLE `address` (
  `address_id` int(11) NOT NULL,
  `user_id` varchar(255) DEFAULT NULL,
  `seller_id` varchar(255) DEFAULT NULL,
  `post_code` varchar(10) NOT NULL,
  `prefectures` varchar(5) NOT NULL,
  `city` varchar(255) NOT NULL,
  `city_kana` varchar(255) NOT NULL,
  `tyou` varchar(255) NOT NULL,
  `room_number` varchar(255) NOT NULL,
  `addressname` varchar(255) NOT NULL,
  `default_status` tinyint(1) NOT NULL DEFAULT 0,
  `means` tinyint(1) NOT NULL DEFAULT 0
) ENGINE=InnoDB DEFAULT CHARSET=utf8mb4 COLLATE=utf8mb4_general_ci;

--
-- テーブルのデータのダンプ `address`
--

INSERT INTO `address` (`address_id`, `user_id`, `seller_id`, `post_code`, `prefectures`, `city`, `city_kana`, `tyou`, `room_number`, `addressname`, `default_status`, `means`) VALUES
(3, 'test_user', NULL, '５４６－００２１', '大阪府', '大阪市東住吉区照ケ丘矢田', 'ｵｵｻｶｼﾋｶﾞｼｽﾐﾖｼｸﾃﾙｶﾞｵｶﾔﾀ', '3-1-1', '', 'ニシハラ　リオン', 1, 1);

-- --------------------------------------------------------

--
-- テーブルの構造 `big_category`
--

CREATE TABLE `big_category` (
  `big_category_id` int(11) NOT NULL,
  `big_category_name` varchar(255) NOT NULL
) ENGINE=InnoDB DEFAULT CHARSET=utf8mb4 COLLATE=utf8mb4_general_ci;

--
-- テーブルのデータのダンプ `big_category`
--

INSERT INTO `big_category` (`big_category_id`, `big_category_name`) VALUES
(1, 'レディース'),
(2, 'メンズ');

-- --------------------------------------------------------

--
-- テーブルの構造 `cart`
--

CREATE TABLE `cart` (
  `user_id` varchar(255) NOT NULL,
  `product_id` int(11) NOT NULL,
  `color_size_id` int(11) NOT NULL,
  `pieces` int(11) NOT NULL,
  `create_at` timestamp NOT NULL DEFAULT current_timestamp()
) ENGINE=InnoDB DEFAULT CHARSET=utf8mb4 COLLATE=utf8mb4_general_ci;

-- --------------------------------------------------------

--
-- テーブルの構造 `category`
--

CREATE TABLE `category` (
  `category_id` int(11) NOT NULL,
  `big_category_id` int(11) NOT NULL,
  `category_name` varchar(255) NOT NULL
) ENGINE=InnoDB DEFAULT CHARSET=utf8mb4 COLLATE=utf8mb4_general_ci;

--
-- テーブルのデータのダンプ `category`
--

INSERT INTO `category` (`category_id`, `big_category_id`, `category_name`) VALUES
(1, 1, 'トップス'),
(2, 1, 'ジャケット／アウター'),
(3, 1, 'パンツ'),
(4, 1, 'スカート'),
(5, 1, 'ワンピース'),
(6, 1, '靴'),
(7, 1, 'ルームウェア/パジャマ'),
(8, 1, 'レッグウェア'),
(9, 1, '帽子'),
(10, 1, 'バッグ'),
(11, 1, 'アクセサリー'),
(12, 1, 'ヘアアクセサリー'),
(13, 1, '小物'),
(14, 1, '時計'),
(15, 1, 'ウィッグ/エクステ'),
(16, 1, '浴衣/水着'),
(17, 1, 'スーツ/フォーマル/ドレス'),
(18, 1, 'マタニティ'),
(19, 1, 'その他'),
(20, 2, 'トップス'),
(21, 2, 'ジャケット/アウター'),
(22, 2, 'パンツ'),
(23, 2, '靴'),
(24, 2, 'バッグ'),
(25, 2, 'スーツ'),
(26, 2, '帽子'),
(27, 2, 'アクセサリー'),
(28, 2, '小物'),
(29, 2, '時計'),
(30, 2, '水着'),
(31, 2, 'レッグウェア'),
(32, 2, 'アンダーウェア'),
(33, 2, 'その他');

-- --------------------------------------------------------

--
-- テーブルの構造 `chatrooms`
--

CREATE TABLE `chatrooms` (
  `room_id` int(11) NOT NULL,
  `user_id` varchar(255) NOT NULL,
  `seller_id` varchar(255) NOT NULL,
  `created_at` timestamp NOT NULL DEFAULT current_timestamp()
) ENGINE=InnoDB DEFAULT CHARSET=utf8mb4 COLLATE=utf8mb4_general_ci;

--
-- テーブルのデータのダンプ `chatrooms`
--

INSERT INTO `chatrooms` (`room_id`, `user_id`, `seller_id`, `created_at`) VALUES
(2, 'test_user', 'test_bank', '2023-10-27 13:13:22');

-- --------------------------------------------------------

--
-- テーブルの構造 `color_name`
--

CREATE TABLE `color_name` (
  `color_code` varchar(7) NOT NULL,
  `colorName` varchar(10) NOT NULL
) ENGINE=InnoDB DEFAULT CHARSET=utf8mb4 COLLATE=utf8mb4_general_ci;

--
-- テーブルのデータのダンプ `color_name`
--

INSERT INTO `color_name` (`color_code`, `colorName`) VALUES
('#313131', 'ブラック'),
('#4DBEE9', 'ブルー'),
('#81604C', 'ブラウン'),
('#9ED563', 'グリーン'),
('#AAB2BE', 'グレー'),
('#AD8EEF', 'パープル'),
('#E0D1AD', 'ベージュ'),
('#EF5663', 'レッド'),
('#F8AFD7', 'ピンク'),
('#F98140', 'オレンジ'),
('#FED14C', 'イエロー'),
('#FFFFFF', 'ホワイト');

-- --------------------------------------------------------

--
-- テーブルの構造 `color_size`
--

CREATE TABLE `color_size` (
  `product_id` int(11) NOT NULL,
  `color_code` varchar(7) NOT NULL,
  `size` varchar(10) NOT NULL,
  `pieces` int(11) NOT NULL,
  `price` int(11) NOT NULL,
  `color_size_id` int(11) NOT NULL,
  `service_status` tinyint(1) DEFAULT 1
) ENGINE=InnoDB DEFAULT CHARSET=utf8mb4 COLLATE=utf8mb4_general_ci;

--
-- テーブルのデータのダンプ `color_size`
--

INSERT INTO `color_size` (`product_id`, `color_code`, `size`, `pieces`, `price`, `color_size_id`, `service_status`) VALUES
(1, '#313131', 'M', 2, 3, 2, 0),
(1, '#AAB2BE', 'XL', 3, 4, 3, 0),
(1, '#FFFFFF', 'M', 1, 2, 1, 0),
(2, '#81604C', 'FREE', 1, 2, 4, 0),
(3, '#FFFFFF', 'L', 1, 2, 5, 1),
(4, '#313131', 'FREE', 1, 1, 7, 1),
(4, '#313131', 'XL', 2, 2, 13, 1),
(4, '#313131', 'XS', 2, 2, 10, 1),
(4, '#81604C', 'XS', 2, 2, 11, 1),
(4, '#AAB2BE', 'FREE', 1, 1, 8, 1),
(4, '#AAB2BE', 'XL', 2, 2, 14, 1),
(4, '#FFFFFF', 'FREE', 1, 1, 6, 1),
(4, '#FFFFFF', 'XL', 2, 2, 12, 1),
(4, '#FFFFFF', 'XS', 2, 2, 9, 1),
(5, '#313131', 'FREE', 3, 4, 16, 1),
(5, '#FFFFFF', 'FREE', 1, 2, 15, 1),
(5, '#FFFFFF', 'XS', 5, 6, 17, 1),
(7, '#313131', 'FREE', 20, 3000, 18, 1),
(7, '#AAB2BE', 'FREE', 10, 2600, 19, 1),
(7, '#EF5663', 'FREE', 15, 2500, 20, 1),
(7, '#FFFFFF', 'FREE', 20, 2500, 21, 1),
(8, '#313131', 'FREE', 20, 5000, 22, 1),
(8, '#FFFFFF', 'FREE', 15, 6000, 23, 1),
(9, '#313131', 'FREE', 50, 3000, 24, 1),
(9, '#4DBEE9', 'FREE', 20, 3600, 25, 1),
(9, '#EF5663', 'FREE', 45, 3400, 26, 1),
(10, '#313131', 'FREE', 5, 5500, 27, 1),
(10, '#4DBEE9', 'FREE', 5, 5500, 28, 1),
(10, '#AAB2BE', 'FREE', 5, 5500, 29, 1),
(10, '#EF5663', 'FREE', 5, 5500, 30, 1),
(10, '#F8AFD7', 'FREE', 5, 5500, 31, 1),
(10, '#FFFFFF', 'FREE', 5, 5500, 32, 1),
(11, '#313131', 'L', 20, 2200, 33, 1),
(11, '#313131', 'M', 15, 2200, 34, 1),
(11, '#313131', 'S', 15, 2200, 35, 1),
(11, '#FFFFFF', 'L', 20, 2200, 36, 1),
(11, '#FFFFFF', 'M', 10, 2200, 37, 1),
(11, '#FFFFFF', 'S', 20, 2200, 38, 1),
(12, '#AD8EEF', 'FREE', 5, 2600, 39, 0),
(12, '#F98140', 'FREE', 10, 3000, 40, 0),
(13, '#313131', 'FREE', 20, 8000, 41, 1),
(13, '#FFFFFF', 'FREE', 20, 8000, 42, 1),
(14, '#9ED563', 'FREE', 30, 3500, 43, 1),
(14, '#AAB2BE', 'FREE', 50, 4000, 44, 1),
(15, '#313131', 'M', 15, 5000, 45, 1),
(16, '#313131', 'FREE', 15, 3000, 46, 1),
(16, '#FFFFFF', 'FREE', 10, 2500, 47, 1),
(17, '#313131', 'FREE', 20, 3100, 48, 1),
(17, '#FFFFFF', 'FREE', 20, 2500, 49, 1),
(18, '#313131', 'FREE', 15, 2600, 50, 1),
(18, '#AAB2BE', 'M', 20, 2200, 646, 1),
(18, '#FFFFFF', 'FREE', 5, 2600, 51, 1),
(19, '#81604C', 'FREE', 20, 2500, 52, 1),
(20, '#AAB2BE', 'FREE', 20, 2500, 53, 1),
(21, '#313131', 'L', 10, 3500, 54, 1),
(21, '#313131', 'XL', 10, 3500, 55, 1),
(21, '#FFFFFF', 'L', 10, 3500, 56, 1),
(21, '#FFFFFF', 'XL', 10, 3500, 57, 1),
(22, '#313131', 'L', 10, 5500, 58, 1),
(22, '#313131', 'XL', 10, 5500, 59, 1),
(22, '#FFFFFF', 'L', 10, 5500, 60, 1),
(22, '#FFFFFF', 'XL', 10, 5500, 61, 1),
(23, '#313131', 'FREE', 10, 5000, 62, 1),
(23, '#AAB2BE', 'FREE', 10, 5000, 63, 1),
(24, '#313131', 'L', 15, 3200, 64, 1),
(24, '#313131', 'XL', 15, 3400, 65, 1),
(24, '#FFFFFF', 'L', 15, 3200, 66, 1),
(24, '#FFFFFF', 'XL', 20, 3300, 67, 1),
(25, '#FFFFFF', 'FREE', 5, 2600, 68, 1),
(26, '#313131', 'L', 15, 8600, 70, 1),
(26, '#313131', 'M', 15, 8600, 69, 1),
(27, '#313131', 'L', 20, 9800, 72, 1),
(27, '#313131', 'M', 20, 9800, 71, 1),
(28, '#81604C', 'L', 5, 10500, 75, 1),
(28, '#81604C', 'M', 5, 10200, 74, 1),
(28, '#81604C', 'S', 5, 10100, 73, 1),
(29, '#313131', 'L', 15, 9500, 79, 1),
(29, '#313131', 'M', 15, 9500, 76, 1),
(29, '#81604C', 'L', 10, 8500, 81, 1),
(29, '#81604C', 'M', 10, 8500, 78, 1),
(29, '#9ED563', 'L', 5, 10200, 80, 1),
(29, '#9ED563', 'M', 5, 10200, 77, 1),
(30, '#313131', 'L', 5, 11500, 83, 1),
(30, '#313131', 'M', 5, 11500, 82, 1),
(31, '#313131', 'L', 15, 8800, 86, 1),
(31, '#313131', 'S', 20, 8800, 84, 1),
(31, '#81604C', 'L', 15, 8800, 87, 1),
(31, '#81604C', 'S', 15, 8800, 85, 1),
(32, '#313131', 'L', 15, 9700, 91, 1),
(32, '#313131', 'M', 15, 9700, 89, 1),
(32, '#81604C', 'L', 15, 9700, 90, 1),
(32, '#81604C', 'M', 15, 9700, 88, 1),
(33, '#313131', 'L', 15, 11000, 95, 1),
(33, '#313131', 'M', 15, 10000, 92, 1),
(33, '#4DBEE9', 'L', 20, 11000, 96, 1),
(33, '#4DBEE9', 'M', 20, 10000, 93, 1),
(33, '#81604C', 'L', 10, 11000, 97, 1),
(33, '#81604C', 'M', 10, 10000, 94, 1),
(34, '#313131', 'M', 10, 9900, 103, 1),
(34, '#313131', 'S', 5, 9900, 100, 1),
(34, '#EF5663', 'S', 5, 9900, 99, 1),
(34, '#F8AFD7', 'M', 10, 9900, 101, 1),
(34, '#F8AFD7', 'S', 5, 9900, 98, 1),
(34, '#FED14C', 'M', 10, 9900, 102, 1),
(35, '#313131', 'M', 15, 12000, 104, 1),
(35, '#81604C', 'M', 20, 12000, 105, 1),
(36, '#313131', 'L', 20, 7500, 110, 1),
(36, '#313131', 'M', 15, 7500, 107, 1),
(36, '#81604C', 'L', 20, 7500, 111, 1),
(36, '#81604C', 'M', 10, 7500, 108, 1),
(36, '#FFFFFF', 'L', 15, 7500, 109, 1),
(36, '#FFFFFF', 'M', 15, 7500, 106, 1),
(37, '#313131', 'M', 10, 7500, 116, 0),
(37, '#313131', 'S', 15, 7500, 113, 0),
(37, '#81604C', 'M', 10, 7500, 117, 0),
(37, '#81604C', 'S', 5, 7500, 114, 0),
(37, '#FFFFFF', 'M', 15, 7500, 115, 0),
(37, '#FFFFFF', 'S', 20, 7500, 112, 0),
(38, '#313131', 'L', 15, 9800, 120, 1),
(38, '#313131', 'M', 15, 9800, 118, 1),
(38, '#FFFFFF', 'L', 15, 9800, 121, 1),
(38, '#FFFFFF', 'M', 15, 9800, 119, 1),
(39, '#313131', 'L', 20, 9800, 124, 0),
(39, '#313131', 'M', 10, 9800, 123, 0),
(39, '#FFFFFF', 'M', 20, 9800, 122, 0),
(40, '#313131', 'L', 15, 8200, 129, 1),
(40, '#313131', 'M', 15, 8200, 127, 1),
(40, '#FFFFFF', 'L', 15, 8200, 128, 1),
(40, '#FFFFFF', 'M', 15, 8200, 126, 1),
(41, '#81604C', 'L', 15, 10500, 133, 1),
(41, '#81604C', 'M', 20, 10500, 131, 1),
(41, '#FFFFFF', 'L', 15, 10500, 132, 1),
(41, '#FFFFFF', 'M', 20, 10500, 130, 1),
(42, '#313131', 'M', 10, 8900, 138, 1),
(42, '#313131', 'S', 15, 8900, 135, 1),
(42, '#81604C', 'M', 10, 8900, 139, 1),
(42, '#AAB2BE', 'S', 20, 8900, 136, 1),
(42, '#FFFFFF', 'M', 10, 8900, 137, 1),
(42, '#FFFFFF', 'S', 20, 8900, 134, 1),
(43, '#313131', 'L', 20, 9000, 146, 1),
(43, '#313131', 'M', 20, 9000, 141, 1),
(43, '#4DBEE9', 'L', 20, 9000, 148, 1),
(43, '#4DBEE9', 'M', 10, 9000, 143, 1),
(43, '#81604C', 'L', 20, 9000, 149, 1),
(43, '#81604C', 'M', 10, 9000, 144, 1),
(43, '#9ED563', 'L', 15, 9000, 145, 1),
(43, '#9ED563', 'M', 15, 9000, 140, 1),
(43, '#FFFFFF', 'L', 20, 9000, 147, 1),
(43, '#FFFFFF', 'M', 10, 9000, 142, 1),
(44, '#313131', 'M', 10, 7800, 152, 1),
(44, '#313131', 'S', 20, 7800, 150, 1),
(44, '#81604C', 'M', 15, 7800, 153, 1),
(44, '#81604C', 'S', 15, 7800, 151, 1),
(45, '#81604C', 'L', 20, 12500, 155, 1),
(45, '#81604C', 'M', 20, 12500, 154, 1),
(46, '#313131', 'L', 20, 14800, 157, 1),
(46, '#313131', 'M', 20, 14800, 156, 1),
(47, '#81604C', 'L', 20, 12500, 159, 1),
(47, '#81604C', 'M', 20, 12500, 158, 1),
(48, '#AAB2BE', 'L', 20, 13200, 163, 0),
(48, '#AAB2BE', 'M', 20, 13200, 161, 0),
(48, '#FFFFFF', 'L', 20, 13200, 162, 0),
(48, '#FFFFFF', 'M', 20, 13200, 160, 0),
(49, '#81604C', 'L', 15, 11500, 166, 0),
(49, '#81604C', 'M', 20, 11500, 164, 0),
(49, '#AAB2BE', 'L', 15, 11500, 167, 0),
(49, '#AAB2BE', 'M', 20, 11500, 165, 0),
(50, '#313131', 'M', 15, 13800, 171, 0),
(50, '#313131', 'S', 15, 13800, 169, 0),
(50, '#FFFFFF', 'M', 20, 13800, 170, 0),
(50, '#FFFFFF', 'S', 20, 13800, 168, 0),
(51, '#313131', 'L', 20, 16200, 175, 1),
(51, '#313131', 'M', 20, 16200, 173, 1),
(51, '#AAB2BE', 'L', 20, 16200, 174, 1),
(51, '#AAB2BE', 'M', 20, 16200, 172, 1),
(52, '#313131', 'L', 20, 12900, 177, 1),
(52, '#81604C', 'L', 15, 12900, 178, 1),
(52, '#FFFFFF', 'L', 20, 12900, 176, 1),
(53, '#9ED563', 'L', 20, 14000, 180, 1),
(53, '#E0D1AD', 'L', 20, 14000, 181, 1),
(53, '#FFFFFF', 'L', 20, 14000, 179, 1),
(54, '#9ED563', 'L', 20, 13500, 183, 1),
(54, '#EF5663', 'L', 20, 13500, 184, 1),
(54, '#FFFFFF', 'L', 20, 13500, 182, 1),
(55, '#313131', 'L', 15, 12700, 185, 1),
(55, '#81604C', 'L', 15, 12700, 186, 1),
(56, '#313131', 'L', 15, 2000, 189, 1),
(56, '#313131', 'M', 20, 2000, 187, 1),
(56, '#AAB2BE', 'L', 15, 2000, 190, 1),
(56, '#AAB2BE', 'M', 20, 2000, 188, 1),
(57, '#4DBEE9', 'L', 20, 2500, 192, 1),
(57, '#4DBEE9', 'M', 20, 2500, 191, 1),
(58, '#313131', 'L', 15, 2200, 195, 1),
(58, '#313131', 'M', 20, 2200, 193, 1),
(58, '#AAB2BE', 'L', 15, 2200, 196, 1),
(58, '#AAB2BE', 'M', 20, 2200, 194, 1),
(59, '#313131', 'L', 20, 3000, 200, 1),
(59, '#313131', 'M', 20, 3000, 197, 1),
(59, '#81604C', 'L', 20, 3000, 202, 1),
(59, '#81604C', 'M', 15, 3000, 199, 1),
(59, '#AAB2BE', 'L', 20, 3000, 201, 1),
(59, '#AAB2BE', 'M', 20, 3000, 198, 1),
(60, '#4DBEE9', 'L', 20, 2800, 207, 1),
(60, '#4DBEE9', 'M', 20, 2800, 204, 1),
(60, '#9ED563', 'L', 20, 2800, 206, 1),
(60, '#9ED563', 'M', 20, 2800, 203, 1),
(60, '#EF5663', 'L', 20, 2800, 208, 1),
(60, '#EF5663', 'M', 20, 2800, 205, 1),
(61, '#313131', 'L', 20, 2400, 211, 1),
(61, '#313131', 'M', 20, 2400, 209, 1),
(61, '#AAB2BE', 'L', 20, 2400, 212, 1),
(61, '#AAB2BE', 'M', 20, 2400, 210, 1),
(62, '#313131', 'L', 20, 2700, 216, 1),
(62, '#313131', 'M', 20, 2700, 213, 1),
(62, '#81604C', 'L', 20, 2700, 218, 1),
(62, '#81604C', 'M', 20, 2700, 215, 1),
(62, '#AAB2BE', 'L', 20, 2700, 217, 1),
(62, '#AAB2BE', 'M', 20, 2700, 214, 1),
(63, '#AAB2BE', 'L', 20, 2300, 222, 1),
(63, '#AAB2BE', 'M', 2, 2300, 220, 1),
(63, '#FFFFFF', 'L', 20, 2300, 221, 1),
(63, '#FFFFFF', 'M', 20, 2300, 219, 1),
(64, '#313131', 'L', 20, 2600, 224, 1),
(64, '#313131', 'M', 20, 2600, 223, 1),
(65, '#313131', 'L', 20, 2900, 228, 1),
(65, '#313131', 'M', 2, 2900, 226, 1),
(65, '#FFFFFF', 'L', 20, 2900, 227, 1),
(65, '#FFFFFF', 'M', 20, 2900, 225, 1),
(66, '#313131', 'L', 20, 2200, 232, 1),
(66, '#313131', 'M', 2, 2200, 230, 1),
(66, '#FFFFFF', 'L', 20, 2200, 231, 1),
(66, '#FFFFFF', 'M', 20, 2200, 229, 1),
(67, '#313131', 'L', 20, 2500, 236, 1),
(67, '#313131', 'M', 20, 2500, 233, 1),
(67, '#4DBEE9', 'L', 20, 2500, 238, 1),
(67, '#4DBEE9', 'M', 20, 2500, 235, 1),
(67, '#AAB2BE', 'L', 20, 2500, 237, 1),
(67, '#AAB2BE', 'M', 20, 2500, 234, 1),
(68, '#313131', 'L', 30, 2300, 241, 1),
(68, '#313131', 'M', 20, 3200, 239, 1),
(68, '#81604C', 'L', 30, 2300, 242, 1),
(68, '#81604C', 'M', 20, 3200, 240, 1),
(69, '#313131', 'L', 20, 2800, 246, 1),
(69, '#313131', 'M', 20, 2800, 244, 1),
(69, '#FFFFFF', 'L', 20, 2800, 245, 1),
(69, '#FFFFFF', 'M', 20, 2800, 243, 1),
(70, '#313131', 'L', 20, 3000, 252, 1),
(70, '#313131', 'M', 20, 3000, 248, 1),
(70, '#9ED563', 'L', 20, 3000, 253, 1),
(70, '#9ED563', 'M', 20, 3000, 250, 1),
(70, '#EF5663', 'L', 20, 3000, 254, 1),
(70, '#EF5663', 'M', 30, 3000, 249, 1),
(70, '#FFFFFF', 'L', 20, 3000, 251, 1),
(70, '#FFFFFF', 'M', 20, 3000, 247, 1),
(71, '#4DBEE9', 'L', 20, 2700, 259, 1),
(71, '#4DBEE9', 'M', 20, 2700, 257, 1),
(71, '#9ED563', 'L', 20, 2700, 258, 1),
(71, '#9ED563', 'M', 20, 2700, 255, 1),
(71, '#EF5663', 'L', 20, 2700, 260, 1),
(71, '#EF5663', 'M', 20, 2700, 256, 1),
(71, '#FED14C', 'L', 120, 2500, 649, 1),
(71, '#FED14C', 'M', 240, 1500, 648, 1),
(72, '#313131', 'L', 20, 2800, 264, 1),
(72, '#313131', 'M', 20, 2800, 262, 1),
(72, '#FFFFFF', 'L', 20, 2800, 263, 1),
(72, '#FFFFFF', 'M', 20, 2800, 261, 1),
(73, '#4DBEE9', 'L', 20, 2400, 268, 1),
(73, '#4DBEE9', 'M', 20, 2400, 266, 1),
(73, '#FFFFFF', 'L', 20, 2400, 267, 1),
(73, '#FFFFFF', 'M', 20, 2400, 265, 1),
(74, '#AAB2BE', 'L', 20, 2400, 270, 1),
(74, '#AAB2BE', 'XL', 20, 2400, 272, 1),
(74, '#FFFFFF', 'L', 20, 2400, 269, 1),
(74, '#FFFFFF', 'XL', 20, 2400, 271, 1),
(75, '#313131', 'L', 20, 2600, 277, 1),
(75, '#313131', 'M', 20, 2600, 274, 1),
(75, '#AAB2BE', 'L', 20, 2600, 278, 1),
(75, '#AAB2BE', 'M', 20, 2600, 275, 1),
(75, '#FFFFFF', 'L', 20, 2600, 276, 1),
(75, '#FFFFFF', 'M', 20, 2600, 273, 1),
(76, '#E0D1AD', 'L', 20, 9500, 280, 1),
(76, '#E0D1AD', 'M', 20, 9500, 279, 1),
(77, '#313131', 'S', 20, 1500, 282, 1),
(77, '#FFFFFF', 'S', 20, 1500, 281, 1),
(78, '#313131', 'M', 20, 1800, 286, 1),
(78, '#313131', 'S', 20, 1800, 284, 1),
(78, '#FFFFFF', 'M', 20, 1800, 285, 1),
(78, '#FFFFFF', 'S', 20, 1800, 283, 1),
(79, '#313131', 'M', 20, 2000, 292, 1),
(79, '#313131', 'S', 20, 2000, 288, 1),
(79, '#81604C', 'M', 20, 2000, 294, 1),
(79, '#AAB2BE', 'M', 20, 2000, 293, 1),
(79, '#AAB2BE', 'S', 20, 2000, 289, 1),
(79, '#E0D1AD', 'S', 20, 2000, 290, 1),
(79, '#FFFFFF', 'M', 20, 2000, 291, 1),
(79, '#FFFFFF', 'S', 20, 2000, 287, 1),
(80, '#313131', 'M', 20, 1300, 298, 1),
(80, '#313131', 'S', 20, 1300, 296, 1),
(80, '#FFFFFF', 'M', 20, 1300, 297, 1),
(80, '#FFFFFF', 'S', 20, 1300, 295, 1),
(81, '#313131', 'M', 20, 2200, 302, 1),
(81, '#313131', 'S', 20, 2200, 300, 1),
(81, '#FFFFFF', 'M', 20, 2200, 301, 1),
(81, '#FFFFFF', 'S', 20, 2200, 299, 1),
(82, '#313131', 'L', 20, 23, 308, 1),
(82, '#313131', 'M', 20, 2300, 306, 1),
(82, '#313131', 'S', 20, 2300, 304, 1),
(82, '#FFFFFF', 'L', 20, 2300, 307, 1),
(82, '#FFFFFF', 'M', 20, 2300, 305, 1),
(82, '#FFFFFF', 'S', 20, 2300, 303, 1),
(83, '#9ED563', 'M', 20, 2900, 311, 1),
(83, '#9ED563', 'S', 20, 2900, 309, 1),
(83, '#AAB2BE', 'M', 20, 2900, 312, 1),
(83, '#AAB2BE', 'S', 20, 2900, 310, 1),
(84, '#313131', 'M', 20, 2900, 318, 1),
(84, '#313131', 'S', 20, 2900, 314, 1),
(84, '#4DBEE9', 'M', 20, 2900, 320, 1),
(84, '#4DBEE9', 'S', 20, 2900, 316, 1),
(84, '#9ED563', 'M', 20, 2900, 319, 1),
(84, '#9ED563', 'S', 20, 2900, 315, 1),
(84, '#FFFFFF', 'M', 20, 2900, 317, 1),
(84, '#FFFFFF', 'S', 20, 2900, 313, 1),
(85, '#313131', '2XL', 20, 1800, 328, 1),
(85, '#313131', 'L', 20, 1800, 324, 1),
(85, '#313131', 'M', 20, 1800, 322, 1),
(85, '#313131', 'XL', 20, 1800, 326, 1),
(85, '#FFFFFF', '2XL', 20, 1800, 327, 1),
(85, '#FFFFFF', 'L', 20, 1800, 323, 1),
(85, '#FFFFFF', 'M', 20, 1800, 321, 1),
(85, '#FFFFFF', 'XL', 20, 1800, 325, 1),
(86, '#313131', 'L', 20, 1800, 332, 1),
(86, '#313131', 'M', 20, 1800, 330, 1),
(86, '#313131', 'XL', 20, 1800, 334, 1),
(86, '#FFFFFF', 'L', 20, 1800, 331, 1),
(86, '#FFFFFF', 'M', 20, 1800, 329, 1),
(86, '#FFFFFF', 'XL', 20, 1800, 333, 1),
(87, '#313131', 'L', 20, 2000, 337, 1),
(87, '#313131', 'M', 20, 2000, 335, 1),
(87, '#AAB2BE', 'L', 20, 2000, 338, 1),
(87, '#AAB2BE', 'M', 20, 2000, 336, 1),
(88, '#313131', 'L', 20, 1500, 342, 1),
(88, '#313131', 'M', 20, 1500, 340, 1),
(88, '#FFFFFF', 'L', 20, 1500, 341, 1),
(88, '#FFFFFF', 'M', 20, 1500, 339, 1),
(89, '#313131', 'L', 20, 2500, 346, 1),
(89, '#313131', 'M', 20, 2500, 344, 1),
(89, '#FFFFFF', 'L', 20, 2500, 345, 1),
(89, '#FFFFFF', 'M', 20, 2500, 343, 1),
(90, '#313131', 'L', 20, 2800, 351, 1),
(90, '#313131', 'M', 20, 2800, 348, 1),
(90, '#9ED563', 'L', 20, 2800, 352, 1),
(90, '#9ED563', 'M', 20, 2800, 349, 1),
(90, '#FFFFFF', 'L', 20, 2800, 350, 1),
(90, '#FFFFFF', 'M', 20, 2800, 347, 1),
(91, '#313131', 'L', 20, 2100, 357, 1),
(91, '#313131', 'M', 20, 2100, 354, 1),
(91, '#AAB2BE', 'L', 20, 2100, 358, 1),
(91, '#AAB2BE', 'M', 20, 2100, 355, 1),
(91, '#FFFFFF', 'L', 20, 2100, 356, 1),
(91, '#FFFFFF', 'M', 20, 2100, 353, 1),
(92, '#4DBEE9', 'L', 20, 2300, 365, 1),
(92, '#4DBEE9', 'M', 20, 2300, 360, 1),
(92, '#9ED563', 'L', 20, 2300, 364, 1),
(92, '#9ED563', 'M', 20, 2300, 359, 1),
(92, '#AD8EEF', 'L', 20, 2300, 366, 1),
(92, '#AD8EEF', 'M', 20, 2300, 361, 1),
(92, '#EF5663', 'L', 20, 2300, 368, 1),
(92, '#F8AFD7', 'L', 20, 2300, 367, 1),
(92, '#F8AFD7', 'M', 20, 2300, 362, 1),
(92, '#F98140', 'M', 20, 2300, 363, 1),
(93, '#9ED563', 'S', 20, 2000, 369, 1),
(94, '#FFFFFF', 'FREE', 20, 5500, 370, 1),
(95, '#313131', 'FREE', 5, 5900, 371, 1),
(95, '#EF5663', 'FREE', 20, 5900, 373, 1),
(95, '#F8AFD7', 'FREE', 20, 5900, 372, 1),
(96, '#4DBEE9', 'FREE', 5, 8200, 374, 1),
(97, '#313131', 'FREE', 5, 12000, 375, 1),
(97, '#AAB2BE', 'FREE', 5, 12000, 376, 1),
(98, '#FED14C', 'FREE', 50, 25000, 377, 1),
(99, '#AAB2BE', 'M', 25, 2500, 381, 1),
(99, '#AAB2BE', 'S', 20, 2500, 379, 1),
(99, '#FFFFFF', 'M', 20, 2500, 380, 1),
(99, '#FFFFFF', 'S', 20, 2500, 378, 1),
(100, '#313131', 'M', 20, 3600, 385, 1),
(100, '#313131', 'S', 20, 3500, 383, 1),
(100, '#FFFFFF', 'M', 20, 3600, 384, 1),
(100, '#FFFFFF', 'S', 20, 3600, 382, 1),
(101, '#313131', 'M', 20, 3200, 389, 1),
(101, '#313131', 'S', 20, 3200, 387, 1),
(101, '#FFFFFF', 'M', 20, 3200, 388, 1),
(101, '#FFFFFF', 'S', 20, 3200, 386, 1),
(102, '#313131', 'M', 20, 3500, 392, 1),
(102, '#313131', 'S', 20, 3500, 390, 1),
(102, '#4DBEE9', 'M', 20, 3500, 393, 1),
(102, '#4DBEE9', 'S', 20, 3500, 391, 1),
(103, '#AD8EEF', 'M', 20, 4200, 396, 1),
(103, '#AD8EEF', 'S', 20, 4200, 394, 1),
(103, '#FED14C', 'M', 20, 4200, 397, 1),
(103, '#FED14C', 'S', 20, 4200, 395, 1),
(104, '#AAB2BE', 'M', 20, 3000, 400, 1),
(104, '#AAB2BE', 'S', 20, 3000, 398, 1),
(104, '#E0D1AD', 'M', 20, 3000, 401, 1),
(104, '#E0D1AD', 'S', 20, 3000, 399, 1),
(105, '#AAB2BE', 'M', 20, 3300, 405, 1),
(105, '#AAB2BE', 'S', 20, 3300, 403, 1),
(105, '#FFFFFF', 'M', 20, 3300, 404, 1),
(105, '#FFFFFF', 'S', 20, 3300, 402, 1),
(106, '#313131', 'L', 20, 18000, 409, 1),
(106, '#313131', 'M', 20, 18000, 407, 1),
(106, '#FFFFFF', 'L', 20, 18000, 408, 1),
(106, '#FFFFFF', 'M', 20, 18000, 406, 1),
(107, '#313131', 'L', 20, 22500, 412, 1),
(107, '#313131', 'M', 20, 22500, 410, 1),
(107, '#FFFFFF', 'L', 20, 22500, 413, 1),
(107, '#FFFFFF', 'M', 20, 22500, 411, 1),
(108, '#313131', 'L', 20, 22500, 416, 0),
(108, '#313131', 'M', 20, 22500, 414, 0),
(108, '#81604C', 'L', 20, 25500, 417, 0),
(108, '#81604C', 'M', 20, 22500, 415, 0),
(109, '#313131', 'L', 20, 20800, 421, 0),
(109, '#313131', 'M', 20, 20800, 418, 0),
(109, '#81604C', 'L', 20, 28000, 422, 0),
(109, '#81604C', 'M', 20, 20800, 419, 0),
(109, '#FFFFFF', 'L', 20, 28000, 423, 0),
(109, '#FFFFFF', 'M', 30, 20800, 420, 0),
(110, '#313131', 'L', 20, 25000, 427, 1),
(110, '#313131', 'M', 20, 25000, 425, 1),
(110, '#81604C', 'L', 20, 25000, 426, 1),
(110, '#81604C', 'M', 20, 25000, 424, 1),
(111, '#313131', 'L', 20, 28500, 430, 1),
(111, '#313131', 'M', 20, 28500, 428, 1),
(111, '#81604C', 'L', 20, 28500, 431, 1),
(111, '#81604C', 'M', 20, 28500, 429, 1),
(112, '#313131', 'L', 20, 28500, 434, 1),
(112, '#313131', 'M', 20, 28500, 432, 1),
(112, '#81604C', 'L', 20, 28500, 435, 1),
(112, '#81604C', 'M', 20, 28500, 433, 1),
(113, '#EF5663', 'L', 20, 19500, 437, 1),
(113, '#EF5663', 'M', 20, 19500, 436, 1),
(114, '#313131', 'L', 20, 19500, 440, 0),
(114, '#313131', 'M', 20, 19500, 438, 0),
(114, '#81604C', 'L', 20, 19500, 441, 0),
(114, '#81604C', 'M', 20, 19500, 439, 0),
(114, '#EF5663', 'L', 20, 195000, 650, 0),
(115, '#313131', 'L', 20, 24000, 445, 1),
(115, '#313131', 'M', 20, 24000, 443, 1),
(115, '#FFFFFF', 'L', 20, 24000, 444, 1),
(115, '#FFFFFF', 'M', 20, 24000, 442, 1),
(116, '#313131', 'L', 20, 24000, 449, 1),
(116, '#313131', 'M', 20, 24000, 447, 1),
(116, '#FFFFFF', 'L', 20, 24000, 448, 1),
(116, '#FFFFFF', 'M', 20, 24000, 446, 1),
(117, '#313131', 'L', 20, 2800, 453, 1),
(117, '#313131', 'M', 20, 2800, 451, 1),
(117, '#FFFFFF', 'L', 20, 2800, 452, 1),
(117, '#FFFFFF', 'M', 20, 2800, 450, 1),
(118, '#AD8EEF', 'L', 20, 3500, 456, 1),
(118, '#AD8EEF', 'M', 20, 3500, 454, 1),
(118, '#FED14C', 'L', 20, 3500, 457, 1),
(118, '#FED14C', 'M', 20, 3500, 455, 1),
(119, '#AAB2BE', 'L', 20, 4200, 460, 1),
(119, '#AAB2BE', 'M', 20, 4200, 458, 1),
(119, '#E0D1AD', 'L', 20, 4200, 461, 1),
(119, '#E0D1AD', 'M', 20, 4200, 459, 1),
(120, '#81604C', 'L', 20, 2500, 469, 1),
(120, '#81604C', 'M', 20, 2500, 466, 1),
(120, '#81604C', 'S', 20, 2500, 463, 1),
(120, '#E0D1AD', 'L', 20, 2500, 470, 1),
(120, '#E0D1AD', 'M', 20, 2500, 467, 1),
(120, '#E0D1AD', 'S', 20, 2500, 464, 1),
(120, '#FFFFFF', 'L', 20, 2500, 468, 1),
(120, '#FFFFFF', 'M', 20, 2500, 465, 1),
(120, '#FFFFFF', 'S', 20, 2500, 462, 1),
(121, '#EF5663', 'L', 20, 3500, 475, 1),
(121, '#EF5663', 'M', 20, 3800, 471, 1),
(121, '#F8AFD7', 'L', 20, 3800, 474, 1),
(121, '#F8AFD7', 'M', 30, 3800, 473, 1),
(121, '#F98140', 'L', 20, 3500, 476, 1),
(121, '#F98140', 'M', 20, 3800, 472, 1),
(122, '#81604C', 'L', 20, 4200, 481, 1),
(122, '#81604C', 'M', 20, 4200, 478, 1),
(122, '#AAB2BE', 'L', 20, 4200, 480, 1),
(122, '#AAB2BE', 'M', 20, 4200, 477, 1),
(122, '#FFFFFF', 'L', 20, 4200, 482, 1),
(122, '#FFFFFF', 'M', 20, 4200, 479, 1),
(123, '#4DBEE9', 'L', 20, 3500, 484, 1),
(123, '#4DBEE9', 'M', 20, 3500, 483, 1),
(124, '#313131', 'L', 20, 3500, 486, 1),
(124, '#313131', 'M', 20, 3500, 485, 1),
(125, '#313131', 'L', 20, 4500, 488, 1),
(125, '#313131', 'M', 20, 4500, 487, 1),
(126, '#FFFFFF', 'L', 20, 4500, 490, 1),
(126, '#FFFFFF', 'M', 20, 4500, 489, 1),
(127, '#EF5663', 'L', 20, 3900, 493, 1),
(127, '#EF5663', 'M', 20, 3900, 491, 1),
(127, '#F98140', 'L', 20, 3900, 494, 1),
(127, '#F98140', 'M', 20, 3900, 492, 1),
(128, '#FFFFFF', 'L', 20, 3500, 496, 1),
(128, '#FFFFFF', 'M', 20, 3200, 495, 1),
(129, '#313131', 'L', 20, 15000, 498, 1),
(129, '#313131', 'M', 20, 15000, 497, 1),
(130, '#E0D1AD', 'L', 20, 18000, 499, 1),
(131, '#EF5663', 'L', 5, 26500, 500, 1),
(132, '#FFFFFF', 'L', 20, 4080, 502, 1),
(132, '#FFFFFF', 'M', 20, 4080, 501, 1),
(133, '#4DBEE9', 'M', 20, 5500, 504, 1),
(133, '#4DBEE9', 'S', 20, 5500, 503, 1),
(134, '', 'XS', 0, 0, 647, 1),
(134, '#AAB2BE', 'L', 20, 5500, 506, 1),
(134, '#AAB2BE', 'M', 20, 5500, 505, 1),
(135, '#AAB2BE', 'M', 20, 25000, 507, 1),
(136, '#4DBEE9', 'M', 20, 3500, 509, 1),
(136, '#4DBEE9', 'S', 20, 3500, 508, 1),
(137, '#9ED563', 'L', 20, 8800, 511, 1),
(137, '#9ED563', 'M', 20, 8800, 510, 1),
(138, '#AAB2BE', 'L', 20, 3200, 513, 1),
(138, '#AAB2BE', 'M', 20, 3200, 512, 1),
(139, '#FFFFFF', 'S', 5, 2500, 514, 1),
(140, '#81604C', 'L', 20, 20000, 516, 1),
(140, '#81604C', 'M', 20, 20000, 515, 1),
(141, '#FFFFFF', 'L', 20, 5500, 519, 1),
(141, '#FFFFFF', 'M', 20, 5500, 518, 1),
(141, '#FFFFFF', 'S', 20, 5500, 517, 1),
(142, '#4DBEE9', 'L', 20, 12000, 524, 1),
(142, '#4DBEE9', 'M', 20, 12000, 522, 1),
(142, '#4DBEE9', 'S', 20, 12000, 520, 1),
(142, '#AAB2BE', 'L', 20, 12000, 525, 1),
(142, '#AAB2BE', 'M', 12, 12000, 523, 1),
(142, '#AAB2BE', 'S', 20, 12000, 521, 1),
(143, '#F98140', 'L', 20, 22000, 526, 1),
(143, '#F98140', 'XL', 20, 22000, 527, 1),
(144, '#FFFFFF', 'L', 20, 3800, 528, 1),
(144, '#FFFFFF', 'M', 20, 3800, 529, 1),
(145, '#4DBEE9', 'M', 20, 3800, 531, 1),
(145, '#4DBEE9', 'S', 20, 3800, 530, 1),
(146, '#313131', 'L', 20, 15000, 533, 1),
(146, '#313131', 'M', 20, 15000, 532, 1),
(147, '#4DBEE9', 'L', 20, 3000, 535, 1),
(147, '#4DBEE9', 'M', 20, 3500, 534, 1),
(148, '#313131', 'L', 20, 2500, 537, 1),
(148, '#313131', 'M', 20, 2500, 536, 1),
(149, '#313131', 'L', 20, 4200, 541, 1),
(149, '#313131', 'M', 20, 4200, 538, 1),
(149, '#81604C', 'L', 20, 4200, 543, 1),
(149, '#81604C', 'M', 20, 4200, 540, 1),
(149, '#9ED563', 'L', 20, 4200, 542, 1),
(149, '#9ED563', 'M', 20, 4200, 539, 1),
(150, '#FED14C', 'M', 20, 3600, 547, 1),
(150, '#FED14C', 'S', 20, 3600, 545, 1),
(150, '#FFFFFF', 'M', 20, 3600, 546, 1),
(150, '#FFFFFF', 'S', 20, 3600, 544, 1),
(151, '#4DBEE9', 'L', 20, 7500, 549, 1),
(151, '#4DBEE9', 'M', 20, 7500, 548, 1),
(152, '#313131', 'L', 20, 2500, 559, 1),
(152, '#313131', 'M', 50, 2500, 555, 1),
(152, '#313131', 'S', 50, 2500, 551, 1),
(152, '#4DBEE9', 'L', 50, 2500, 560, 1),
(152, '#4DBEE9', 'M', 20, 2500, 556, 1),
(152, '#4DBEE9', 'S', 50, 2500, 552, 1),
(152, '#EF5663', 'L', 50, 2500, 561, 1),
(152, '#EF5663', 'M', 50, 2500, 557, 1),
(152, '#EF5663', 'S', 50, 2500, 553, 1),
(152, '#FFFFFF', 'L', 50, 2500, 558, 1),
(152, '#FFFFFF', 'M', 50, 2500, 554, 1),
(152, '#FFFFFF', 'S', 50, 2500, 550, 1),
(153, '#313131', 'S', 20, 2000, 562, 1),
(153, '#313131', 'XS', 20, 2000, 563, 1),
(154, '#FED14C', 'L', 20, 12000, 567, 1),
(154, '#FED14C', 'M', 20, 12000, 565, 1),
(154, '#FFFFFF', 'L', 20, 12000, 566, 1),
(154, '#FFFFFF', 'M', 20, 12000, 564, 1),
(155, '#313131', 'L', 20, 18000, 569, 1),
(155, '#313131', 'M', 20, 18000, 568, 1),
(156, '#AAB2BE', 'S', 20, 3800, 571, 1),
(156, '#AAB2BE', 'XS', 20, 3800, 570, 1),
(157, '#81604C', 'L', 20, 6800, 575, 1),
(157, '#81604C', 'M', 20, 6800, 573, 1),
(157, '#9ED563', 'L', 20, 6800, 574, 1),
(157, '#9ED563', 'M', 20, 6800, 572, 1),
(158, '#81604C', 'M', 20, 6800, 578, 1),
(158, '#81604C', 'S', 20, 6800, 576, 1),
(158, '#9ED563', 'M', 20, 6800, 579, 1),
(158, '#9ED563', 'S', 20, 6800, 577, 1),
(159, '#81604C', 'L', 20, 3200, 585, 1),
(159, '#81604C', 'M', 20, 3200, 581, 1),
(159, '#9ED563', 'L', 20, 3200, 586, 1),
(159, '#9ED563', 'M', 20, 3200, 582, 1),
(159, '#AAB2BE', 'L', 20, 3200, 584, 1),
(159, '#AAB2BE', 'M', 20, 3200, 580, 1),
(159, '#FED14C', 'L', 20, 3200, 587, 1),
(159, '#FED14C', 'M', 20, 3200, 583, 1),
(160, '#FFFFFF', '2XL', 10, 10000, 588, 1),
(161, '#FFFFFF', 'FREE', 10, 1000, 589, 1),
(162, '#E0D1AD', 'M', 20, 3600, 594, 1),
(162, '#E0D1AD', 'S', 20, 3600, 593, 1),
(163, '#EF5663', 'L', 20, 20500, 597, 1),
(163, '#EF5663', 'M', 20, 20500, 596, 1),
(163, '#EF5663', 'S', 20, 20500, 595, 1),
(164, '#4DBEE9', 'L', 20, 2800, 599, 1),
(164, '#4DBEE9', 'M', 20, 2800, 598, 1),
(165, '#313131', 'L', 20, 5000, 604, 1),
(165, '#313131', 'M', 20, 5000, 601, 1),
(165, '#F8AFD7', 'L', 20, 5000, 605, 1),
(165, '#F8AFD7', 'M', 20, 5000, 602, 1),
(165, '#FFFFFF', 'L', 20, 5000, 603, 1),
(165, '#FFFFFF', 'M', 20, 5000, 600, 1),
(166, '#4DBEE9', 'L', 20, 4500, 608, 1),
(166, '#4DBEE9', 'M', 20, 4500, 607, 1),
(166, '#4DBEE9', 'S', 20, 4500, 606, 1),
(167, '#4DBEE9', 'L', 20, 4800, 614, 1),
(167, '#4DBEE9', 'M', 20, 4800, 610, 1),
(167, '#81604C', 'L', 20, 4800, 613, 1),
(167, '#81604C', 'M', 20, 4800, 609, 1),
(167, '#AAB2BE', 'L', 20, 4800, 612, 1),
(167, '#AAB2BE', 'M', 20, 4800, 611, 1),
(168, '#4DBEE9', 'FREE', 20, 22000, 616, 1),
(168, '#AAB2BE', 'FREE', 20, 22000, 615, 1),
(169, '#9ED563', 'M', 20, 3600, 618, 1),
(169, '#9ED563', 'S', 20, 3600, 617, 1),
(170, '#AAB2BE', 'L', 5, 45000, 619, 1),
(171, '#FFFFFF', 'L', 20, 2700, 622, 0),
(171, '#FFFFFF', 'M', 20, 2700, 621, 0),
(171, '#FFFFFF', 'S', 20, 2700, 620, 0),
(172, '#AAB2BE', 'L', 20, 2700, 625, 0),
(172, '#AAB2BE', 'M', 20, 2700, 624, 0),
(172, '#AAB2BE', 'S', 20, 2700, 623, 0),
(173, '#4DBEE9', 'L', 20, 5200, 630, 0),
(173, '#4DBEE9', 'M', 20, 5200, 628, 0),
(173, '#9ED563', 'L', 20, 5200, 629, 0),
(173, '#9ED563', 'M', 20, 5200, 626, 0),
(173, '#EF5663', 'L', 20, 5200, 631, 0),
(173, '#EF5663', 'M', 20, 5200, 627, 0),
(174, '#313131', 'FREE', 10, 12000, 632, 0),
(175, '#4DBEE9', 'L', 30, 8000, 633, 1),
(175, '#4DBEE9', 'XL', 30, 8000, 634, 1),
(176, '#FFFFFF', 'L', 30, 2500, 636, 1),
(176, '#FFFFFF', 'S', 30, 2500, 635, 1),
(177, '#FFFFFF', 'M', 20, 4500, 639, 1),
(177, '#FFFFFF', 'S', 20, 4500, 638, 1),
(178, '#313131', 'L', 50, 3800, 643, 1),
(178, '#313131', 'S', 50, 3800, 641, 1),
(178, '#FFFFFF', 'L', 20, 3800, 642, 1),
(178, '#FFFFFF', 'S', 50, 3800, 640, 1),
(179, '#9ED563', 'L', 50, 2800, 645, 1),
(179, '#9ED563', 'M', 50, 2800, 644, 1);

-- --------------------------------------------------------

--
-- テーブルの構造 `favorite`
--

CREATE TABLE `favorite` (
  `user_id` varchar(255) NOT NULL,
  `product_id` int(11) NOT NULL,
  `color_size_id` int(11) NOT NULL
) ENGINE=InnoDB DEFAULT CHARSET=utf8mb4 COLLATE=utf8mb4_general_ci;

--
-- テーブルのデータのダンプ `favorite`
--

INSERT INTO `favorite` (`user_id`, `product_id`, `color_size_id`) VALUES
('test_user', 154, 566);

-- --------------------------------------------------------

--
-- テーブルの構造 `messages`
--

CREATE TABLE `messages` (
  `message_id` int(11) NOT NULL,
  `room_id` int(11) NOT NULL,
  `user_id` varchar(255) DEFAULT NULL,
  `seller_id` varchar(255) DEFAULT NULL,
  `message_text` text DEFAULT NULL,
  `img_url` varchar(1024) DEFAULT NULL,
  `timestamp` timestamp NOT NULL DEFAULT current_timestamp()
) ENGINE=InnoDB DEFAULT CHARSET=utf8mb4 COLLATE=utf8mb4_general_ci;

--
-- テーブルのデータのダンプ `messages`
--

INSERT INTO `messages` (`message_id`, `room_id`, `user_id`, `seller_id`, `message_text`, `img_url`, `timestamp`) VALUES
(96, 2, 'test_user', NULL, 'こんにちは', NULL, '2023-12-15 04:41:34'),
(97, 2, 'test_user', NULL, NULL, 'mirko-fabian-EY-YsX9-3EI-unsplash97.jpg', '2023-12-15 04:42:16'),
(98, 2, 'test_user', NULL, 'こちらの像に服を着せたいのですが、お人形サイズの服は販売していますでしょうか。', NULL, '2023-12-15 04:45:08'),
(99, 2, NULL, 'test_bank', '大変申し訳ございませんが、当店ではそのような服は販売しておりません', NULL, '2023-12-15 04:46:05'),
(100, 2, 'test_user', NULL, 'わかりました、ありがとうございます', NULL, '2023-12-15 04:46:24'),
(101, 2, NULL, 'test_bank', 'またの機会のご利用をお待ちしております', NULL, '2023-12-15 04:46:56'),
(102, 2, 'test_user', NULL, '商品を購入しました！', NULL, '2024-01-22 06:51:28'),
(103, 2, 'test_user', NULL, '商品を購入しました！', NULL, '2024-01-22 06:55:17'),
(104, 2, 'test_user', NULL, '商品を購入しました！', NULL, '2024-01-22 14:35:10');

-- --------------------------------------------------------

--
-- テーブルの構造 `orders`
--

CREATE TABLE `orders` (
  `order_id` int(11) NOT NULL,
  `user_id` varchar(255) NOT NULL,
  `total` int(11) NOT NULL,
  `order_status` varchar(20) NOT NULL DEFAULT '入金待ち',
  `create_at` timestamp NOT NULL DEFAULT current_timestamp()
) ENGINE=InnoDB DEFAULT CHARSET=utf8mb4 COLLATE=utf8mb4_general_ci;

--
-- テーブルのデータのダンプ `orders`
--

INSERT INTO `orders` (`order_id`, `user_id`, `total`, `order_status`, `create_at`) VALUES
(1, 'test_user', 255000, '出荷準備中', '2023-11-06 07:41:37'),
(2, 'test_user', 282900, '出荷準備中', '2023-11-06 07:46:24'),
(3, 'test_user', 133700, '出荷準備中', '2023-11-06 07:46:24'),
(4, 'test_user', 0, '配達完了', '2023-11-06 07:46:24'),
(5, 'test_user', 50800, '発送済み', '2023-11-06 07:46:24'),
(6, 'test_user', 111215, '発送済み', '2023-11-06 07:46:53'),
(7, 'test_user', 48000, '配達中', '2023-11-06 07:46:53'),
(8, 'test_user', 11600, '配達完了', '2023-11-06 07:46:53'),
(9, 'test_user', 23000, '出荷準備中', '2023-11-06 07:46:53'),
(10, 'test_user', 186000, '発送済み', '2023-11-06 07:47:20'),
(11, 'test_user', 59106, '発送済み', '2023-11-06 07:47:21'),
(12, 'test_user', 66500, '発送済み', '2023-11-06 07:47:21'),
(13, 'test_user', 33200, '出荷準備中', '2023-11-06 07:47:21'),
(14, 'test_user', 40000, '配達完了', '2023-11-06 07:47:21'),
(15, 'test_user', 180300, '配達中', '2023-11-06 07:47:21'),
(16, 'test_user', 7500, '出荷準備中', '2023-11-06 07:47:21'),
(17, 'test_user', 109700, '出荷準備中', '2023-11-06 07:47:21'),
(18, 'test_user', 49600, '配達中', '2023-06-30 06:00:00'),
(19, 'test_user', 80200, '出荷準備中', '2024-01-26 06:00:00'),
(20, 'test_user', 10492, '配達完了', '2023-06-11 06:00:00'),
(21, 'test_user', 142600, '配達中', '2023-10-10 06:00:00'),
(22, 'test_user', 32200, '配達中', '2023-11-09 06:00:00'),
(23, 'test_user', 13000, '配達完了', '2023-09-15 06:00:00'),
(24, 'test_user', 84400, '発送済み', '2024-04-27 06:00:00'),
(25, 'test_user', 110800, '発送済み', '2023-09-05 06:00:00'),
(26, 'test_user', 58500, '発送済み', '2024-02-10 06:00:00'),
(27, 'test_user', 3800, '配達完了', '2024-05-11 06:00:00'),
(28, 'test_user', 48200, '配達完了', '2024-06-21 06:00:00'),
(29, 'test_user', 149100, '出荷準備中', '2024-08-03 06:00:00'),
(30, 'test_user', 22346, '配達完了', '2023-05-13 06:00:00'),
(31, 'test_user', 13600, '配達中', '2023-09-30 06:00:00'),
(32, 'test_user', 10000, '配達完了', '2023-06-18 06:00:00'),
(33, 'test_user', 92400, '配達完了', '2024-01-11 06:00:00'),
(34, 'test_user', 84600, '配達完了', '2023-07-10 06:00:00'),
(35, 'test_user', 5200, '発送済み', '2024-01-29 06:00:00'),
(36, 'test_user', 16000, '配達中', '2024-05-30 06:00:00'),
(37, 'test_user', 17500, '出荷準備中', '2024-01-06 06:00:00'),
(38, 'test_user', 46000, '配達中', '2023-09-16 06:00:00'),
(39, 'test_user', 30585, '配達中', '2024-08-31 06:00:00'),
(40, 'test_user', 12400, '配達中', '2023-12-16 06:00:00'),
(41, 'test_user', 39000, '発送済み', '2024-01-10 06:00:00'),
(42, 'test_user', 72500, '配達中', '2023-02-10 06:00:00'),
(43, 'test_user', 108200, '発送済み', '2023-02-07 06:00:00'),
(44, 'test_user', 50200, '出荷準備中', '2023-07-21 06:00:00'),
(45, 'test_user', 74600, '発送済み', '2023-07-13 06:00:00'),
(46, 'test_user', 25400, '配達完了', '2024-03-16 06:00:00'),
(47, 'test_user', 41600, '出荷準備中', '2023-07-26 06:00:00'),
(48, 'test_user', 177200, '配達中', '2023-07-04 06:00:00'),
(49, 'test_user', 105900, '発送済み', '2024-06-03 06:00:00'),
(50, 'test_user', 87900, '配達中', '2024-08-12 06:00:00'),
(51, 'test_user', 215100, '発送済み', '2024-04-01 06:00:00'),
(52, 'test_user', 35808, '配達完了', '2023-11-07 06:00:00'),
(53, 'test_user', 39148, '配達完了', '2024-10-05 06:00:00'),
(54, 'test_user', 167300, '発送済み', '2023-09-13 06:00:00'),
(55, 'test_user', 146302, '配達完了', '2023-11-02 06:00:00'),
(56, 'test_user', 95706, '発送済み', '2023-03-09 06:00:00'),
(57, 'test_user', 127804, '出荷準備中', '2023-12-17 06:00:00'),
(58, 'test_user', 21092, '出荷準備中', '2023-09-04 06:00:00'),
(59, 'test_user', 90000, '出荷準備中', '2023-08-08 06:00:00'),
(60, 'test_user', 39400, '配達中', '2023-12-18 06:00:00'),
(61, 'test_user', 124800, '発送済み', '2023-10-09 06:00:00'),
(62, 'test_user', 47700, '配達完了', '2024-02-19 06:00:00'),
(63, 'test_user', 18800, '配達中', '2023-12-25 06:00:00'),
(64, 'test_user', 6500, '出荷準備中', '2024-01-27 06:00:00'),
(65, 'test_user', 17500, '発送済み', '2024-05-23 06:00:00'),
(66, 'test_user', 48700, '出荷準備中', '2023-09-24 06:00:00'),
(67, 'test_user', 63206, '配達中', '2023-12-04 06:00:00'),
(68, 'test_user', 17900, '発送済み', '2023-07-27 06:00:00'),
(69, 'test_user', 7900, '発送済み', '2023-06-05 06:00:00'),
(70, 'test_user', 102423, '配達完了', '2024-02-13 06:00:00'),
(71, 'test_user', 199100, '出荷準備中', '2023-10-24 06:00:00'),
(72, 'test_user', 111306, '発送済み', '2024-01-04 06:00:00'),
(73, 'test_user', 106500, '配達中', '2023-10-11 06:00:00'),
(74, 'test_user', 216000, '出荷準備中', '2023-10-16 06:00:00'),
(75, 'test_user', 12500, '発送済み', '2024-05-13 06:00:00'),
(76, 'test_user', 15100, '配達完了', '2024-06-23 06:00:00'),
(77, 'test_user', 4500, '出荷準備中', '2024-08-24 06:00:00'),
(78, 'test_user', 97810, '発送済み', '2023-01-01 06:00:00'),
(79, 'test_user', 11600, '配達完了', '2023-10-20 06:00:00'),
(80, 'test_user', 37758, '配達中', '2023-10-12 06:00:00'),
(81, 'test_user', 41800, '配達完了', '2023-07-25 06:00:00'),
(82, 'test_user', 282400, '発送済み', '2023-10-22 06:00:00'),
(83, 'test_user', 37300, '発送済み', '2023-08-29 06:00:00'),
(84, 'test_user', 104200, '発送済み', '2023-11-21 06:00:00'),
(85, 'test_user', 291200, '配達完了', '2023-11-10 06:00:00'),
(86, 'test_user', 56000, '配達中', '2024-06-08 06:00:00'),
(87, 'test_user', 57200, '配達完了', '2023-12-01 06:00:00'),
(88, 'test_user', 56800, '出荷準備中', '2024-02-22 06:00:00'),
(89, 'test_user', 124823, '発送済み', '2024-05-01 06:00:00'),
(90, 'test_user', 47400, '発送済み', '2023-02-19 06:00:00'),
(91, 'test_user', 147400, '発送済み', '2023-05-28 06:00:00'),
(92, 'test_user', 65600, '配達完了', '2024-01-09 06:00:00'),
(93, 'test_user', 23400, '出荷準備中', '2023-10-18 06:00:00'),
(94, 'test_user', 30800, '配達中', '2024-01-07 06:00:00'),
(95, 'test_user', 11000, '出荷準備中', '2023-08-11 06:00:00'),
(96, 'test_user', 120000, '発送済み', '2024-01-10 06:00:00'),
(97, 'test_user', 20202, '配達完了', '2023-12-07 06:00:00'),
(98, 'test_user', 65200, '出荷準備中', '2024-08-16 06:00:00'),
(99, 'test_user', 52808, '出荷準備中', '2023-10-31 06:00:00'),
(100, 'test_user', 107200, '配達中', '2024-10-17 06:00:00'),
(101, 'test_user', 73800, '発送済み', '2024-06-25 06:00:00'),
(102, 'test_user', 10949, '配達中', '2023-09-10 06:00:00'),
(103, 'test_user', 14200, '出荷準備中', '2024-01-24 06:00:00'),
(104, 'test_user', 54400, '出荷準備中', '2023-08-01 06:00:00'),
(105, 'test_user', 2500, '配達完了', '2023-06-04 06:00:00'),
(106, 'test_user', 65900, '出荷準備中', '2023-12-07 06:00:00'),
(107, 'test_user', 136500, '発送済み', '2024-05-04 06:00:00'),
(108, 'test_user', 66204, '配達中', '2023-09-21 06:00:00'),
(109, 'test_user', 73700, '発送済み', '2024-07-08 06:00:00'),
(110, 'test_user', 33100, '配達完了', '2024-07-03 06:00:00'),
(111, 'test_user', 24100, '発送済み', '2024-04-06 06:00:00'),
(112, 'test_user', 78100, '配達中', '2024-02-06 06:00:00'),
(113, 'test_user', 164500, '配達中', '2024-05-11 06:00:00'),
(114, 'test_user', 78000, '配達完了', '2023-09-23 06:00:00'),
(115, 'test_user', 63500, '出荷準備中', '2023-05-01 06:00:00'),
(116, 'test_user', 56300, '出荷準備中', '2023-04-30 06:00:00'),
(117, 'test_user', 132500, '発送済み', '2024-03-14 06:00:00'),
(118, 'test_user', 37600, '配達完了', '2024-01-05 06:00:00'),
(119, 'test_user', 117000, '出荷準備中', '2023-11-04 06:00:00'),
(120, 'test_user', 72000, '配達中', '2023-07-14 06:00:00'),
(121, 'test_user', 51600, '出荷準備中', '2024-06-11 06:00:00'),
(122, 'test_user', 131400, '出荷準備中', '2023-10-04 06:00:00'),
(123, 'test_user', 16600, '発送済み', '2023-10-08 06:00:00'),
(124, 'test_user', 107200, '発送済み', '2024-05-27 06:00:00'),
(125, 'test_user', 29500, '出荷準備中', '2024-08-15 06:00:00'),
(126, 'test_user', 11715, '配達中', '2023-04-04 06:00:00'),
(127, 'test_user', 66900, '配達完了', '2023-10-19 06:00:00'),
(128, 'test_user', 2400, '発送済み', '2023-06-09 06:00:00'),
(129, 'test_user', 104200, '出荷準備中', '2024-02-03 06:00:00'),
(130, 'test_user', 82200, '配達完了', '2023-12-05 06:00:00'),
(131, 'test_user', 19200, '配達完了', '2024-03-24 06:00:00'),
(132, 'test_user', 102110, '出荷準備中', '2023-08-10 06:00:00'),
(133, 'test_user', 60700, '発送済み', '2024-05-20 06:00:00'),
(134, 'test_user', 116400, '発送済み', '2023-12-29 06:00:00'),
(135, 'test_user', 110900, '発送済み', '2024-09-19 06:00:00'),
(136, 'test_user', 38600, '配達完了', '2024-05-18 06:00:00'),
(137, 'test_user', 134300, '出荷準備中', '2024-07-27 06:00:00'),
(138, 'test_user', 16800, '出荷準備中', '2023-03-20 06:00:00'),
(139, 'test_user', 15900, '発送済み', '2023-02-13 06:00:00'),
(140, 'test_user', 96000, '発送済み', '2023-11-17 06:00:00'),
(141, 'test_user', 58300, '配達完了', '2023-08-03 06:00:00'),
(142, 'test_user', 75000, '配達完了', '2023-05-14 06:00:00'),
(143, 'test_user', 78500, '配達完了', '2024-02-08 06:00:00'),
(144, 'test_user', 30200, '出荷準備中', '2024-04-23 06:00:00'),
(145, 'test_user', 41600, '発送済み', '2023-11-15 06:00:00'),
(146, 'test_user', 133700, '配達完了', '2023-11-24 06:00:00'),
(147, 'test_user', 16900, '配達完了', '2024-07-22 06:00:00'),
(148, 'test_user', 86400, '出荷準備中', '2024-02-21 06:00:00'),
(149, 'test_user', 21900, '配達完了', '2024-06-29 06:00:00'),
(152, 'test_user', 81300, '発送済み', '2023-01-14 06:00:00'),
(154, 'test_user', 114692, '配達完了', '2023-02-18 06:00:00'),
(156, 'test_user', 94600, '発送済み', '2023-04-09 06:00:00'),
(158, 'test_user', 38600, '配達完了', '2023-01-28 06:00:00'),
(159, 'test_user', 73500, '発送済み', '2023-01-13 06:00:00'),
(160, 'test_user', 80200, '発送済み', '2023-08-09 06:00:00'),
(161, 'test_user', 15800, '発送済み', '2023-01-13 06:00:00'),
(170, 'test_user', 56400, '出荷準備中', '2023-07-14 06:00:00'),
(171, 'test_user', 57600, '出荷準備中', '2023-06-26 06:00:00'),
(172, 'test_user', 73600, '配達完了', '2023-01-10 06:00:00'),
(174, 'test_user', 83500, '発送済み', '2023-05-24 06:00:00'),
(175, 'test_user', 99900, '配達中', '2024-01-13 06:00:00'),
(176, 'test_user', 26000, '出荷準備中', '2023-09-12 06:00:00'),
(177, 'test_user', 11500, '配達完了', '2023-11-30 06:00:00'),
(178, 'test_user', 128200, '配達完了', '2024-03-17 06:00:00'),
(179, 'test_user', 132600, '出荷準備中', '2024-02-25 06:00:00'),
(180, 'test_user', 67500, '出荷準備中', '2023-08-17 06:00:00'),
(181, 'test_user', 136500, '配達中', '2024-06-15 06:00:00'),
(182, 'test_user', 110700, '出荷準備中', '2024-02-28 06:00:00'),
(183, 'test_user', 211500, '発送済み', '2024-04-20 06:00:00'),
(184, 'test_user', 19000, '配達完了', '2023-12-05 06:00:00'),
(185, 'test_user', 95100, '発送済み', '2024-10-08 06:00:00'),
(195, 'test_user', 70700, '発送済み', '2023-07-23 06:00:00'),
(196, 'test_user', 42000, '出荷準備中', '2023-02-01 06:00:00'),
(197, 'test_user', 74000, '配達完了', '2023-06-26 06:00:00'),
(198, 'test_user', 49600, '配達完了', '2023-07-24 06:00:00'),
(199, 'test_user', 22229, '発送済み', '2023-08-14 06:00:00'),
(200, 'test_user', 88100, '発送済み', '2023-04-08 06:00:00'),
(201, 'test_user', 28015, '発送済み', '2023-07-02 06:00:00'),
(202, 'test_user', 106508, '出荷準備中', '2024-03-15 06:00:00'),
(203, 'test_user', 41000, '配達完了', '2023-10-20 06:00:00'),
(204, 'test_user', 110400, '配達中', '2024-01-06 06:00:00'),
(205, 'test_user', 94000, '発送済み', '2023-12-23 06:00:00'),
(206, 'test_user', 14008, '配達中', '2024-07-06 06:00:00'),
(207, 'test_user', 45600, '配達中', '2024-05-04 06:00:00'),
(208, 'test_user', 30600, '配達完了', '2024-06-21 06:00:00'),
(209, 'test_user', 48016, '出荷準備中', '2024-10-12 06:00:00'),
(215, 'test_user', 19040, '出荷準備中', '2023-04-28 06:00:00'),
(218, 'test_user', 146400, '発送済み', '2023-08-22 06:00:00'),
(220, 'test_user', 41100, '出荷準備中', '2023-10-09 06:00:00'),
(221, 'test_user', 63802, '配達中', '2023-06-26 06:00:00'),
(222, 'test_user', 26400, '配達中', '2023-05-13 06:00:00'),
(223, 'test_user', 103669, '配達中', '2023-12-04 06:00:00'),
(224, 'test_user', 20000, '発送済み', '2023-11-07 06:00:00'),
(225, 'test_user', 49900, '発送済み', '2023-10-31 06:00:00'),
(226, 'test_user', 25200, '出荷準備中', '2024-04-11 06:00:00'),
(227, 'test_user', 54000, '配達完了', '2024-03-21 06:00:00'),
(228, 'test_user', 95400, '出荷準備中', '2024-04-13 06:00:00'),
(229, 'test_user', 84000, '出荷準備中', '2024-04-24 06:00:00'),
(230, 'test_user', 2500, '出荷準備中', '2024-07-14 06:00:00'),
(231, 'test_user', 22000, '発送済み', '2024-09-17 06:00:00'),
(232, 'test_user', 137700, '出荷準備中', '2024-05-20 06:00:00'),
(233, 'test_user', 125200, '配達中', '2024-09-24 06:00:00'),
(238, 'test_user', 155100, '配達完了', '2023-04-06 06:00:00'),
(240, 'test_user', 58400, '配達中', '2023-01-23 06:00:00'),
(241, 'test_user', 10400, '出荷準備中', '2023-07-30 06:00:00'),
(242, 'test_user', 37908, '出荷準備中', '2023-07-05 06:00:00'),
(244, 'test_user', 44500, '配達中', '2023-08-14 06:00:00'),
(245, 'test_user', 167100, '発送済み', '2023-03-22 06:00:00'),
(246, 'test_user', 53300, '配達中', '2023-10-01 06:00:00'),
(247, 'test_user', 65000, '配達中', '2023-08-09 06:00:00'),
(248, 'test_user', 95900, '配達中', '2023-04-23 06:00:00'),
(249, 'test_user', 71000, '配達中', '2023-05-24 06:00:00'),
(250, 'test_user', 106100, '配達完了', '2023-10-31 06:00:00'),
(251, 'test_user', 53500, '配達中', '2023-09-02 06:00:00'),
(252, 'test_user', 17300, '配達中', '2023-11-19 06:00:00'),
(253, 'test_user', 2115, '出荷準備中', '2023-08-22 06:00:00'),
(254, 'test_user', 102700, '配達中', '2024-05-01 06:00:00'),
(255, 'test_user', 120600, '配達完了', '2023-12-07 06:00:00'),
(256, 'test_user', 34960, '配達中', '2024-05-02 06:00:00'),
(257, 'test_user', 87923, '配達中', '2024-10-30 06:00:00'),
(264, 'test_user', 3885, '配達中', '2023-06-10 06:00:00'),
(265, 'test_user', 134392, '配達中', '2023-03-20 06:00:00'),
(266, 'test_user', 39200, '配達中', '2023-04-01 06:00:00'),
(267, 'test_user', 32500, '配達中', '2023-02-14 06:00:00'),
(268, 'test_user', 24000, '出荷準備中', '2023-09-20 06:00:00'),
(269, 'test_user', 21600, '配達中', '2023-06-04 06:00:00'),
(270, 'test_user', 47000, '配達中', '2023-09-17 06:00:00'),
(271, 'test_user', 48300, '配達中', '2024-01-06 06:00:00'),
(272, 'test_user', 60400, '出荷準備中', '2023-06-16 06:00:00'),
(273, 'test_user', 175100, '出荷準備中', '2023-07-10 06:00:00'),
(274, 'test_user', 12240, '出荷準備中', '2023-12-01 06:00:00'),
(275, 'test_user', 60000, '発送済み', '2024-02-21 06:00:00'),
(276, 'test_user', 34600, '出荷準備中', '2024-01-16 06:00:00'),
(277, 'test_user', 91600, '発送済み', '2024-06-10 06:00:00'),
(278, 'test_user', 175500, '出荷準備中', '2024-02-27 06:00:00'),
(279, 'test_user', 35600, '発送済み', '2024-05-15 06:00:00'),
(280, 'test_user', 135003, '配達中', '2024-04-03 06:00:00'),
(281, 'test_user', 194100, '配達中', '2024-05-14 06:00:00'),
(282, 'test_user', 29800, '発送済み', '2023-03-30 06:00:00'),
(283, 'test_user', 183900, '発送済み', '2023-06-05 06:00:00'),
(284, 'test_user', 55700, '出荷準備中', '2023-06-26 06:00:00'),
(285, 'test_user', 19000, '出荷準備中', '2023-04-27 06:00:00'),
(286, 'test_user', 43700, '配達完了', '2023-10-26 06:00:00'),
(287, 'test_user', 95200, '出荷準備中', '2024-02-04 06:00:00'),
(288, 'test_user', 21000, '配達中', '2024-01-21 06:00:00'),
(289, 'test_user', 153000, '発送済み', '2024-02-17 06:00:00'),
(290, 'test_user', 159100, '配達完了', '2024-02-06 06:00:00'),
(291, 'test_user', 16600, '配達中', '2024-01-29 06:00:00'),
(292, 'test_user', 9400, '発送済み', '2024-03-16 06:00:00'),
(293, 'test_user', 27800, '発送済み', '2024-01-28 06:00:00'),
(294, 'test_user', 118200, '出荷準備中', '2023-09-16 06:00:00'),
(295, 'test_user', 292516, '出荷準備中', '2023-02-21 06:00:00'),
(296, 'test_user', 55000, '発送済み', '2023-11-16 06:00:00'),
(297, 'test_user', 55500, '配達完了', '2023-04-27 06:00:00'),
(298, 'test_user', 115000, '配達中', '2024-04-20 06:00:00'),
(299, 'test_user', 124400, '発送済み', '2024-04-21 06:00:00'),
(300, 'test_user', 23200, '発送済み', '2023-09-19 06:00:00'),
(301, 'test_user', 15000, '発送済み', '2023-10-12 06:00:00'),
(302, 'test_user', 89800, '出荷準備中', '2024-06-13 06:00:00'),
(303, 'test_user', 15000, '発送済み', '2023-11-25 06:00:00'),
(304, 'test_user', 32500, '配達完了', '2024-09-15 06:00:00'),
(305, 'test_user', 47600, '配達中', '2024-03-03 06:00:00'),
(306, 'test_user', 113000, '配達完了', '2023-05-08 06:00:00'),
(307, 'test_user', 24000, '発送済み', '2023-04-22 06:00:00'),
(308, 'test_user', 29300, '発送済み', '2023-03-24 06:00:00'),
(309, 'test_user', 101000, '出荷準備中', '2023-07-06 06:00:00'),
(310, 'test_user', 68900, '出荷準備中', '2023-10-13 06:00:00'),
(311, 'test_user', 11000, '配達中', '2023-08-30 06:00:00'),
(312, 'test_user', 111800, '配達完了', '2024-02-20 06:00:00'),
(313, 'test_user', 116300, '配達中', '2023-08-08 06:00:00'),
(314, 'test_user', 84000, '配達完了', '2024-04-22 06:00:00'),
(315, 'test_user', 34000, '発送済み', '2023-10-08 06:00:00'),
(316, 'test_user', 112500, '配達中', '2024-06-24 06:00:00'),
(317, 'test_user', 129700, '配達完了', '2024-01-24 06:00:00'),
(318, 'test_user', 27400, '配達中', '2023-01-05 06:00:00'),
(319, 'test_user', 49500, '発送済み', '2024-01-12 06:00:00'),
(320, 'test_user', 97500, '配達中', '2024-01-27 06:00:00'),
(321, 'test_user', 65000, '発送済み', '2024-01-11 06:00:00'),
(322, 'test_user', 5500, '発送済み', '2024-01-12 06:00:00'),
(323, 'test_user', 27800, '配達完了', '2023-10-04 06:00:00'),
(324, 'test_user', 105500, '発送済み', '2023-09-24 06:00:00'),
(325, 'test_user', 113600, '配達中', '2023-12-14 06:00:00'),
(326, 'test_user', 49500, '出荷準備中', '2024-08-14 06:00:00'),
(327, 'test_user', 55500, '発送済み', '2024-08-05 06:00:00'),
(328, 'test_user', 19200, '出荷準備中', '2024-05-09 06:00:00'),
(329, 'test_user', 17600, '出荷準備中', '2024-03-27 06:00:00'),
(330, 'test_user', 44900, '配達完了', '2023-05-08 06:00:00'),
(331, 'test_user', 7000, '出荷準備中', '2023-06-17 06:00:00'),
(332, 'test_user', 42900, '配達完了', '2024-02-13 06:00:00'),
(333, 'test_user', 113500, '発送済み', '2024-02-18 06:00:00'),
(334, 'test_user', 61660, '配達中', '2023-07-16 06:00:00'),
(335, 'test_user', 21600, '配達完了', '2023-06-25 06:00:00'),
(336, 'test_user', 163000, '出荷準備中', '2023-11-19 06:00:00'),
(337, 'test_user', 29735, '配達中', '2024-05-18 06:00:00'),
(338, 'test_user', 47300, '出荷準備中', '2024-05-15 06:00:00'),
(339, 'test_user', 36500, '配達中', '2023-12-29 06:00:00'),
(340, 'test_user', 73060, '発送済み', '2024-03-05 06:00:00'),
(341, 'test_user', 187800, '発送済み', '2024-04-08 06:00:00'),
(342, 'test_user', 47623, '出荷準備中', '2023-08-27 06:00:00'),
(343, 'test_user', 16000, '配達完了', '2023-04-30 06:00:00'),
(344, 'test_user', 152700, '出荷準備中', '2023-11-24 06:00:00'),
(345, 'test_user', 66500, '配達中', '2024-01-26 06:00:00'),
(346, 'test_user', 20600, '出荷準備中', '2023-05-18 06:00:00'),
(347, 'test_user', 120100, '配達完了', '2023-12-05 06:00:00'),
(348, 'test_user', 23600, '配達完了', '2023-10-31 06:00:00'),
(349, 'test_user', 314900, '出荷準備中', '2024-05-07 06:00:00'),
(350, 'test_user', 23200, '配達中', '2024-04-17 06:00:00'),
(351, 'test_user', 81000, '発送済み', '2023-10-12 06:00:00'),
(352, 'test_user', 21800, '出荷準備中', '2024-10-23 06:00:00'),
(353, 'test_user', 15300, '出荷準備中', '2024-04-04 06:00:00'),
(354, 'test_user', 141500, '配達完了', '2023-03-25 06:00:00'),
(355, 'test_user', 23100, '配達中', '2023-07-03 06:00:00'),
(356, 'test_user', 117500, '配達完了', '2024-01-16 06:00:00'),
(357, 'test_user', 48300, '配達中', '2023-04-02 06:00:00'),
(358, 'test_user', 63300, '配達中', '2023-06-30 06:00:00'),
(359, 'test_user', 39269, '配達中', '2023-07-29 06:00:00'),
(360, 'test_user', 154400, '発送済み', '2024-01-15 06:00:00'),
(361, 'test_user', 114300, '発送済み', '2024-07-05 06:00:00'),
(362, 'test_user', 38000, '配達中', '2024-06-12 06:00:00'),
(363, 'test_user', 175500, '発送済み', '2024-04-01 06:00:00'),
(364, 'test_user', 34000, '配達完了', '2024-05-24 06:00:00'),
(365, 'test_user', 20700, '出荷準備中', '2024-02-14 06:00:00'),
(366, 'test_user', 71100, '発送済み', '2023-11-16 06:00:00'),
(367, 'test_user', 84000, '配達中', '2023-11-17 06:00:00'),
(368, 'test_user', 11500, '配達中', '2023-05-17 06:00:00'),
(369, 'test_user', 91700, '配達中', '2024-03-10 06:00:00'),
(370, 'test_user', 61900, '配達中', '2023-05-14 06:00:00'),
(371, 'test_user', 75800, '配達完了', '2023-08-26 06:00:00'),
(372, 'test_user', 9900, '出荷準備中', '2023-09-13 06:00:00'),
(373, 'test_user', 91300, '配達完了', '2024-04-27 06:00:00'),
(374, 'test_user', 58100, '配達中', '2023-12-16 06:00:00'),
(375, 'test_user', 58000, '配達中', '2024-08-16 06:00:00'),
(376, 'test_user', 58200, '出荷準備中', '2023-12-07 06:00:00'),
(377, 'test_user', 40800, '配達完了', '2024-11-27 06:00:00'),
(378, 'test_user', 15437, '出荷準備中', '2023-07-25 06:00:00'),
(379, 'test_user', 20000, '出荷準備中', '2023-12-03 06:00:00'),
(380, 'test_user', 43500, '配達中', '2024-01-04 06:00:00'),
(381, 'test_user', 19400, '配達完了', '2023-11-09 06:00:00'),
(382, 'test_user', 79000, '配達中', '2024-04-24 06:00:00'),
(383, 'test_user', 5200, '配達完了', '2023-08-26 06:00:00'),
(384, 'test_user', 31700, '配達完了', '2024-03-01 06:00:00'),
(385, 'test_user', 43000, '出荷準備中', '2024-03-18 06:00:00'),
(386, 'test_user', 129610, '配達中', '2024-08-21 06:00:00'),
(387, 'test_user', 34000, '配達中', '2024-08-11 06:00:00'),
(388, 'test_user', 2732, '出荷準備中', '2024-07-02 06:00:00'),
(389, 'test_user', 60900, '出荷準備中', '2024-11-23 06:00:00'),
(390, 'test_user', 157600, '配達完了', '2023-08-23 06:00:00'),
(391, 'test_user', 16500, '配達中', '2023-07-01 06:00:00'),
(392, 'test_user', 115600, '配達中', '2023-03-18 06:00:00'),
(393, 'test_user', 15100, '配達中', '2023-06-17 06:00:00'),
(394, 'test_user', 168200, '配達中', '2023-12-27 06:00:00'),
(395, 'test_user', 58900, '出荷準備中', '2024-01-11 06:00:00'),
(396, 'test_user', 41700, '出荷準備中', '2024-04-17 06:00:00'),
(397, 'test_user', 89000, '発送済み', '2024-03-29 06:00:00'),
(398, 'test_user', 61000, '出荷準備中', '2024-01-30 06:00:00'),
(399, 'test_user', 41700, '発送済み', '2024-09-20 06:00:00'),
(400, 'test_user', 4000, '発送済み', '2024-08-17 06:00:00'),
(401, 'test_user', 12240, '配達中', '2024-04-24 06:00:00'),
(402, 'test_user', 48240, '配達中', '2023-06-13 06:00:00'),
(403, 'test_user', 34000, '出荷準備中', '2023-05-16 06:00:00'),
(404, 'test_user', 55600, '配達中', '2023-08-17 06:00:00'),
(405, 'test_user', 46900, '出荷準備中', '2023-07-03 06:00:00'),
(406, 'test_user', 57500, '発送済み', '2024-01-13 06:00:00'),
(407, 'test_user', 0, '配達中', '2023-07-26 06:00:00'),
(408, 'test_user', 16611, '配達中', '2024-01-21 06:00:00'),
(409, 'test_user', 36100, '出荷準備中', '2023-11-17 06:00:00'),
(410, 'test_user', 136300, '配達完了', '2024-04-22 06:00:00'),
(411, 'test_user', 49600, '発送済み', '2024-04-20 06:00:00'),
(412, 'test_user', 4200, '配達中', '2024-08-20 06:00:00'),
(413, 'test_user', 112100, '発送済み', '2024-03-22 06:00:00'),
(414, 'test_user', 86700, '発送済み', '2023-08-18 06:00:00'),
(415, 'test_user', 5800, '配達中', '2023-04-24 06:00:00'),
(416, 'test_user', 50900, '配達中', '2023-10-23 06:00:00'),
(417, 'test_user', 7700, '配達中', '2023-07-25 06:00:00'),
(418, 'test_user', 13500, '出荷準備中', '2023-07-14 06:00:00'),
(419, 'test_user', 132900, '発送済み', '2023-06-26 06:00:00'),
(420, 'test_user', 103100, '配達完了', '2023-12-27 06:00:00'),
(421, 'test_user', 53800, '発送済み', '2024-05-05 06:00:00'),
(422, 'test_user', 18200, '発送済み', '2023-10-07 06:00:00'),
(423, 'test_user', 63200, '発送済み', '2023-10-14 06:00:00'),
(424, 'test_user', 14200, '出荷準備中', '2024-08-26 06:00:00'),
(425, 'test_user', 96798, '配達中', '2024-03-22 06:00:00'),
(426, 'test_user', 63000, '出荷準備中', '2023-02-05 06:00:00'),
(427, 'test_user', 190000, '配達中', '2024-01-11 06:00:00'),
(428, 'test_user', 35200, '出荷準備中', '2023-04-09 06:00:00'),
(429, 'test_user', 26710, '配達中', '2023-10-26 06:00:00'),
(430, 'test_user', 189600, '発送済み', '2024-04-02 06:00:00'),
(431, 'test_user', 27200, '配達中', '2023-11-17 06:00:00'),
(432, 'test_user', 112000, '発送済み', '2024-01-11 06:00:00'),
(433, 'test_user', 41101, '配達中', '2024-07-25 06:00:00'),
(434, 'test_user', 9247, '発送済み', '2024-08-14 06:00:00'),
(435, 'test_user', 43800, '発送済み', '2024-01-16 06:00:00'),
(436, 'test_user', 19900, '配達中', '2023-11-01 06:00:00'),
(437, 'test_user', 37100, '発送済み', '2024-04-22 06:00:00'),
(438, 'test_user', 68500, '出荷準備中', '2023-07-02 06:00:00'),
(439, 'test_user', 44800, '出荷準備中', '2023-01-31 06:00:00'),
(440, 'test_user', 243900, '出荷準備中', '2023-08-31 06:00:00'),
(441, 'test_user', 2000, '配達中', '2023-11-08 06:00:00'),
(442, 'test_user', 83100, '発送済み', '2024-04-28 06:00:00'),
(443, 'test_user', 78700, '配達完了', '2023-11-29 06:00:00'),
(444, 'test_user', 71100, '配達中', '2024-01-01 06:00:00'),
(445, 'test_user', 26500, '出荷準備中', '2023-10-02 06:00:00'),
(446, 'test_user', 41500, '出荷準備中', '2024-05-30 06:00:00'),
(447, 'test_user', 63510, '配達中', '2024-05-21 06:00:00'),
(448, 'test_user', 36600, '配達中', '2024-04-22 06:00:00'),
(449, 'test_user', 46210, '配達中', '2024-03-19 06:00:00'),
(450, 'test_user', 11400, '発送済み', '2023-11-10 06:00:00'),
(451, 'test_user', 10500, '配達中', '2023-06-06 06:00:00'),
(452, 'test_user', 50000, '配達中', '2023-10-03 06:00:00'),
(453, 'test_user', 311600, '発送済み', '2024-01-22 06:00:00'),
(454, 'test_user', 19800, '発送済み', '2023-04-19 06:00:00'),
(455, 'test_user', 99100, '発送済み', '2024-03-23 06:00:00'),
(456, 'test_user', 250300, '発送済み', '2024-01-12 06:00:00'),
(457, 'test_user', 103200, '発送済み', '2024-03-03 06:00:00'),
(458, 'test_user', 168500, '配達完了', '2023-11-11 06:00:00'),
(459, 'test_user', 142200, '出荷準備中', '2023-12-12 06:00:00'),
(460, 'test_user', 47415, '出荷準備中', '2024-08-09 06:00:00'),
(461, 'test_user', 68400, '配達完了', '2024-08-17 06:00:00'),
(462, 'test_user', 2800, '出荷準備中', '2024-04-29 06:00:00'),
(463, 'test_user', 32800, '配達中', '2023-09-11 06:00:00'),
(464, 'test_user', 51600, '配達完了', '2023-08-09 06:00:00'),
(465, 'test_user', 106000, '出荷準備中', '2023-10-13 06:00:00'),
(466, 'test_user', 69800, '発送済み', '2023-05-25 06:00:00'),
(467, 'test_user', 11300, '配達完了', '2023-08-08 06:00:00'),
(468, 'test_user', 26996, '配達完了', '2024-04-13 06:00:00'),
(469, 'test_user', 11200, '出荷準備中', '2023-08-02 06:00:00'),
(470, 'test_user', 14200, '配達中', '2024-06-26 06:00:00'),
(471, 'test_user', 46200, '発送済み', '2024-02-03 06:00:00'),
(472, 'test_user', 96200, '出荷準備中', '2024-09-24 06:00:00'),
(473, 'test_user', 65800, '配達中', '2024-09-25 06:00:00'),
(474, 'test_user', 72000, '配達中', '2024-03-30 06:00:00'),
(475, 'test_user', 50000, '発送済み', '2023-02-07 06:00:00'),
(476, 'test_user', 0, '発送済み', '2023-11-14 06:00:00'),
(477, 'test_user', 200320, '発送済み', '2023-12-04 06:00:00'),
(478, 'test_user', 93900, '配達中', '2023-05-05 06:00:00'),
(479, 'test_user', 12800, '配達中', '2024-02-04 06:00:00'),
(480, 'test_user', 26300, '出荷準備中', '2023-11-04 06:00:00'),
(481, 'test_user', 18000, '出荷準備中', '2023-07-22 06:00:00'),
(482, 'test_user', 71600, '配達中', '2023-08-09 06:00:00'),
(483, 'test_user', 24200, '出荷準備中', '2024-05-21 06:00:00'),
(484, 'test_user', 62240, '配達完了', '2024-01-16 06:00:00'),
(485, 'test_user', 8000, '配達完了', '2024-08-30 06:00:00'),
(486, 'test_user', 19200, '出荷準備中', '2023-11-19 06:00:00'),
(487, 'test_user', 46900, '配達完了', '2024-08-23 06:00:00'),
(488, 'test_user', 19600, '出荷準備中', '2023-06-09 06:00:00'),
(489, 'test_user', 97304, '配達中', '2023-11-05 06:00:00'),
(490, 'test_user', 69460, '出荷準備中', '2023-09-07 06:00:00'),
(491, 'test_user', 53700, '発送済み', '2023-05-08 06:00:00'),
(492, 'test_user', 38300, '出荷準備中', '2023-08-16 06:00:00'),
(493, 'test_user', 51404, '出荷準備中', '2024-02-02 06:00:00'),
(494, 'test_user', 16200, '配達中', '2023-09-07 06:00:00'),
(495, 'test_user', 5400, '発送済み', '2024-02-16 06:00:00'),
(496, 'test_user', 29000, '出荷準備中', '2024-05-25 06:00:00'),
(497, 'test_user', 93800, '発送済み', '2024-09-28 06:00:00'),
(498, 'test_user', 25400, '配達中', '2024-03-08 06:00:00'),
(499, 'test_user', 165402, '配達完了', '2024-08-30 06:00:00'),
(500, 'test_user', 64800, '配達完了', '2023-05-22 06:00:00'),
(501, 'test_user', 88200, '配達完了', '2023-12-30 06:00:00'),
(502, 'test_user', 54100, '発送済み', '2023-10-07 06:00:00'),
(503, 'test_user', 177100, '配達完了', '2024-02-27 06:00:00'),
(504, 'test_user', 28915, '出荷準備中', '2024-01-28 06:00:00'),
(505, 'test_user', 34500, '出荷準備中', '2024-02-11 06:00:00'),
(506, 'test_user', 15200, '発送済み', '2023-11-29 06:00:00'),
(507, 'test_user', 72004, '配達完了', '2023-11-17 06:00:00'),
(508, 'test_user', 61500, '配達完了', '2024-05-24 06:00:00'),
(509, 'test_user', 93400, '出荷準備中', '2023-09-29 06:00:00'),
(510, 'test_user', 30000, '発送済み', '2023-11-27 06:00:00'),
(511, 'test_user', 84000, '配達完了', '2024-02-24 06:00:00'),
(512, 'test_user', 61403, '配達中', '2024-07-18 06:00:00'),
(513, 'test_user', 2900, '配達中', '2023-02-24 06:00:00'),
(514, 'test_user', 136000, '配達完了', '2023-04-05 06:00:00'),
(515, 'test_user', 33000, '配達中', '2024-02-21 06:00:00'),
(516, 'test_user', 20500, '配達完了', '2023-04-19 06:00:00'),
(517, 'test_user', 6000, '配達中', '2023-07-05 06:00:00'),
(518, 'test_user', 42000, '配達完了', '2024-05-28 06:00:00'),
(519, 'test_user', 97200, '発送済み', '2023-10-12 06:00:00'),
(520, 'test_user', 12600, '配達完了', '2024-01-20 06:00:00'),
(521, 'test_user', 77000, '発送済み', '2024-02-04 06:00:00'),
(522, 'test_user', 190000, '配達完了', '2024-09-02 06:00:00'),
(523, 'test_user', 94600, '配達中', '2024-07-25 06:00:00'),
(524, 'test_user', 118700, '発送済み', '2024-07-26 06:00:00'),
(525, 'test_user', 108000, '発送済み', '2023-05-30 06:00:00'),
(526, 'test_user', 42200, '配達完了', '2023-09-03 06:00:00'),
(527, 'test_user', 67000, '発送済み', '2023-06-05 06:00:00'),
(528, 'test_user', 187000, '配達完了', '2023-08-21 06:00:00'),
(529, 'test_user', 146500, '配達中', '2023-04-02 06:00:00'),
(530, 'test_user', 37700, '配達中', '2024-02-15 06:00:00'),
(531, 'test_user', 104100, '発送済み', '2023-07-16 06:00:00'),
(532, 'test_user', 71100, '出荷準備中', '2023-09-22 06:00:00'),
(533, 'test_user', 110600, '出荷準備中', '2023-10-22 06:00:00'),
(534, 'test_user', 41702, '配達中', '2023-12-07 06:00:00'),
(535, 'test_user', 42020, '発送済み', '2023-10-18 06:00:00'),
(536, 'test_user', 98400, '発送済み', '2024-05-25 06:00:00'),
(537, 'test_user', 51900, '出荷準備中', '2024-03-31 06:00:00'),
(538, 'test_user', 12376, '配達中', '2023-03-26 06:00:00'),
(539, 'test_user', 32306, '配達中', '2023-07-14 06:00:00'),
(540, 'test_user', 71600, '配達中', '2023-08-05 06:00:00'),
(541, 'test_user', 73300, '出荷準備中', '2023-06-21 06:00:00'),
(542, 'test_user', 64000, '出荷準備中', '2023-09-10 06:00:00'),
(543, 'test_user', 36600, '出荷準備中', '2024-05-08 06:00:00'),
(544, 'test_user', 57800, '発送済み', '2024-02-03 06:00:00'),
(545, 'test_user', 46100, '出荷準備中', '2024-06-15 06:00:00'),
(546, 'test_user', 44000, '出荷準備中', '2023-12-22 06:00:00'),
(547, 'test_user', 4700, '発送済み', '2024-09-24 06:00:00'),
(548, 'test_user', 120300, '配達中', '2024-10-29 06:00:00'),
(549, 'test_user', 15200, '出荷準備中', '2023-12-26 06:00:00'),
(550, 'test_user', 65802, '配達完了', '2023-09-09 06:00:00'),
(551, 'test_user', 25000, '出荷準備中', '2023-10-29 06:00:00'),
(552, 'test_user', 206000, '配達完了', '2023-10-28 06:00:00'),
(553, 'test_user', 119100, '発送済み', '2023-10-17 06:00:00'),
(554, 'test_user', 91600, '配達完了', '2023-08-20 06:00:00'),
(555, 'test_user', 9505, '配達完了', '2024-01-10 06:00:00'),
(556, 'test_user', 47000, '配達中', '2024-03-19 06:00:00'),
(557, 'test_user', 19200, '発送済み', '2024-06-25 06:00:00'),
(558, 'test_user', 120300, '配達中', '2024-02-20 06:00:00'),
(559, 'test_user', 184100, '発送済み', '2024-05-21 06:00:00'),
(560, 'test_user', 15500, '発送済み', '2024-06-27 06:00:00'),
(561, 'test_user', 68400, '出荷準備中', '2024-05-31 06:00:00'),
(562, 'test_user', 32700, '配達完了', '2024-05-02 06:00:00'),
(563, 'test_user', 123600, '配達中', '2023-10-17 06:00:00'),
(564, 'test_user', 27804, '配達中', '2023-05-25 06:00:00'),
(565, 'test_user', 15100, '配達中', '2023-12-11 06:00:00'),
(566, 'test_user', 5400, '出荷準備中', '2023-05-13 06:00:00'),
(567, 'test_user', 48000, '配達中', '2023-07-06 06:00:00'),
(568, 'test_user', 43700, '出荷準備中', '2023-10-30 06:00:00'),
(569, 'test_user', 141600, '配達完了', '2023-10-16 06:00:00'),
(570, 'test_user', 193000, '配達完了', '2024-06-13 06:00:00'),
(571, 'test_user', 21500, '発送済み', '2024-07-26 06:00:00'),
(572, 'test_user', 58500, '発送済み', '2024-02-07 06:00:00'),
(573, 'test_user', 148408, '出荷準備中', '2024-06-30 06:00:00'),
(574, 'test_user', 63100, '発送済み', '2024-05-04 06:00:00'),
(575, 'test_user', 15200, '出荷準備中', '2023-05-18 06:00:00'),
(576, 'test_user', 171400, '配達完了', '2023-02-25 06:00:00'),
(577, 'test_user', 11000, '配達中', '2023-11-10 06:00:00'),
(578, 'test_user', 54500, '配達完了', '2023-07-09 06:00:00'),
(579, 'test_user', 59812, '発送済み', '2024-01-27 06:00:00'),
(580, 'test_user', 74500, '発送済み', '2023-11-11 06:00:00'),
(581, 'test_user', 60000, '配達中', '2024-02-05 06:00:00'),
(582, 'test_user', 77500, '発送済み', '2023-09-24 06:00:00'),
(583, 'test_user', 201700, '配達中', '2023-11-18 06:00:00'),
(584, 'test_user', 23900, '配達中', '2024-04-13 06:00:00'),
(585, 'test_user', 94000, '配達完了', '2023-10-29 06:00:00'),
(586, 'test_user', 100100, '配達中', '2024-10-05 06:00:00'),
(587, 'test_user', 25200, '配達中', '2023-12-10 06:00:00'),
(588, 'test_user', 2125, '出荷準備中', '2023-02-15 06:00:00'),
(589, 'test_user', 152600, '出荷準備中', '2023-04-04 06:00:00'),
(590, 'test_user', 32000, '出荷準備中', '2023-05-04 06:00:00'),
(591, 'test_user', 201400, '配達中', '2024-02-02 06:00:00'),
(592, 'test_user', 174646, '配達完了', '2023-10-01 06:00:00'),
(593, 'test_user', 114000, '配達中', '2023-11-02 06:00:00'),
(594, 'test_user', 48100, '配達中', '2023-10-14 06:00:00'),
(595, 'test_user', 40800, '出荷準備中', '2024-04-21 06:00:00'),
(596, 'test_user', 50900, '発送済み', '2023-11-15 06:00:00'),
(597, 'test_user', 202500, '出荷準備中', '2024-02-26 06:00:00'),
(598, 'test_user', 78000, '配達中', '2024-09-23 06:00:00'),
(599, 'test_user', 65800, '出荷準備中', '2024-04-30 06:00:00'),
(600, 'test_user', 71604, '発送済み', '2023-09-24 06:00:00'),
(601, 'test_user', 227700, '配達中', '2023-06-22 06:00:00'),
(602, 'test_user', 211500, '出荷準備中', '2023-03-28 06:00:00'),
(603, 'test_user', 11580, '出荷準備中', '2023-05-31 06:00:00'),
(604, 'test_user', 22164, '配達中', '2024-01-19 06:00:00'),
(605, 'test_user', 84700, '発送済み', '2023-10-28 06:00:00'),
(606, 'test_user', 135800, '発送済み', '2024-02-26 06:00:00'),
(607, 'test_user', 39406, '出荷準備中', '2023-08-31 06:00:00'),
(608, 'test_user', 203200, '配達中', '2023-08-16 06:00:00'),
(609, 'test_user', 29100, '配達中', '2023-06-30 06:00:00'),
(610, 'test_user', 134500, '出荷準備中', '2023-09-06 06:00:00'),
(611, 'test_user', 43300, '配達完了', '2024-08-06 06:00:00'),
(612, 'test_user', 6469, '発送済み', '2024-08-02 06:00:00'),
(613, 'test_user', 157600, '配達完了', '2024-06-02 06:00:00'),
(614, 'test_user', 13200, '配達完了', '2024-07-13 06:00:00'),
(615, 'test_user', 67603, '発送済み', '2023-06-19 06:00:00'),
(616, 'test_user', 40000, '配達完了', '2023-05-17 06:00:00'),
(617, 'test_user', 129510, '発送済み', '2023-07-06 06:00:00'),
(618, 'test_user', 8600, '配達中', '2023-04-15 06:00:00'),
(619, 'test_user', 107700, '出荷準備中', '2023-12-26 06:00:00'),
(620, 'test_user', 8800, '配達中', '2023-07-14 06:00:00'),
(621, 'test_user', 153900, '配達中', '2023-11-15 06:00:00'),
(622, 'test_user', 88900, '発送済み', '2023-09-06 06:00:00'),
(623, 'test_user', 215000, '配達完了', '2024-03-11 06:00:00'),
(624, 'test_user', 72146, '出荷準備中', '2023-11-22 06:00:00'),
(625, 'test_user', 123160, '発送済み', '2023-10-31 06:00:00'),
(626, 'test_user', 124200, '出荷準備中', '2024-08-24 06:00:00'),
(627, 'test_user', 161600, '発送済み', '2023-08-24 06:00:00'),
(628, 'test_user', 100800, '配達中', '2023-08-11 06:00:00'),
(629, 'test_user', 68946, '配達中', '2023-08-12 06:00:00'),
(630, 'test_user', 83200, '配達中', '2023-04-12 06:00:00'),
(631, 'test_user', 25200, '出荷準備中', '2023-02-22 06:00:00'),
(632, 'test_user', 110000, '配達完了', '2023-10-19 06:00:00'),
(633, 'test_user', 48169, '発送済み', '2023-11-03 06:00:00'),
(634, 'test_user', 16000, '配達完了', '2023-11-20 06:00:00'),
(635, 'test_user', 184100, '出荷準備中', '2023-09-20 06:00:00'),
(636, 'test_user', 14001, '配達中', '2024-04-13 06:00:00'),
(637, 'test_user', 78460, '出荷準備中', '2023-10-24 06:00:00'),
(638, 'test_user', 60000, '発送済み', '2024-01-02 06:00:00'),
(639, 'test_user', 26608, '発送済み', '2024-02-09 06:00:00'),
(640, 'test_user', 134300, '出荷準備中', '2024-08-21 06:00:00'),
(641, 'test_user', 18800, '発送済み', '2024-01-18 06:00:00'),
(642, 'test_user', 40200, '配達完了', '2023-04-13 06:00:00'),
(643, 'test_user', 26200, '出荷準備中', '2023-04-07 06:00:00'),
(644, 'test_user', 18000, '配達中', '2024-01-28 06:00:00'),
(645, 'test_user', 82512, '配達中', '2023-12-29 06:00:00'),
(646, 'test_user', 16400, '配達中', '2023-05-07 06:00:00'),
(647, 'test_user', 9600, '配達完了', '2024-01-24 06:00:00'),
(648, 'test_user', 82500, '発送済み', '2023-09-17 06:00:00'),
(649, 'test_user', 15500, '出荷準備中', '2023-11-11 06:00:00'),
(650, 'test_user', 35400, '配達中', '2024-02-03 06:00:00'),
(651, 'test_user', 78320, '配達完了', '2024-04-29 06:00:00'),
(652, 'test_user', 39812, '配達中', '2024-01-23 06:00:00'),
(653, 'test_user', 131000, '発送済み', '2024-01-15 06:00:00'),
(654, 'test_user', 79200, '発送済み', '2023-09-28 06:00:00'),
(655, 'test_user', 102500, '配達中', '2023-10-11 06:00:00'),
(657, 'test_user', 116900, '発送済み', '2023-11-28 06:00:00'),
(658, 'test_user', 102000, '発送済み', '2023-03-02 06:00:00'),
(659, 'test_user', 28000, '配達中', '2023-07-22 06:00:00'),
(660, 'test_user', 3600, '配達完了', '2023-12-31 06:00:00'),
(661, 'test_user', 18900, '配達完了', '2024-02-14 06:00:00'),
(662, 'test_user', 117600, '配達中', '2023-09-27 06:00:00'),
(663, 'test_user', 153700, '出荷準備中', '2023-07-12 06:00:00'),
(664, 'test_user', 9600, '出荷準備中', '2024-04-20 06:00:00'),
(665, 'test_user', 9700, '発送済み', '2024-02-11 06:00:00'),
(666, 'test_user', 65000, '出荷準備中', '2023-10-12 06:00:00'),
(667, 'test_user', 27307, '発送済み', '2024-06-14 06:00:00'),
(668, 'test_user', 62500, '配達完了', '2024-06-11 06:00:00'),
(669, 'test_user', 168800, '発送済み', '2023-07-12 06:00:00'),
(670, 'test_user', 49400, '配達中', '2023-05-08 06:00:00'),
(671, 'test_user', 59600, '発送済み', '2023-06-13 06:00:00'),
(672, 'test_user', 90000, '発送済み', '2023-04-26 06:00:00'),
(673, 'test_user', 102600, '配達完了', '2024-02-06 06:00:00'),
(674, 'test_user', 2, '配達中', '2023-06-27 06:00:00'),
(675, 'test_user', 44000, '発送済み', '2023-12-06 06:00:00'),
(676, 'test_user', 32000, '配達完了', '2024-03-23 06:00:00'),
(677, 'test_user', 32500, '発送済み', '2024-01-22 06:00:00'),
(678, 'test_user', 24500, '配達中', '2024-06-10 06:00:00'),
(679, 'test_user', 63300, '配達中', '2024-06-29 06:00:00'),
(680, 'test_user', 67000, '出荷準備中', '2024-03-30 06:00:00'),
(682, 'test_user', 72000, '配達完了', '2023-03-24 06:00:00'),
(683, 'test_user', 40800, '発送済み', '2023-01-15 06:00:00'),
(684, 'test_user', 34400, '発送済み', '2023-11-04 06:00:00'),
(685, 'test_user', 24000, '配達中', '2024-01-05 06:00:00'),
(686, 'test_user', 41409, '出荷準備中', '2023-03-30 06:00:00'),
(687, 'test_user', 53800, '出荷準備中', '2023-06-08 06:00:00'),
(688, 'test_user', 4483, '配達完了', '2024-03-14 06:00:00'),
(689, 'test_user', 59500, '配達中', '2024-05-06 06:00:00'),
(690, 'test_user', 118200, '配達中', '2024-05-19 06:00:00'),
(691, 'test_user', 62100, '配達完了', '2024-01-22 06:00:00'),
(692, 'test_user', 195200, '配達完了', '2023-10-21 06:00:00'),
(693, 'test_user', 191200, '配達中', '2024-01-28 06:00:00'),
(694, 'test_user', 21900, '配達中', '2024-10-29 06:00:00'),
(695, 'test_user', 117600, '配達中', '2024-11-28 06:00:00'),
(696, 'test_user', 49200, '出荷準備中', '2023-12-28 06:00:00'),
(697, 'test_user', 110700, '配達完了', '2023-12-19 06:00:00'),
(698, 'test_user', 100500, '配達完了', '2023-12-31 06:00:00'),
(699, 'test_user', 215800, '配達中', '2024-03-29 06:00:00'),
(700, 'test_user', 66500, '発送済み', '2023-10-07 06:00:00'),
(701, 'test_user', 132400, '発送済み', '2023-10-04 06:00:00'),
(702, 'test_user', 11400, '配達中', '2024-02-07 06:00:00'),
(703, 'test_user', 41200, '配達完了', '2024-01-11 06:00:00'),
(704, 'test_user', 34600, '配達中', '2023-10-01 06:00:00'),
(705, 'test_user', 36500, '配達完了', '2024-04-29 06:00:00'),
(706, 'test_user', 22500, '出荷準備中', '2024-02-16 06:00:00'),
(707, 'test_user', 4200, '配達完了', '2024-04-30 06:00:00'),
(708, 'test_user', 122300, '配達中', '2023-06-27 06:00:00'),
(709, 'test_user', 16000, '出荷準備中', '2023-05-11 06:00:00'),
(710, 'test_user', 14200, '発送済み', '2023-04-06 06:00:00'),
(711, 'test_user', 5800, '出荷準備中', '2023-11-30 06:00:00'),
(712, 'test_user', 28, '発送済み', '2023-05-03 06:00:00'),
(713, 'test_user', 75000, '配達完了', '2023-09-19 06:00:00'),
(714, 'test_user', 36000, '配達完了', '2023-07-23 06:00:00'),
(715, 'test_user', 192000, '出荷準備中', '2024-04-02 06:00:00'),
(716, 'test_user', 107108, '配達中', '2024-03-10 06:00:00'),
(717, 'test_user', 84000, '発送済み', '2023-12-28 06:00:00'),
(718, 'test_user', 81600, '配達完了', '2023-12-27 06:00:00'),
(719, 'test_user', 168000, '配達完了', '2023-12-24 06:00:00'),
(720, 'test_user', 173700, '配達中', '2024-01-23 06:00:00'),
(721, 'test_user', 163500, '配達中', '2024-01-05 06:00:00'),
(722, 'test_user', 129400, '配達中', '2024-07-04 06:00:00'),
(723, 'test_user', 49200, '配達中', '2023-09-09 06:00:00'),
(724, 'test_user', 50400, '配達中', '2023-11-07 06:00:00'),
(725, 'test_user', 112700, '配達中', '2023-07-13 06:00:00'),
(726, 'test_user', 42308, '出荷準備中', '2023-05-14 06:00:00'),
(727, 'test_user', 128400, '出荷準備中', '2024-04-18 06:00:00'),
(728, 'test_user', 17500, '配達完了', '2023-10-12 06:00:00'),
(729, 'test_user', 25600, '発送済み', '2023-10-07 06:00:00'),
(730, 'test_user', 206300, '配達完了', '2024-06-15 06:00:00'),
(731, 'test_user', 262000, '出荷準備中', '2023-11-22 06:00:00'),
(732, 'test_user', 28500, '発送済み', '2024-03-02 06:00:00'),
(733, 'test_user', 191300, '配達完了', '2024-10-18 06:00:00'),
(734, 'test_user', 14500, '出荷準備中', '2024-07-09 06:00:00'),
(735, 'test_user', 29400, '出荷準備中', '2023-07-02 06:00:00'),
(736, 'test_user', 16800, '配達中', '2023-02-15 06:00:00'),
(737, 'test_user', 73609, '配達中', '2023-10-02 06:00:00'),
(738, 'test_user', 226800, '出荷準備中', '2023-04-22 06:00:00'),
(739, 'test_user', 60000, '配達中', '2023-05-24 06:00:00'),
(740, 'test_user', 150800, '発送済み', '2023-04-05 06:00:00'),
(741, 'test_user', 18800, '配達中', '2023-05-06 06:00:00'),
(742, 'test_user', 110300, '配達完了', '2024-04-26 06:00:00'),
(743, 'test_user', 133800, '出荷準備中', '2024-05-22 06:00:00'),
(744, 'test_user', 27300, '発送済み', '2024-03-04 06:00:00'),
(745, 'test_user', 218000, '発送済み', '2023-09-04 06:00:00'),
(746, 'test_user', 58300, '配達中', '2024-05-21 06:00:00'),
(747, 'test_user', 285300, '出荷準備中', '2024-08-26 06:00:00'),
(748, 'test_user', 63249, '発送済み', '2024-07-15 06:00:00'),
(749, 'test_user', 72700, '配達中', '2024-03-17 06:00:00'),
(750, 'test_user', 9600, '出荷準備中', '2023-04-01 06:00:00'),
(751, 'test_user', 122200, '配達完了', '2023-02-26 06:00:00'),
(752, 'test_user', 32000, '配達完了', '2023-04-25 06:00:00'),
(753, 'test_user', 68700, '配達中', '2023-07-18 06:00:00'),
(754, 'test_user', 101200, '配達中', '2023-08-16 06:00:00'),
(755, 'test_user', 7204, '配達中', '2024-05-09 06:00:00'),
(756, 'test_user', 113100, '出荷準備中', '2023-09-26 06:00:00'),
(757, 'test_user', 30001, '配達中', '2023-09-20 06:00:00'),
(758, 'test_user', 57400, '発送済み', '2024-03-01 06:00:00'),
(759, 'test_user', 92400, '発送済み', '2024-01-13 06:00:00'),
(760, 'test_user', 55202, '発送済み', '2024-10-09 06:00:00'),
(761, 'test_user', 65260, '配達中', '2024-04-01 06:00:00'),
(762, 'test_user', 39800, '配達完了', '2024-01-22 06:51:28'),
(763, 'test_user', 2500, '出荷準備中', '2024-01-22 06:55:17'),
(764, 'test_user', 96000, '発送済み', '2024-01-22 14:35:10');

-- --------------------------------------------------------

--
-- テーブルの構造 `orders_detail`
--

CREATE TABLE `orders_detail` (
  `order_id` int(11) NOT NULL,
  `product_id` int(11) NOT NULL,
  `color_size_id` int(11) NOT NULL,
  `order_pieces` int(11) NOT NULL,
  `detail_total` int(11) NOT NULL,
  `deli_status` tinyint(1) NOT NULL DEFAULT 0
) ENGINE=InnoDB DEFAULT CHARSET=utf8mb4 COLLATE=utf8mb4_general_ci;

--
-- テーブルのデータのダンプ `orders_detail`
--

INSERT INTO `orders_detail` (`order_id`, `product_id`, `color_size_id`, `order_pieces`, `detail_total`, `deli_status`) VALUES
(1, 35, 104, 4, 48000, 0),
(1, 51, 175, 5, 81000, 0),
(1, 106, 409, 3, 54000, 0),
(1, 116, 449, 3, 72000, 0),
(2, 9, 24, 2, 6000, 0),
(2, 20, 53, 5, 12500, 0),
(2, 29, 79, 4, 38000, 0),
(2, 46, 157, 4, 29600, 0),
(2, 46, 157, 2, 29600, 0),
(2, 48, 163, 4, 52800, 0),
(2, 55, 185, 2, 25400, 0),
(2, 59, 200, 5, 15000, 0),
(2, 76, 280, 5, 47500, 0),
(2, 133, 504, 1, 5500, 0),
(2, 149, 541, 5, 21000, 0),
(3, 53, 180, 5, 70000, 0),
(3, 103, 396, 1, 4200, 0),
(3, 106, 409, 3, 54000, 0),
(3, 133, 504, 1, 5500, 0),
(4, 134, 647, 5, 0, 0),
(5, 34, 103, 4, 39600, 0),
(5, 69, 246, 4, 11200, 0),
(6, 1, 2, 5, 15, 0),
(6, 33, 95, 3, 33000, 0),
(6, 88, 342, 3, 4500, 0),
(6, 113, 437, 3, 58500, 0),
(6, 156, 571, 4, 15200, 0),
(7, 29, 79, 4, 38000, 0),
(7, 56, 189, 5, 10000, 0),
(8, 72, 264, 2, 5600, 0),
(8, 153, 562, 3, 6000, 0),
(9, 30, 83, 2, 23000, 0),
(10, 31, 86, 4, 35200, 0),
(10, 103, 396, 4, 16800, 0),
(10, 108, 416, 4, 90000, 0),
(10, 143, 526, 2, 44000, 0),
(11, 2, 4, 3, 6, 0),
(11, 34, 103, 1, 9900, 0),
(11, 46, 157, 3, 44400, 0),
(11, 90, 351, 1, 2800, 0),
(11, 93, 369, 1, 2000, 0),
(12, 19, 52, 4, 10000, 0),
(12, 59, 200, 3, 9000, 0),
(12, 76, 280, 5, 47500, 0),
(13, 32, 91, 1, 9700, 0),
(13, 103, 396, 3, 12600, 0),
(13, 105, 405, 1, 3300, 0),
(13, 145, 531, 2, 7600, 0),
(14, 21, 54, 3, 10500, 0),
(14, 114, 440, 1, 19500, 0),
(14, 139, 514, 4, 10000, 0),
(15, 9, 24, 4, 12000, 0),
(15, 11, 33, 1, 2200, 0),
(15, 31, 86, 2, 17600, 0),
(15, 71, 259, 4, 10800, 0),
(15, 84, 318, 3, 8700, 0),
(15, 109, 421, 5, 104000, 0),
(15, 110, 427, 1, 25000, 0),
(16, 36, 110, 1, 7500, 0),
(17, 109, 421, 4, 83200, 0),
(17, 126, 490, 1, 4500, 0),
(17, 141, 519, 4, 22000, 0),
(18, 31, 86, 4, 35200, 0),
(18, 100, 385, 4, 14400, 0),
(19, 15, 45, 4, 20000, 0),
(19, 84, 318, 3, 8700, 0),
(19, 123, 484, 1, 3500, 0),
(19, 125, 488, 4, 18000, 0),
(19, 151, 549, 4, 30000, 0),
(20, 11, 33, 1, 2200, 0),
(20, 15, 45, 1, 5000, 0),
(20, 82, 308, 4, 92, 0),
(20, 159, 585, 1, 3200, 0),
(21, 16, 46, 1, 3000, 0),
(21, 50, 171, 2, 27600, 0),
(21, 75, 277, 2, 5200, 0),
(21, 131, 500, 2, 53000, 0),
(21, 137, 511, 1, 8800, 0),
(21, 146, 533, 3, 45000, 0),
(22, 90, 351, 4, 11200, 0),
(22, 149, 541, 5, 21000, 0),
(23, 70, 252, 1, 3000, 0),
(23, 87, 337, 5, 10000, 0),
(24, 17, 48, 3, 9300, 0),
(24, 34, 103, 5, 49500, 0),
(24, 84, 318, 4, 11600, 0),
(24, 117, 453, 5, 14000, 0),
(25, 71, 259, 4, 10800, 0),
(25, 110, 427, 4, 100000, 0),
(26, 23, 62, 1, 5000, 0),
(26, 27, 72, 4, 39200, 0),
(26, 37, 116, 1, 7500, 0),
(26, 157, 575, 1, 6800, 0),
(27, 145, 531, 1, 3800, 0),
(28, 44, 152, 5, 39000, 0),
(28, 92, 365, 4, 9200, 0),
(29, 7, 18, 1, 3000, 0),
(29, 40, 129, 4, 32800, 0),
(29, 83, 311, 1, 2900, 0),
(29, 109, 421, 5, 104000, 0),
(29, 138, 513, 2, 6400, 0),
(30, 65, 228, 3, 8700, 0),
(30, 82, 308, 2, 46, 0),
(30, 117, 453, 1, 2800, 0),
(30, 150, 547, 3, 10800, 0),
(31, 23, 62, 1, 5000, 0),
(31, 26, 70, 1, 8600, 0),
(32, 139, 514, 4, 10000, 0),
(33, 73, 268, 5, 12000, 0),
(33, 130, 499, 4, 72000, 0),
(33, 149, 541, 2, 8400, 0),
(34, 54, 183, 4, 54000, 0),
(34, 86, 332, 2, 3600, 0),
(34, 121, 475, 2, 7000, 0),
(34, 140, 516, 1, 20000, 0),
(35, 80, 298, 4, 5200, 0),
(36, 20, 53, 1, 2500, 0),
(36, 62, 216, 5, 13500, 0),
(37, 23, 62, 2, 10000, 0),
(37, 151, 549, 1, 7500, 0),
(38, 113, 437, 2, 39000, 0),
(38, 136, 509, 2, 7000, 0),
(40, 12, 39, 2, 5200, 0),
(40, 100, 385, 2, 7200, 0),
(41, 70, 252, 5, 15000, 0),
(41, 78, 286, 2, 3600, 0),
(41, 132, 502, 5, 20400, 0),
(42, 116, 449, 1, 24000, 0),
(42, 126, 490, 3, 13500, 0),
(42, 133, 504, 5, 27500, 0),
(42, 148, 537, 3, 7500, 0),
(43, 33, 95, 1, 11000, 0),
(43, 50, 171, 4, 55200, 0),
(43, 73, 268, 5, 12000, 0),
(43, 160, 588, 3, 30000, 0),
(44, 31, 86, 4, 35200, 0),
(44, 79, 292, 5, 10000, 0),
(44, 120, 469, 2, 5000, 0),
(44, 134, 647, 3, 0, 0),
(45, 22, 58, 4, 22000, 0),
(45, 32, 91, 4, 38800, 0),
(45, 50, 171, 1, 13800, 0),
(46, 58, 195, 5, 11000, 0),
(46, 83, 311, 1, 2900, 0),
(46, 92, 365, 5, 11500, 0),
(47, 12, 39, 1, 2600, 0),
(47, 19, 52, 2, 5000, 0),
(47, 79, 292, 1, 2000, 0),
(47, 98, 377, 1, 25000, 0),
(47, 121, 475, 2, 7000, 0),
(48, 21, 54, 3, 10500, 0),
(48, 25, 68, 5, 13000, 0),
(48, 60, 207, 4, 11200, 0),
(48, 111, 430, 5, 142500, 0),
(49, 34, 103, 4, 39600, 0),
(49, 47, 159, 3, 37500, 0),
(49, 147, 535, 4, 12000, 0),
(49, 149, 541, 4, 16800, 0),
(50, 69, 246, 3, 8400, 0),
(50, 131, 500, 3, 79500, 0),
(51, 51, 175, 3, 48600, 0),
(51, 105, 405, 5, 16500, 0),
(51, 106, 409, 5, 90000, 0),
(51, 142, 524, 5, 60000, 0),
(52, 2, 4, 3, 6, 0),
(52, 4, 7, 2, 2, 0),
(52, 58, 195, 4, 8800, 0),
(52, 60, 207, 4, 11200, 0),
(52, 104, 400, 4, 12000, 0),
(52, 145, 531, 1, 3800, 0),
(54, 16, 46, 5, 15000, 0),
(54, 30, 83, 5, 57500, 0),
(54, 75, 277, 3, 7800, 0),
(54, 86, 332, 5, 9000, 0),
(54, 113, 437, 4, 78000, 0),
(55, 3, 5, 1, 2, 0),
(55, 85, 328, 1, 1800, 0),
(55, 127, 493, 5, 19500, 0),
(55, 135, 507, 5, 125000, 0),
(56, 2, 4, 3, 6, 0),
(56, 42, 138, 3, 26700, 0),
(56, 50, 171, 5, 69000, 0),
(57, 5, 16, 1, 4, 0),
(57, 37, 116, 1, 7500, 0),
(57, 64, 224, 3, 7800, 0),
(57, 89, 346, 5, 12500, 0),
(57, 98, 377, 4, 100000, 0),
(58, 82, 308, 4, 92, 0),
(58, 119, 460, 5, 21000, 0),
(59, 155, 569, 5, 90000, 0),
(60, 8, 22, 2, 10000, 0),
(60, 27, 72, 3, 29400, 0),
(61, 64, 224, 3, 7800, 0),
(61, 81, 302, 3, 6600, 0),
(61, 113, 437, 4, 78000, 0),
(61, 122, 481, 2, 8400, 0),
(61, 142, 524, 2, 24000, 0),
(62, 19, 52, 5, 12500, 0),
(62, 137, 511, 4, 35200, 0),
(63, 137, 511, 1, 8800, 0),
(63, 153, 562, 5, 10000, 0),
(64, 65, 228, 1, 2900, 0),
(64, 86, 332, 2, 3600, 0),
(65, 124, 486, 5, 17500, 0),
(66, 23, 62, 4, 20000, 0),
(66, 65, 228, 5, 14500, 0),
(66, 83, 311, 3, 8700, 0),
(66, 94, 370, 1, 5500, 0),
(67, 1, 2, 2, 6, 0),
(67, 20, 53, 2, 5000, 0),
(67, 43, 146, 3, 27000, 0),
(67, 54, 183, 2, 27000, 0),
(67, 149, 541, 1, 4200, 0),
(68, 84, 318, 3, 8700, 0),
(68, 93, 369, 3, 6000, 0),
(68, 101, 389, 1, 3200, 0),
(69, 22, 58, 1, 5500, 0),
(69, 73, 268, 1, 2400, 0),
(70, 74, 270, 1, 2400, 0),
(70, 82, 308, 1, 23, 0),
(70, 98, 377, 4, 100000, 0),
(71, 22, 58, 2, 11000, 0),
(71, 31, 86, 5, 44000, 0),
(71, 52, 177, 5, 64500, 0),
(71, 83, 311, 2, 5800, 0),
(71, 131, 500, 2, 53000, 0),
(71, 150, 547, 3, 10800, 0),
(71, 160, 588, 1, 10000, 0),
(72, 3, 5, 3, 6, 0),
(72, 38, 120, 1, 9800, 0),
(72, 47, 159, 5, 62500, 0),
(72, 114, 440, 2, 39000, 0),
(73, 59, 200, 3, 9000, 0),
(73, 113, 437, 5, 97500, 0),
(74, 115, 445, 5, 120000, 0),
(74, 154, 567, 5, 60000, 0),
(74, 155, 569, 2, 36000, 0),
(75, 45, 155, 1, 12500, 0),
(77, 99, 381, 1, 2500, 0),
(77, 153, 562, 1, 2000, 0),
(78, 2, 4, 5, 10, 0),
(78, 79, 292, 1, 2000, 0),
(78, 146, 533, 5, 75000, 0),
(78, 150, 547, 2, 7200, 0),
(78, 157, 575, 2, 13600, 0),
(79, 83, 311, 4, 11600, 0),
(82, 28, 75, 4, 42000, 0),
(82, 39, 124, 4, 39200, 0),
(82, 76, 280, 2, 19000, 0),
(82, 94, 370, 3, 16500, 0),
(82, 114, 440, 3, 58500, 0),
(82, 140, 516, 4, 80000, 0),
(82, 158, 578, 4, 27200, 0),
(83, 20, 53, 5, 12500, 0),
(83, 75, 277, 4, 10400, 0),
(83, 150, 547, 4, 14400, 0),
(84, 110, 427, 4, 100000, 0),
(84, 122, 481, 1, 4200, 0),
(85, 48, 163, 2, 26400, 0),
(85, 61, 211, 2, 4800, 0),
(85, 97, 375, 5, 60000, 0),
(85, 98, 377, 3, 75000, 0),
(85, 135, 507, 5, 125000, 0),
(86, 23, 62, 3, 15000, 0),
(86, 40, 129, 1, 8200, 0),
(86, 122, 481, 4, 16800, 0),
(86, 159, 585, 5, 16000, 0),
(87, 28, 75, 4, 42000, 0),
(87, 145, 531, 4, 15200, 0),
(88, 31, 86, 1, 8800, 0),
(88, 115, 445, 2, 48000, 0),
(89, 30, 83, 5, 57500, 0),
(89, 36, 110, 3, 22500, 0),
(89, 61, 211, 5, 12000, 0),
(89, 82, 308, 1, 23, 0),
(89, 100, 385, 3, 10800, 0),
(89, 141, 519, 4, 22000, 0),
(90, 6, 519, 4, 22000, 0),
(90, 66, 232, 2, 4400, 0),
(90, 77, 282, 1, 1500, 0),
(90, 113, 437, 1, 19500, 0),
(91, 10, 27, 4, 22000, 0),
(91, 137, 511, 4, 35200, 0),
(91, 144, 528, 4, 15200, 0),
(91, 146, 533, 5, 75000, 0),
(92, 20, 53, 4, 10000, 0),
(92, 24, 64, 2, 6400, 0),
(92, 30, 83, 4, 46000, 0),
(92, 159, 585, 1, 3200, 0),
(93, 44, 152, 3, 23400, 0),
(94, 22, 58, 4, 22000, 0),
(94, 59, 200, 2, 6000, 0),
(94, 60, 207, 1, 2800, 0),
(95, 93, 369, 4, 8000, 0),
(95, 104, 400, 1, 3000, 0),
(96, 49, 166, 3, 34500, 0),
(96, 111, 430, 3, 85500, 0),
(97, 4, 7, 2, 2, 0),
(97, 66, 232, 3, 6600, 0),
(97, 73, 268, 3, 7200, 0),
(97, 101, 389, 2, 6400, 0),
(98, 20, 53, 4, 10000, 0),
(98, 23, 62, 4, 20000, 0),
(98, 51, 175, 2, 32400, 0),
(98, 72, 264, 1, 2800, 0),
(99, 3, 5, 3, 6, 0),
(99, 4, 7, 2, 2, 0),
(99, 39, 124, 1, 9800, 0),
(99, 126, 490, 2, 9000, 0),
(99, 157, 575, 5, 34000, 0),
(100, 13, 41, 2, 16000, 0),
(100, 117, 453, 4, 11200, 0),
(100, 140, 516, 4, 80000, 0),
(101, 18, 50, 3, 7800, 0),
(101, 48, 163, 5, 66000, 0),
(103, 70, 252, 2, 6000, 0),
(103, 96, 374, 1, 8200, 0),
(104, 59, 200, 3, 9000, 0),
(104, 66, 232, 2, 4400, 0),
(104, 67, 236, 2, 5000, 0),
(104, 154, 567, 3, 36000, 0),
(105, 99, 381, 1, 2500, 0),
(106, 45, 155, 1, 12500, 0),
(106, 72, 264, 3, 8400, 0),
(106, 108, 416, 2, 45000, 0),
(106, 134, 647, 1, 0, 0),
(107, 10, 27, 2, 11000, 0),
(107, 30, 83, 5, 57500, 0),
(107, 129, 498, 1, 15000, 0),
(107, 152, 559, 2, 5000, 0),
(107, 154, 567, 4, 48000, 0),
(108, 3, 5, 2, 4, 0),
(108, 37, 116, 5, 37500, 0),
(108, 72, 264, 4, 11200, 0),
(108, 123, 484, 5, 17500, 0),
(109, 11, 33, 3, 6600, 0),
(109, 36, 110, 3, 22500, 0),
(109, 48, 163, 3, 39600, 0),
(109, 120, 469, 2, 5000, 0),
(110, 63, 222, 1, 2300, 0),
(110, 94, 370, 5, 27500, 0),
(110, 105, 405, 1, 3300, 0),
(111, 101, 389, 3, 9600, 0),
(111, 124, 486, 2, 7000, 0),
(111, 151, 549, 1, 7500, 0),
(112, 49, 166, 3, 34500, 0),
(112, 120, 469, 4, 10000, 0),
(112, 146, 533, 2, 30000, 0),
(112, 150, 547, 1, 3600, 0),
(113, 24, 64, 4, 12800, 0),
(113, 77, 282, 5, 7500, 0),
(113, 135, 507, 5, 125000, 0),
(113, 138, 513, 5, 16000, 0),
(113, 159, 585, 1, 3200, 0),
(114, 70, 252, 4, 12000, 0),
(114, 143, 526, 3, 66000, 0),
(115, 55, 185, 5, 63500, 0),
(116, 19, 52, 3, 7500, 0),
(116, 39, 124, 1, 9800, 0),
(116, 113, 437, 2, 39000, 0),
(117, 107, 412, 1, 22500, 0),
(117, 130, 499, 5, 90000, 0),
(117, 140, 516, 1, 20000, 0),
(118, 28, 75, 1, 10500, 0),
(118, 128, 496, 5, 17500, 0),
(118, 138, 513, 3, 9600, 0),
(119, 67, 236, 1, 2500, 0),
(119, 89, 346, 3, 7500, 0),
(119, 112, 434, 2, 57000, 0),
(119, 160, 588, 5, 50000, 0),
(120, 75, 277, 4, 10400, 0),
(120, 116, 449, 2, 48000, 0),
(120, 158, 578, 2, 13600, 0),
(121, 34, 103, 4, 39600, 0),
(121, 134, 647, 5, 0, 0),
(121, 147, 535, 4, 12000, 0),
(122, 8, 22, 5, 25000, 0),
(122, 14, 43, 3, 10500, 0),
(122, 40, 129, 2, 16400, 0),
(122, 53, 180, 1, 14000, 0),
(122, 63, 222, 5, 11500, 0),
(122, 155, 569, 3, 54000, 0),
(123, 11, 33, 4, 8800, 0),
(123, 25, 68, 3, 7800, 0),
(124, 9, 24, 1, 3000, 0),
(124, 36, 110, 4, 30000, 0),
(124, 60, 207, 4, 11200, 0),
(124, 67, 236, 3, 7500, 0),
(124, 141, 519, 1, 5500, 0),
(124, 160, 588, 5, 50000, 0),
(125, 68, 241, 2, 4600, 0),
(125, 78, 286, 3, 5400, 0),
(125, 114, 440, 1, 19500, 0),
(126, 79, 292, 1, 2000, 0),
(126, 82, 308, 5, 115, 0),
(126, 159, 585, 3, 9600, 0),
(127, 7, 18, 3, 9000, 0),
(127, 18, 50, 4, 10400, 0),
(127, 47, 159, 3, 37500, 0),
(127, 148, 537, 4, 10000, 0),
(128, 74, 270, 1, 2400, 0),
(129, 9, 24, 5, 15000, 0),
(129, 15, 45, 4, 20000, 0),
(129, 63, 222, 4, 9200, 0),
(129, 154, 567, 5, 60000, 0),
(130, 9, 24, 1, 3000, 0),
(130, 22, 58, 5, 27500, 0),
(130, 62, 216, 1, 2700, 0),
(130, 76, 280, 2, 19000, 0),
(130, 134, 647, 2, 0, 0),
(130, 160, 588, 3, 30000, 0),
(131, 25, 68, 2, 5200, 0),
(131, 69, 246, 5, 14000, 0),
(132, 3, 5, 5, 10, 0),
(132, 34, 103, 4, 39600, 0),
(132, 36, 110, 1, 7500, 0),
(132, 60, 207, 1, 2800, 0),
(132, 99, 381, 3, 7500, 0),
(132, 128, 496, 2, 7000, 0),
(132, 144, 528, 4, 15200, 0),
(132, 151, 549, 3, 22500, 0),
(133, 12, 39, 2, 5200, 0),
(133, 76, 280, 2, 19000, 0),
(133, 96, 374, 3, 24600, 0),
(133, 103, 396, 2, 8400, 0),
(133, 136, 509, 1, 3500, 0),
(134, 50, 171, 1, 13800, 0),
(134, 64, 224, 5, 13000, 0),
(134, 95, 371, 4, 23600, 0),
(134, 143, 526, 3, 66000, 0),
(135, 69, 246, 3, 8400, 0),
(135, 135, 507, 4, 100000, 0),
(135, 152, 559, 1, 2500, 0),
(136, 74, 270, 1, 2400, 0),
(136, 81, 302, 5, 11000, 0),
(136, 103, 396, 4, 16800, 0),
(136, 117, 453, 3, 8400, 0),
(137, 15, 45, 4, 20000, 0),
(137, 35, 104, 2, 24000, 0),
(137, 90, 351, 1, 2800, 0),
(137, 129, 498, 4, 60000, 0),
(137, 133, 504, 5, 27500, 0),
(138, 91, 357, 2, 4200, 0),
(138, 149, 541, 3, 12600, 0),
(139, 77, 282, 1, 1500, 0),
(139, 100, 385, 4, 14400, 0),
(140, 143, 526, 4, 88000, 0),
(140, 153, 562, 4, 8000, 0),
(141, 29, 79, 3, 28500, 0),
(141, 47, 159, 2, 25000, 0),
(141, 61, 211, 2, 4800, 0),
(142, 17, 48, 2, 6200, 0),
(142, 30, 83, 5, 57500, 0),
(142, 43, 146, 1, 9000, 0),
(142, 92, 365, 1, 2300, 0),
(143, 19, 52, 5, 12500, 0),
(143, 104, 400, 4, 12000, 0),
(143, 155, 569, 3, 54000, 0),
(144, 55, 185, 2, 25400, 0),
(144, 73, 268, 2, 4800, 0),
(145, 69, 246, 4, 11200, 0),
(145, 90, 351, 2, 5600, 0),
(145, 91, 357, 3, 6300, 0),
(145, 99, 381, 2, 5000, 0),
(145, 136, 509, 1, 3500, 0),
(145, 153, 562, 5, 10000, 0),
(146, 18, 50, 4, 10400, 0),
(146, 60, 207, 2, 5600, 0),
(146, 69, 246, 1, 2800, 0),
(146, 92, 365, 3, 6900, 0),
(146, 140, 516, 1, 20000, 0),
(146, 143, 526, 4, 88000, 0),
(147, 61, 211, 1, 2400, 0),
(147, 65, 228, 1, 2900, 0),
(147, 83, 311, 4, 11600, 0),
(148, 16, 46, 3, 9000, 0),
(148, 44, 152, 3, 31200, 0),
(148, 44, 152, 4, 31200, 0),
(148, 59, 200, 1, 3000, 0),
(148, 154, 567, 1, 12000, 0),
(149, 85, 328, 3, 5400, 0),
(149, 141, 519, 3, 16500, 0),
(150, 123, 484, 2, 7000, 0),
(151, 22, 58, 5, 27500, 0),
(151, 47, 159, 4, 50000, 0),
(151, 94, 370, 4, 22000, 0),
(151, 101, 389, 5, 16000, 0),
(152, 15, 45, 2, 10000, 0),
(152, 17, 48, 5, 15500, 0),
(152, 26, 70, 2, 17200, 0),
(152, 40, 129, 3, 24600, 0),
(152, 136, 509, 4, 14000, 0),
(153, 53, 180, 4, 56000, 0),
(154, 82, 308, 4, 92, 0),
(154, 96, 374, 3, 24600, 0),
(154, 108, 416, 4, 90000, 0),
(155, 20, 53, 3, 7500, 0),
(155, 26, 70, 3, 25800, 0),
(156, 17, 48, 2, 6200, 0),
(156, 31, 86, 3, 26400, 0),
(156, 98, 377, 2, 50000, 0),
(156, 142, 524, 1, 12000, 0),
(157, 25, 68, 3, 7800, 0),
(157, 55, 185, 1, 12700, 0),
(157, 79, 292, 2, 4000, 0),
(157, 108, 416, 1, 22500, 0),
(157, 136, 509, 1, 3500, 0),
(157, 156, 571, 5, 19000, 0),
(158, 40, 129, 3, 24600, 0),
(158, 62, 216, 4, 10800, 0),
(158, 138, 513, 1, 3200, 0),
(159, 9, 24, 4, 12000, 0),
(159, 94, 370, 1, 5500, 0),
(159, 115, 445, 1, 24000, 0),
(159, 117, 453, 5, 14000, 0),
(159, 126, 490, 4, 18000, 0),
(160, 7, 18, 1, 3000, 0),
(160, 35, 104, 4, 48000, 0),
(160, 60, 207, 1, 2800, 0),
(160, 119, 460, 2, 8400, 0),
(160, 150, 547, 5, 18000, 0),
(161, 12, 39, 1, 2600, 0),
(161, 105, 405, 4, 13200, 0),
(162, 39, 124, 1, 19600, 0),
(162, 39, 124, 2, 19600, 0),
(162, 68, 241, 2, 4600, 0),
(162, 85, 328, 4, 7200, 0),
(162, 94, 370, 1, 5500, 0),
(162, 114, 440, 4, 78000, 0),
(163, 63, 222, 3, 6900, 0),
(163, 83, 311, 1, 2900, 0),
(163, 94, 370, 3, 16500, 0),
(163, 96, 374, 4, 32800, 0),
(163, 98, 377, 1, 25000, 0),
(163, 120, 469, 1, 2500, 0),
(164, 128, 496, 2, 7000, 0),
(165, 149, 541, 3, 12600, 0),
(166, 20, 53, 2, 5000, 0),
(166, 30, 83, 4, 46000, 0),
(166, 72, 264, 5, 14000, 0),
(167, 18, 50, 1, 2600, 0),
(167, 37, 116, 3, 22500, 0),
(167, 97, 375, 1, 12000, 0),
(168, 51, 175, 5, 81000, 0),
(168, 75, 277, 2, 5200, 0),
(168, 78, 286, 1, 1800, 0),
(168, 81, 302, 5, 11000, 0),
(168, 83, 311, 1, 2900, 0),
(168, 86, 332, 3, 5400, 0),
(169, 5, 16, 1, 4, 0),
(169, 34, 103, 3, 29700, 0),
(170, 23, 62, 2, 10000, 0),
(170, 51, 175, 2, 32400, 0),
(170, 90, 351, 5, 14000, 0),
(170, 134, 647, 3, 0, 0),
(171, 23, 62, 5, 25000, 0),
(171, 37, 116, 1, 7500, 0),
(171, 39, 124, 2, 19600, 0),
(171, 133, 504, 1, 5500, 0),
(172, 6, 519, 4, 22000, 0),
(172, 52, 177, 4, 51600, 0),
(173, 137, 511, 5, 44000, 0),
(174, 9, 24, 2, 6000, 0),
(174, 35, 104, 3, 36000, 0),
(174, 44, 152, 5, 39000, 0),
(174, 120, 469, 1, 2500, 0),
(174, 134, 647, 5, 0, 0),
(175, 24, 64, 3, 9600, 0),
(175, 25, 68, 3, 7800, 0),
(175, 34, 103, 4, 39600, 0),
(175, 36, 110, 4, 30000, 0),
(175, 52, 177, 1, 12900, 0),
(176, 17, 48, 5, 15500, 0),
(176, 128, 496, 3, 10500, 0),
(177, 7, 18, 2, 6000, 0),
(177, 22, 58, 1, 5500, 0),
(178, 24, 64, 2, 6400, 0),
(178, 42, 138, 4, 35600, 0),
(178, 100, 385, 3, 10800, 0),
(178, 107, 412, 2, 45000, 0),
(178, 145, 531, 5, 19000, 0),
(178, 156, 571, 3, 11400, 0),
(179, 88, 342, 1, 1500, 0),
(179, 92, 365, 5, 11500, 0),
(179, 109, 421, 2, 41600, 0),
(179, 114, 440, 4, 78000, 0),
(180, 47, 159, 5, 62500, 0),
(180, 148, 537, 2, 5000, 0),
(181, 23, 62, 5, 25000, 0),
(181, 113, 437, 5, 97500, 0),
(181, 117, 453, 5, 14000, 0),
(182, 23, 62, 4, 20000, 0),
(182, 74, 270, 5, 12000, 0),
(182, 106, 409, 2, 36000, 0),
(182, 137, 511, 4, 35200, 0),
(182, 148, 537, 3, 7500, 0),
(183, 10, 27, 4, 22000, 0),
(183, 45, 155, 4, 50000, 0),
(183, 57, 192, 3, 7500, 0),
(183, 116, 449, 4, 96000, 0),
(183, 154, 567, 3, 36000, 0),
(184, 29, 79, 2, 19000, 0),
(185, 17, 48, 2, 6200, 0),
(185, 39, 124, 3, 29400, 0),
(185, 49, 166, 3, 34500, 0),
(185, 86, 332, 3, 5400, 0),
(185, 153, 562, 3, 6000, 0),
(185, 157, 575, 2, 13600, 0),
(186, 29, 79, 4, 38000, 0),
(186, 60, 207, 5, 14000, 0),
(186, 74, 270, 1, 2400, 0),
(186, 87, 337, 4, 8000, 0),
(187, 44, 152, 4, 31200, 0),
(187, 68, 241, 4, 9200, 0),
(187, 95, 371, 5, 29500, 0),
(188, 40, 129, 5, 41000, 0),
(188, 76, 280, 5, 47500, 0),
(188, 84, 318, 1, 2900, 0),
(188, 114, 440, 1, 19500, 0),
(188, 132, 502, 1, 4080, 0),
(188, 150, 547, 3, 10800, 0),
(189, 11, 33, 1, 2200, 0),
(189, 13, 41, 5, 40000, 0),
(189, 138, 513, 4, 12800, 0),
(190, 63, 222, 4, 9200, 0),
(190, 64, 224, 4, 10400, 0),
(191, 3, 5, 5, 10, 0),
(191, 19, 52, 5, 12500, 0),
(191, 22, 58, 3, 16500, 0),
(191, 102, 392, 1, 3500, 0),
(191, 160, 588, 3, 30000, 0),
(192, 9, 24, 1, 3000, 0),
(192, 45, 155, 5, 62500, 0),
(192, 108, 416, 1, 22500, 0),
(192, 109, 421, 3, 62400, 0),
(193, 87, 337, 3, 6000, 0),
(193, 141, 519, 2, 11000, 0),
(194, 26, 70, 2, 17200, 0),
(194, 67, 236, 5, 12500, 0),
(194, 111, 430, 5, 142500, 0),
(194, 112, 434, 4, 114000, 0),
(194, 155, 569, 4, 72000, 0),
(195, 101, 389, 1, 3200, 0),
(195, 108, 416, 3, 67500, 0),
(196, 8, 22, 2, 10000, 0),
(196, 13, 41, 4, 32000, 0),
(197, 19, 52, 2, 5000, 0),
(197, 28, 75, 1, 10500, 0),
(197, 113, 437, 3, 58500, 0),
(198, 18, 50, 3, 7800, 0),
(198, 41, 133, 2, 21000, 0),
(198, 44, 152, 1, 7800, 0),
(198, 75, 277, 5, 13000, 0),
(200, 25, 68, 1, 2600, 0),
(200, 33, 95, 4, 44000, 0),
(200, 43, 146, 4, 36000, 0),
(200, 94, 370, 1, 5500, 0),
(201, 1, 2, 5, 15, 0),
(201, 12, 39, 3, 7800, 0),
(201, 120, 469, 2, 5000, 0),
(201, 145, 531, 4, 15200, 0),
(202, 2, 4, 4, 8, 0),
(202, 87, 337, 2, 4000, 0),
(202, 99, 381, 2, 5000, 0),
(202, 110, 427, 3, 75000, 0),
(202, 151, 549, 3, 22500, 0),
(203, 40, 129, 5, 41000, 0),
(204, 64, 224, 4, 10400, 0),
(204, 110, 427, 4, 100000, 0),
(205, 46, 157, 1, 14800, 0),
(205, 100, 385, 2, 7200, 0),
(205, 106, 409, 4, 72000, 0),
(206, 3, 5, 4, 8, 0),
(206, 124, 486, 4, 14000, 0),
(207, 27, 72, 3, 29400, 0),
(207, 66, 232, 5, 11000, 0),
(207, 80, 298, 4, 5200, 0),
(208, 103, 396, 5, 21000, 0),
(208, 159, 585, 3, 9600, 0),
(210, 78, 286, 5, 9000, 0),
(211, 16, 46, 5, 15000, 0),
(211, 65, 228, 5, 14500, 0),
(211, 106, 409, 1, 18000, 0),
(212, 26, 70, 1, 8600, 0),
(213, 53, 180, 2, 28000, 0),
(213, 54, 183, 5, 67500, 0),
(213, 81, 302, 4, 8800, 0),
(213, 85, 328, 4, 7200, 0),
(213, 147, 535, 2, 6000, 0),
(214, 14, 43, 2, 7000, 0),
(214, 37, 116, 3, 22500, 0),
(214, 109, 421, 4, 83200, 0),
(214, 116, 449, 3, 72000, 0),
(214, 149, 541, 1, 4200, 0),
(215, 58, 195, 1, 2200, 0),
(215, 68, 241, 2, 4600, 0),
(215, 132, 502, 3, 12240, 0),
(216, 79, 292, 5, 10000, 0),
(217, 33, 95, 5, 55000, 0),
(217, 43, 146, 2, 18000, 0),
(217, 140, 516, 3, 60000, 0),
(218, 47, 159, 4, 50000, 0),
(218, 50, 171, 3, 41400, 0),
(218, 51, 175, 3, 48600, 0),
(218, 159, 585, 2, 6400, 0),
(219, 2, 4, 5, 10, 0),
(219, 31, 86, 3, 26400, 0),
(219, 150, 547, 4, 14400, 0),
(220, 48, 163, 1, 13200, 0),
(220, 105, 405, 3, 9900, 0),
(220, 130, 499, 1, 18000, 0),
(221, 2, 4, 1, 2, 0),
(221, 28, 75, 3, 31500, 0),
(221, 42, 138, 2, 17800, 0),
(221, 56, 189, 1, 2000, 0),
(221, 67, 236, 5, 12500, 0),
(222, 59, 200, 3, 9000, 0),
(222, 101, 389, 2, 6400, 0),
(222, 133, 504, 2, 11000, 0),
(223, 82, 308, 3, 69, 0),
(223, 85, 328, 2, 3600, 0),
(223, 140, 516, 5, 100000, 0),
(224, 160, 588, 2, 20000, 0),
(225, 34, 103, 2, 19800, 0),
(225, 145, 531, 2, 7600, 0),
(225, 151, 549, 3, 22500, 0),
(226, 24, 64, 5, 16000, 0),
(226, 68, 241, 4, 4600, 0),
(226, 68, 241, 2, 4600, 0),
(227, 50, 171, 3, 41400, 0),
(227, 90, 351, 3, 2800, 0),
(227, 90, 351, 1, 2800, 0),
(227, 123, 484, 2, 7000, 0),
(228, 13, 41, 5, 40000, 0),
(228, 22, 58, 4, 22000, 0),
(228, 45, 155, 1, 12500, 0),
(228, 72, 264, 3, 8400, 0),
(228, 89, 346, 5, 12500, 0),
(229, 97, 375, 2, 24000, 0),
(229, 154, 567, 5, 60000, 0),
(230, 89, 346, 1, 2500, 0),
(231, 6, 519, 4, 22000, 0),
(232, 9, 24, 5, 15000, 0),
(232, 24, 64, 1, 3200, 0),
(232, 41, 133, 4, 42000, 0),
(232, 128, 496, 5, 17500, 0),
(232, 142, 524, 5, 60000, 0),
(233, 13, 41, 3, 24000, 0),
(233, 58, 195, 4, 8800, 0),
(233, 74, 270, 1, 2400, 0),
(233, 107, 412, 4, 90000, 0),
(234, 9, 24, 3, 9000, 0),
(234, 17, 48, 3, 9300, 0),
(234, 67, 236, 4, 10000, 0),
(234, 68, 241, 5, 11500, 0),
(234, 83, 311, 5, 14500, 0),
(234, 86, 332, 5, 9000, 0),
(234, 98, 377, 1, 25000, 0),
(234, 107, 412, 1, 22500, 0),
(235, 4, 7, 5, 5, 0),
(236, 76, 280, 4, 38000, 0),
(236, 82, 308, 2, 46, 0),
(236, 111, 430, 4, 114000, 0),
(237, 10, 27, 4, 22000, 0),
(237, 72, 264, 1, 2800, 0),
(238, 41, 133, 2, 21000, 0),
(238, 50, 171, 1, 13800, 0),
(238, 61, 211, 4, 9600, 0),
(238, 68, 241, 2, 4600, 0),
(238, 80, 298, 1, 1300, 0),
(238, 81, 302, 4, 8800, 0),
(238, 115, 445, 4, 96000, 0),
(239, 51, 175, 3, 48600, 0),
(239, 63, 222, 4, 9200, 0),
(240, 12, 39, 4, 10400, 0),
(240, 115, 445, 2, 48000, 0),
(241, 17, 48, 2, 6200, 0),
(241, 149, 541, 1, 4200, 0),
(242, 2, 4, 4, 8, 0),
(242, 14, 43, 2, 7000, 0),
(242, 17, 48, 5, 15500, 0),
(242, 66, 232, 1, 2200, 0),
(242, 105, 405, 4, 13200, 0),
(243, 41, 133, 5, 52500, 0),
(243, 84, 318, 4, 11600, 0),
(243, 105, 405, 3, 9900, 0),
(244, 8, 22, 1, 5000, 0),
(244, 12, 39, 4, 10400, 0),
(244, 32, 91, 3, 29100, 0),
(245, 11, 33, 2, 4400, 0),
(245, 29, 79, 3, 28500, 0),
(245, 40, 129, 2, 16400, 0),
(245, 112, 434, 4, 114000, 0),
(245, 156, 571, 1, 3800, 0),
(246, 7, 18, 4, 12000, 0),
(246, 29, 79, 3, 28500, 0),
(246, 90, 351, 1, 2800, 0),
(246, 152, 559, 4, 10000, 0),
(247, 30, 83, 5, 23000, 0),
(247, 30, 83, 2, 23000, 0),
(247, 144, 528, 5, 19000, 0),
(248, 9, 24, 2, 6000, 0),
(248, 43, 146, 1, 9000, 0),
(248, 44, 152, 3, 23400, 0),
(248, 50, 171, 1, 13800, 0),
(248, 52, 177, 3, 38700, 0),
(248, 148, 537, 2, 5000, 0),
(249, 34, 103, 5, 49500, 0),
(249, 100, 385, 5, 18000, 0),
(249, 128, 496, 1, 3500, 0),
(250, 44, 152, 2, 15600, 0),
(250, 45, 155, 1, 12500, 0),
(250, 54, 183, 1, 13500, 0),
(250, 84, 318, 5, 14500, 0),
(250, 99, 381, 4, 10000, 0),
(250, 140, 516, 2, 40000, 0),
(251, 42, 138, 5, 44500, 0),
(251, 126, 490, 2, 9000, 0),
(252, 125, 488, 3, 13500, 0),
(252, 145, 531, 1, 3800, 0),
(253, 82, 308, 5, 115, 0),
(253, 93, 369, 1, 2000, 0),
(254, 32, 91, 4, 38800, 0),
(254, 34, 103, 1, 9900, 0),
(254, 54, 183, 4, 54000, 0),
(255, 52, 177, 4, 51600, 0),
(255, 53, 180, 1, 14000, 0),
(255, 89, 346, 2, 5000, 0),
(255, 98, 377, 2, 50000, 0),
(256, 60, 207, 2, 5600, 0),
(256, 90, 351, 2, 5600, 0),
(256, 127, 493, 4, 15600, 0),
(256, 132, 502, 2, 8160, 0),
(257, 54, 183, 5, 67500, 0),
(257, 59, 200, 4, 12000, 0),
(257, 82, 308, 1, 23, 0),
(257, 122, 481, 2, 8400, 0),
(258, 25, 68, 3, 7800, 0),
(258, 27, 72, 5, 49000, 0),
(258, 123, 484, 5, 17500, 0),
(259, 15, 45, 1, 5000, 0),
(259, 57, 192, 2, 5000, 0),
(259, 108, 416, 1, 22500, 0),
(259, 144, 528, 4, 15200, 0),
(259, 160, 588, 3, 30000, 0),
(260, 10, 27, 4, 22000, 0),
(260, 13, 41, 5, 40000, 0),
(260, 20, 53, 4, 10000, 0),
(260, 21, 54, 5, 17500, 0),
(260, 56, 189, 3, 6000, 0),
(260, 73, 268, 3, 7200, 0),
(260, 79, 292, 4, 8000, 0),
(260, 124, 486, 2, 7000, 0),
(261, 5, 16, 2, 8, 0),
(261, 112, 434, 1, 28500, 0),
(261, 146, 533, 4, 60000, 0),
(262, 98, 377, 5, 125000, 0),
(262, 138, 513, 5, 16000, 0),
(263, 44, 152, 1, 7800, 0),
(263, 53, 180, 4, 56000, 0),
(263, 70, 252, 4, 12000, 0),
(263, 75, 277, 4, 10400, 0),
(265, 16, 46, 2, 6000, 0),
(265, 17, 48, 3, 9300, 0),
(265, 47, 159, 2, 25000, 0),
(265, 82, 308, 4, 92, 0),
(265, 135, 507, 3, 75000, 0),
(265, 145, 531, 5, 19000, 0),
(266, 39, 124, 4, 39200, 0),
(267, 9, 24, 2, 6000, 0),
(267, 131, 500, 1, 26500, 0),
(268, 142, 524, 2, 24000, 0),
(269, 7, 18, 1, 3000, 0),
(269, 59, 200, 1, 3000, 0),
(269, 127, 493, 4, 15600, 0),
(270, 22, 58, 1, 5500, 0),
(270, 54, 183, 2, 27000, 0),
(270, 65, 228, 5, 14500, 0),
(271, 37, 116, 5, 37500, 0),
(271, 73, 268, 2, 4800, 0),
(271, 88, 342, 4, 6000, 0),
(272, 32, 91, 2, 19400, 0),
(272, 40, 129, 5, 41000, 0),
(273, 14, 43, 3, 10500, 0),
(273, 88, 342, 5, 7500, 0),
(273, 115, 445, 5, 120000, 0),
(273, 124, 486, 4, 14000, 0),
(273, 127, 493, 4, 15600, 0),
(273, 152, 559, 3, 7500, 0),
(274, 132, 502, 3, 12240, 0),
(275, 146, 533, 4, 60000, 0),
(276, 38, 120, 3, 29400, 0),
(276, 75, 277, 2, 5200, 0),
(277, 32, 91, 4, 38800, 0),
(277, 61, 211, 2, 4800, 0),
(277, 116, 449, 2, 48000, 0),
(278, 70, 252, 5, 15000, 0),
(278, 97, 375, 4, 48000, 0),
(278, 108, 416, 5, 112500, 0),
(279, 16, 46, 4, 12000, 0),
(279, 117, 453, 2, 5600, 0),
(279, 155, 569, 1, 18000, 0),
(280, 1, 2, 1, 3, 0),
(280, 28, 75, 4, 10500, 0),
(280, 28, 75, 1, 10500, 0),
(280, 90, 351, 5, 14000, 0),
(280, 135, 507, 4, 100000, 0),
(281, 10, 27, 5, 27500, 0),
(281, 27, 72, 4, 39200, 0),
(281, 73, 268, 1, 2400, 0),
(281, 98, 377, 5, 125000, 0),
(282, 89, 346, 4, 10000, 0),
(282, 123, 484, 2, 7000, 0),
(282, 159, 585, 4, 12800, 0),
(283, 34, 103, 5, 49500, 0),
(283, 37, 116, 4, 30000, 0),
(283, 69, 246, 2, 5600, 0),
(283, 75, 277, 3, 7800, 0),
(283, 99, 381, 5, 12500, 0),
(283, 126, 490, 1, 4500, 0),
(283, 130, 499, 4, 72000, 0),
(283, 153, 562, 1, 2000, 0),
(284, 40, 129, 2, 16400, 0),
(284, 42, 138, 2, 17800, 0),
(284, 76, 280, 1, 9500, 0),
(284, 104, 400, 4, 12000, 0),
(285, 9, 24, 2, 6000, 0),
(285, 14, 43, 1, 3500, 0),
(285, 76, 280, 1, 9500, 0),
(286, 44, 152, 4, 31200, 0),
(286, 67, 236, 5, 12500, 0),
(287, 23, 62, 2, 10000, 0),
(287, 25, 68, 2, 5200, 0),
(287, 69, 246, 5, 14000, 0),
(287, 109, 421, 3, 62400, 0),
(287, 150, 547, 1, 3600, 0),
(288, 7, 18, 2, 6000, 0),
(288, 146, 533, 1, 15000, 0),
(289, 72, 264, 5, 14000, 0),
(289, 102, 392, 4, 14000, 0),
(289, 107, 412, 5, 112500, 0),
(289, 120, 469, 5, 12500, 0),
(290, 25, 68, 4, 10400, 0),
(290, 50, 171, 1, 13800, 0),
(290, 105, 405, 3, 9900, 0),
(290, 110, 427, 5, 125000, 0),
(291, 72, 264, 4, 11200, 0),
(291, 78, 286, 3, 5400, 0),
(292, 78, 286, 3, 5400, 0),
(292, 79, 292, 2, 4000, 0),
(293, 77, 282, 3, 4500, 0),
(293, 99, 381, 1, 2500, 0),
(293, 109, 421, 1, 20800, 0),
(294, 27, 72, 4, 39200, 0),
(294, 32, 91, 4, 38800, 0),
(294, 122, 481, 1, 4200, 0),
(294, 154, 567, 3, 36000, 0),
(295, 5, 16, 4, 16, 0),
(295, 10, 27, 5, 27500, 0),
(295, 109, 421, 5, 104000, 0),
(295, 110, 427, 4, 100000, 0),
(295, 111, 430, 2, 57000, 0),
(295, 153, 562, 2, 4000, 0),
(296, 33, 95, 2, 22000, 0),
(296, 118, 456, 5, 17500, 0),
(296, 147, 535, 1, 3000, 0),
(296, 148, 537, 5, 12500, 0),
(297, 35, 104, 4, 48000, 0),
(297, 57, 192, 3, 7500, 0),
(298, 100, 385, 5, 18000, 0),
(298, 130, 499, 5, 90000, 0),
(298, 136, 509, 2, 7000, 0),
(299, 27, 72, 4, 39200, 0),
(299, 105, 405, 4, 13200, 0),
(299, 115, 445, 3, 72000, 0),
(300, 24, 64, 3, 9600, 0),
(300, 158, 578, 2, 13600, 0),
(301, 7, 18, 5, 15000, 0),
(302, 27, 72, 2, 19600, 0),
(302, 50, 171, 4, 55200, 0),
(302, 57, 192, 3, 7500, 0),
(302, 151, 549, 1, 7500, 0),
(303, 104, 400, 5, 15000, 0),
(304, 45, 155, 1, 12500, 0),
(304, 79, 292, 5, 10000, 0),
(304, 120, 469, 4, 10000, 0),
(305, 12, 39, 3, 7800, 0),
(305, 26, 70, 4, 34400, 0),
(305, 71, 259, 2, 5400, 0),
(306, 49, 166, 1, 11500, 0),
(306, 112, 434, 3, 85500, 0),
(306, 159, 585, 5, 16000, 0),
(307, 13, 41, 3, 24000, 0),
(308, 32, 91, 1, 9700, 0),
(308, 39, 124, 2, 19600, 0),
(309, 22, 58, 3, 16500, 0),
(309, 120, 469, 5, 12500, 0),
(309, 155, 569, 4, 72000, 0),
(310, 29, 79, 1, 9500, 0),
(310, 50, 171, 3, 41400, 0),
(310, 130, 499, 1, 18000, 0),
(311, 22, 58, 2, 11000, 0),
(312, 9, 24, 5, 15000, 0),
(312, 31, 86, 3, 26400, 0),
(312, 85, 328, 1, 1800, 0),
(312, 94, 370, 5, 27500, 0),
(312, 112, 434, 1, 28500, 0),
(312, 120, 469, 2, 5000, 0),
(312, 145, 531, 2, 7600, 0),
(313, 35, 104, 3, 36000, 0),
(313, 41, 133, 4, 42000, 0),
(313, 94, 370, 2, 11000, 0),
(313, 105, 405, 1, 3300, 0),
(313, 142, 524, 2, 24000, 0),
(314, 7, 18, 2, 6000, 0),
(314, 53, 180, 1, 14000, 0),
(314, 57, 192, 2, 5000, 0),
(314, 115, 445, 2, 48000, 0),
(314, 133, 504, 2, 11000, 0),
(314, 134, 647, 2, 0, 0),
(315, 21, 54, 5, 17500, 0),
(315, 22, 58, 3, 16500, 0),
(315, 134, 647, 3, 0, 0),
(316, 113, 437, 5, 97500, 0),
(316, 139, 514, 5, 12500, 0),
(316, 152, 559, 1, 2500, 0),
(317, 34, 103, 3, 29700, 0),
(317, 98, 377, 4, 100000, 0),
(318, 34, 103, 1, 9900, 0),
(318, 128, 496, 5, 17500, 0),
(319, 34, 103, 5, 49500, 0),
(320, 113, 437, 5, 97500, 0),
(321, 23, 62, 5, 25000, 0),
(321, 147, 535, 2, 6000, 0),
(321, 158, 578, 5, 34000, 0),
(322, 94, 370, 1, 5500, 0),
(323, 13, 41, 2, 16000, 0),
(323, 95, 371, 2, 11800, 0),
(324, 14, 43, 1, 3500, 0),
(324, 74, 270, 5, 12000, 0),
(324, 108, 416, 4, 90000, 0),
(325, 59, 200, 1, 3000, 0),
(325, 84, 318, 4, 11600, 0),
(325, 85, 328, 5, 9000, 0),
(325, 108, 416, 4, 90000, 0),
(326, 34, 103, 5, 49500, 0),
(327, 67, 236, 3, 7500, 0),
(327, 97, 375, 4, 48000, 0),
(328, 11, 33, 5, 11000, 0),
(328, 58, 195, 2, 4400, 0),
(328, 144, 528, 1, 3800, 0),
(329, 31, 86, 2, 17600, 0),
(330, 96, 374, 3, 24600, 0),
(330, 117, 453, 1, 2800, 0),
(330, 118, 456, 5, 17500, 0),
(331, 118, 456, 2, 7000, 0),
(332, 24, 64, 4, 12800, 0),
(332, 55, 185, 1, 12700, 0),
(332, 70, 252, 1, 3000, 0),
(332, 80, 298, 3, 3900, 0),
(332, 123, 484, 3, 10500, 0),
(333, 24, 64, 5, 16000, 0),
(333, 34, 103, 5, 49500, 0),
(333, 103, 396, 5, 21000, 0),
(333, 118, 456, 2, 7000, 0),
(333, 160, 588, 2, 20000, 0),
(334, 35, 104, 1, 12000, 0),
(334, 94, 370, 5, 27500, 0),
(334, 123, 484, 4, 14000, 0),
(334, 132, 502, 2, 8160, 0),
(335, 12, 39, 4, 10400, 0),
(335, 69, 246, 4, 11200, 0),
(336, 16, 46, 1, 3000, 0),
(336, 112, 434, 4, 114000, 0),
(336, 147, 535, 2, 6000, 0),
(336, 160, 588, 4, 40000, 0),
(338, 59, 200, 1, 3000, 0),
(338, 100, 385, 3, 10800, 0),
(338, 118, 456, 1, 3500, 0),
(338, 160, 588, 3, 30000, 0),
(339, 10, 27, 1, 5500, 0),
(339, 67, 236, 3, 7500, 0),
(339, 89, 346, 5, 12500, 0),
(339, 141, 519, 2, 11000, 0),
(340, 54, 183, 1, 13500, 0),
(340, 64, 224, 1, 2600, 0),
(340, 69, 246, 1, 2800, 0),
(340, 87, 337, 5, 10000, 0),
(340, 106, 409, 2, 36000, 0),
(340, 132, 502, 2, 8160, 0),
(341, 19, 52, 4, 10000, 0),
(341, 23, 62, 4, 20000, 0),
(341, 30, 83, 3, 34500, 0),
(341, 39, 124, 1, 9800, 0),
(341, 83, 311, 5, 14500, 0),
(341, 108, 416, 4, 90000, 0),
(341, 147, 535, 3, 9000, 0),
(342, 26, 70, 3, 25800, 0),
(342, 64, 224, 3, 7800, 0),
(342, 82, 308, 1, 23, 0),
(342, 118, 456, 4, 14000, 0),
(343, 14, 43, 2, 7000, 0),
(343, 59, 200, 3, 9000, 0),
(344, 31, 86, 2, 17600, 0),
(344, 51, 175, 2, 32400, 0),
(344, 107, 412, 3, 67500, 0),
(344, 118, 456, 1, 3500, 0),
(344, 120, 469, 4, 10000, 0),
(344, 121, 475, 5, 17500, 0),
(344, 122, 481, 1, 4200, 0),
(345, 33, 95, 3, 33000, 0),
(345, 54, 183, 1, 13500, 0),
(345, 120, 469, 4, 10000, 0),
(345, 148, 537, 4, 10000, 0),
(346, 17, 48, 1, 3100, 0),
(346, 30, 83, 1, 11500, 0),
(346, 153, 562, 3, 6000, 0),
(347, 37, 116, 4, 30000, 0),
(347, 52, 177, 1, 12900, 0),
(347, 80, 298, 4, 5200, 0),
(347, 106, 409, 4, 72000, 0),
(348, 56, 189, 2, 4000, 0),
(348, 73, 268, 3, 7200, 0),
(348, 79, 292, 3, 6000, 0),
(348, 159, 585, 2, 6400, 0),
(349, 9, 24, 4, 12000, 0),
(349, 43, 146, 2, 18000, 0),
(349, 104, 400, 4, 12000, 0),
(349, 111, 430, 5, 142500, 0),
(349, 143, 526, 5, 110000, 0),
(349, 158, 578, 3, 20400, 0),
(350, 12, 39, 2, 5200, 0),
(350, 126, 490, 4, 18000, 0),
(351, 28, 75, 3, 31500, 0),
(351, 51, 175, 2, 32400, 0),
(351, 62, 216, 3, 8100, 0),
(351, 126, 490, 2, 9000, 0),
(352, 71, 259, 2, 5400, 0),
(352, 72, 264, 4, 11200, 0),
(352, 80, 298, 4, 5200, 0),
(352, 134, 647, 3, 0, 0),
(353, 56, 189, 3, 6000, 0),
(353, 141, 519, 1, 5500, 0),
(353, 145, 531, 1, 3800, 0),
(354, 17, 48, 5, 15500, 0),
(354, 29, 79, 2, 19000, 0),
(354, 143, 526, 4, 88000, 0),
(354, 145, 531, 5, 19000, 0),
(355, 21, 54, 1, 3500, 0),
(355, 48, 163, 1, 13200, 0),
(355, 159, 585, 2, 6400, 0),
(356, 28, 75, 5, 52500, 0),
(356, 40, 129, 4, 32800, 0),
(356, 63, 222, 1, 2300, 0),
(356, 73, 268, 5, 12000, 0),
(356, 79, 292, 1, 2000, 0),
(356, 119, 460, 2, 8400, 0),
(356, 151, 549, 1, 7500, 0),
(357, 11, 33, 5, 11000, 0),
(357, 25, 68, 2, 5200, 0),
(357, 80, 298, 4, 5200, 0),
(357, 95, 371, 1, 5900, 0),
(357, 103, 396, 5, 21000, 0),
(358, 12, 39, 5, 13000, 0),
(358, 74, 270, 3, 7200, 0),
(358, 89, 346, 3, 7500, 0),
(358, 132, 502, 5, 20400, 0),
(358, 145, 531, 4, 15200, 0),
(359, 15, 45, 2, 10000, 0),
(359, 82, 308, 3, 69, 0),
(359, 100, 385, 2, 7200, 0),
(359, 141, 519, 4, 22000, 0),
(360, 8, 22, 3, 15000, 0),
(360, 61, 211, 1, 2400, 0),
(360, 87, 337, 4, 8000, 0),
(360, 99, 381, 4, 12500, 0),
(360, 99, 381, 5, 12500, 0),
(360, 109, 421, 5, 104000, 0),
(361, 9, 24, 2, 6000, 0),
(361, 29, 79, 5, 47500, 0),
(361, 68, 241, 1, 2300, 0),
(361, 113, 437, 2, 39000, 0),
(361, 114, 440, 1, 19500, 0),
(362, 28, 75, 2, 21000, 0),
(362, 66, 232, 2, 4400, 0),
(362, 103, 396, 3, 12600, 0),
(363, 53, 180, 5, 70000, 0),
(363, 98, 377, 4, 100000, 0),
(363, 141, 519, 1, 5500, 0),
(364, 48, 163, 1, 13200, 0),
(364, 78, 286, 3, 5400, 0),
(364, 86, 332, 2, 3600, 0),
(364, 91, 357, 2, 4200, 0),
(364, 134, 647, 3, 0, 0),
(364, 156, 571, 2, 7600, 0),
(365, 54, 183, 1, 13500, 0),
(365, 100, 385, 2, 7200, 0),
(366, 22, 58, 1, 5500, 0),
(366, 117, 453, 2, 5600, 0),
(366, 142, 524, 5, 60000, 0),
(367, 30, 83, 5, 57500, 0),
(367, 90, 351, 5, 14000, 0),
(367, 139, 514, 5, 12500, 0),
(368, 30, 83, 1, 11500, 0),
(369, 17, 48, 4, 12400, 0),
(369, 19, 52, 5, 12500, 0),
(369, 154, 567, 5, 60000, 0),
(369, 157, 575, 1, 6800, 0),
(370, 18, 50, 3, 7800, 0),
(370, 28, 75, 4, 42000, 0),
(370, 101, 389, 1, 3200, 0),
(370, 120, 469, 2, 5000, 0),
(370, 127, 493, 1, 3900, 0),
(371, 30, 83, 5, 57500, 0),
(371, 87, 337, 2, 4000, 0),
(371, 88, 342, 1, 1500, 0),
(371, 159, 585, 4, 12800, 0),
(372, 105, 405, 3, 9900, 0),
(373, 59, 200, 2, 6000, 0),
(373, 96, 374, 2, 16400, 0),
(373, 119, 460, 5, 21000, 0),
(373, 133, 504, 1, 5500, 0),
(373, 137, 511, 3, 26400, 0),
(373, 138, 513, 5, 16000, 0),
(374, 34, 103, 2, 19800, 0),
(374, 42, 138, 3, 26700, 0),
(374, 84, 318, 4, 11600, 0),
(375, 13, 41, 2, 16000, 0),
(375, 41, 133, 4, 42000, 0),
(376, 34, 103, 3, 29700, 0),
(376, 37, 116, 1, 7500, 0),
(376, 93, 369, 1, 2000, 0),
(376, 120, 469, 2, 5000, 0),
(376, 123, 484, 4, 14000, 0),
(377, 62, 216, 4, 10800, 0),
(377, 146, 533, 2, 30000, 0),
(379, 16, 46, 5, 15000, 0),
(379, 57, 192, 2, 5000, 0),
(380, 13, 41, 3, 24000, 0),
(380, 102, 392, 5, 17500, 0),
(380, 153, 562, 1, 2000, 0),
(381, 32, 91, 2, 19400, 0),
(382, 48, 163, 5, 66000, 0),
(382, 64, 224, 5, 13000, 0),
(383, 18, 50, 2, 5200, 0),
(384, 95, 371, 3, 17700, 0),
(384, 102, 392, 4, 14000, 0),
(385, 12, 39, 2, 5200, 0),
(385, 56, 189, 2, 4000, 0),
(385, 68, 241, 4, 9200, 0),
(385, 96, 374, 3, 24600, 0),
(386, 2, 4, 5, 10, 0),
(386, 21, 54, 1, 3500, 0),
(386, 90, 351, 1, 2800, 0),
(386, 105, 405, 1, 3300, 0),
(386, 116, 449, 5, 120000, 0),
(387, 85, 328, 5, 9000, 0),
(387, 135, 507, 1, 25000, 0),
(389, 42, 138, 4, 35600, 0),
(389, 47, 159, 1, 12500, 0),
(389, 101, 389, 4, 12800, 0),
(390, 19, 52, 2, 5000, 0),
(390, 74, 270, 5, 12000, 0),
(390, 87, 337, 4, 8000, 0),
(390, 116, 449, 5, 120000, 0),
(390, 119, 460, 3, 12600, 0),
(391, 105, 405, 5, 16500, 0),
(392, 95, 371, 1, 5900, 0),
(392, 106, 409, 2, 36000, 0),
(392, 127, 493, 2, 7800, 0),
(392, 130, 499, 1, 18000, 0),
(392, 141, 519, 5, 27500, 0),
(392, 158, 578, 3, 20400, 0),
(393, 139, 514, 3, 7500, 0),
(393, 156, 571, 2, 7600, 0),
(394, 36, 110, 5, 37500, 0),
(394, 65, 228, 3, 8700, 0),
(394, 112, 434, 3, 85500, 0),
(394, 125, 488, 2, 9000, 0),
(394, 133, 504, 5, 27500, 0),
(395, 11, 33, 5, 11000, 0),
(395, 60, 207, 3, 8400, 0),
(395, 67, 236, 5, 12500, 0),
(395, 92, 365, 2, 4600, 0),
(395, 118, 456, 1, 3500, 0),
(395, 145, 531, 3, 11400, 0),
(395, 148, 537, 3, 7500, 0),
(396, 34, 103, 3, 29700, 0),
(396, 87, 337, 3, 6000, 0),
(396, 93, 369, 3, 6000, 0),
(397, 60, 207, 5, 14000, 0),
(397, 135, 507, 3, 75000, 0),
(398, 49, 166, 2, 23000, 0),
(398, 74, 270, 3, 7200, 0),
(398, 76, 280, 3, 28500, 0),
(398, 92, 365, 1, 2300, 0),
(399, 60, 207, 4, 11200, 0),
(399, 99, 381, 3, 7500, 0),
(399, 147, 535, 1, 3000, 0),
(399, 160, 588, 2, 20000, 0),
(400, 153, 562, 2, 4000, 0),
(401, 132, 502, 3, 12240, 0),
(402, 6, 519, 5, 22000, 0),
(402, 87, 337, 2, 4000, 0),
(402, 132, 502, 3, 12240, 0),
(402, 152, 559, 4, 10000, 0),
(403, 158, 578, 5, 34000, 0),
(404, 26, 70, 5, 43000, 0),
(404, 119, 460, 3, 12600, 0),
(405, 36, 110, 3, 22500, 0),
(405, 42, 138, 2, 17800, 0),
(405, 81, 302, 3, 6600, 0),
(406, 29, 79, 1, 9500, 0),
(406, 35, 104, 4, 48000, 0),
(407, 134, 647, 3, 0, 0),
(408, 2, 4, 4, 8, 0),
(408, 4, 7, 3, 3, 0),
(408, 8, 22, 1, 5000, 0),
(408, 11, 33, 3, 6600, 0),
(408, 99, 381, 2, 5000, 0),
(409, 62, 216, 4, 10800, 0),
(409, 75, 277, 3, 7800, 0),
(409, 118, 456, 5, 17500, 0),
(410, 51, 175, 3, 48600, 0),
(410, 77, 282, 5, 7500, 0),
(410, 81, 302, 1, 2200, 0),
(410, 126, 490, 4, 18000, 0),
(410, 154, 567, 5, 60000, 0),
(411, 23, 62, 5, 25000, 0),
(411, 95, 371, 2, 11800, 0),
(411, 159, 585, 4, 12800, 0),
(412, 122, 481, 1, 4200, 0),
(413, 49, 166, 4, 46000, 0),
(413, 51, 175, 3, 48600, 0),
(413, 102, 392, 5, 17500, 0),
(414, 21, 54, 3, 10500, 0),
(414, 74, 270, 3, 7200, 0),
(414, 111, 430, 2, 57000, 0),
(414, 154, 567, 1, 12000, 0),
(415, 93, 369, 1, 2000, 0),
(415, 144, 528, 1, 3800, 0),
(416, 44, 152, 5, 39000, 0),
(416, 74, 270, 4, 9600, 0),
(416, 92, 365, 1, 2300, 0),
(417, 21, 54, 1, 3500, 0),
(417, 91, 357, 2, 4200, 0),
(417, 134, 647, 3, 0, 0),
(418, 77, 282, 3, 4500, 0),
(418, 86, 332, 5, 9000, 0),
(419, 9, 24, 4, 12000, 0),
(419, 59, 200, 5, 15000, 0),
(419, 72, 264, 3, 8400, 0),
(419, 114, 440, 5, 97500, 0),
(420, 14, 43, 1, 3500, 0),
(420, 27, 72, 2, 19600, 0),
(420, 140, 516, 4, 80000, 0),
(421, 28, 75, 2, 21000, 0),
(421, 96, 374, 4, 32800, 0),
(422, 75, 277, 3, 7800, 0),
(422, 90, 351, 1, 2800, 0),
(422, 144, 528, 2, 7600, 0),
(423, 18, 50, 5, 13000, 0),
(423, 38, 120, 4, 39200, 0),
(423, 141, 519, 2, 11000, 0),
(424, 87, 337, 1, 2000, 0),
(424, 91, 357, 4, 8400, 0),
(424, 145, 531, 1, 3800, 0),
(425, 2, 4, 3, 6, 0),
(425, 18, 50, 3, 7800, 0),
(425, 31, 86, 3, 26400, 0),
(425, 82, 308, 4, 92, 0),
(425, 121, 475, 5, 17500, 0),
(425, 146, 533, 3, 45000, 0),
(426, 6, 519, 4, 22000, 0),
(426, 37, 116, 3, 22500, 0),
(426, 58, 195, 5, 11000, 0),
(426, 120, 469, 3, 7500, 0),
(427, 35, 104, 1, 12000, 0),
(427, 76, 280, 5, 47500, 0),
(427, 107, 412, 2, 45000, 0),
(427, 133, 504, 1, 5500, 0),
(427, 140, 516, 4, 80000, 0),
(428, 56, 189, 1, 2000, 0),
(428, 68, 241, 4, 9200, 0),
(428, 97, 375, 2, 24000, 0),
(429, 3, 5, 5, 10, 0),
(429, 65, 228, 3, 8700, 0),
(429, 150, 547, 5, 18000, 0),
(430, 19, 52, 5, 12500, 0),
(430, 24, 64, 5, 16000, 0),
(430, 38, 120, 4, 39200, 0),
(430, 104, 400, 4, 12000, 0),
(430, 111, 430, 3, 85500, 0),
(430, 137, 511, 2, 17600, 0),
(430, 158, 578, 1, 6800, 0),
(431, 157, 575, 4, 27200, 0),
(432, 84, 318, 5, 14500, 0),
(432, 114, 440, 5, 97500, 0),
(433, 4, 7, 1, 1, 0),
(433, 135, 507, 1, 25000, 0),
(433, 150, 547, 1, 3600, 0),
(433, 152, 559, 5, 12500, 0),
(435, 17, 48, 3, 9300, 0),
(435, 30, 83, 3, 34500, 0),
(436, 63, 222, 5, 11500, 0),
(436, 119, 460, 2, 8400, 0),
(437, 95, 371, 5, 29500, 0),
(437, 156, 571, 2, 7600, 0),
(438, 8, 22, 4, 20000, 0),
(438, 32, 91, 5, 48500, 0),
(439, 20, 53, 5, 12500, 0),
(439, 21, 54, 2, 7000, 0),
(439, 120, 469, 5, 12500, 0),
(439, 138, 513, 4, 12800, 0),
(440, 35, 104, 4, 48000, 0),
(440, 44, 152, 5, 39000, 0),
(440, 74, 270, 1, 2400, 0),
(440, 109, 421, 5, 104000, 0),
(440, 133, 504, 1, 5500, 0),
(440, 146, 533, 3, 45000, 0),
(441, 56, 189, 1, 2000, 0),
(442, 35, 104, 2, 24000, 0),
(442, 50, 171, 4, 55200, 0),
(442, 127, 493, 1, 3900, 0),
(443, 10, 27, 3, 16500, 0),
(443, 22, 58, 2, 11000, 0),
(443, 99, 381, 4, 10000, 0),
(443, 117, 453, 5, 14000, 0),
(443, 158, 578, 4, 27200, 0),
(444, 22, 58, 1, 5500, 0),
(444, 90, 351, 2, 5600, 0),
(444, 142, 524, 5, 60000, 0),
(445, 14, 43, 5, 17500, 0),
(445, 70, 252, 3, 9000, 0),
(446, 29, 79, 1, 9500, 0),
(446, 94, 370, 4, 22000, 0),
(446, 148, 537, 4, 10000, 0),
(447, 2, 4, 5, 10, 0),
(447, 55, 185, 5, 63500, 0),
(448, 75, 277, 1, 2600, 0),
(448, 157, 575, 5, 34000, 0),
(449, 3, 5, 5, 10, 0),
(449, 79, 292, 3, 6000, 0),
(449, 149, 541, 1, 4200, 0),
(449, 155, 569, 2, 36000, 0),
(450, 144, 528, 3, 11400, 0),
(451, 118, 456, 3, 10500, 0),
(452, 160, 588, 5, 50000, 0),
(453, 50, 171, 2, 27600, 0),
(453, 107, 412, 2, 45000, 0),
(453, 110, 427, 5, 125000, 0),
(453, 143, 526, 5, 110000, 0),
(453, 153, 562, 2, 4000, 0),
(454, 86, 332, 4, 7200, 0),
(454, 103, 396, 3, 12600, 0),
(455, 17, 48, 2, 6200, 0),
(455, 26, 70, 4, 34400, 0),
(455, 52, 177, 3, 38700, 0),
(455, 70, 252, 4, 12000, 0),
(455, 77, 282, 4, 6000, 0),
(455, 85, 328, 1, 1800, 0),
(456, 18, 50, 4, 10400, 0),
(456, 98, 377, 2, 50000, 0),
(456, 112, 434, 3, 85500, 0),
(456, 130, 499, 5, 90000, 0),
(456, 150, 547, 4, 14400, 0),
(457, 22, 58, 4, 22000, 0),
(457, 51, 175, 1, 16200, 0),
(457, 96, 374, 1, 8200, 0),
(457, 100, 385, 1, 3600, 0),
(457, 105, 405, 4, 13200, 0),
(457, 160, 588, 4, 40000, 0),
(458, 17, 48, 2, 6200, 0),
(458, 18, 50, 5, 13000, 0),
(458, 23, 62, 4, 20000, 0),
(458, 108, 416, 5, 112500, 0),
(458, 119, 460, 4, 16800, 0),
(459, 51, 175, 3, 48600, 0),
(459, 100, 385, 1, 3600, 0),
(459, 106, 409, 5, 90000, 0),
(460, 1, 2, 5, 15, 0),
(460, 67, 236, 3, 7500, 0),
(460, 122, 481, 2, 8400, 0),
(460, 123, 484, 4, 14000, 0),
(460, 136, 509, 5, 17500, 0),
(461, 34, 103, 5, 49500, 0),
(461, 89, 346, 5, 12500, 0),
(461, 138, 513, 2, 6400, 0),
(462, 60, 207, 1, 2800, 0),
(463, 40, 129, 4, 32800, 0),
(464, 38, 120, 3, 29400, 0),
(464, 73, 268, 3, 7200, 0),
(464, 151, 549, 2, 15000, 0),
(465, 78, 286, 5, 9000, 0),
(465, 124, 486, 5, 17500, 0),
(465, 125, 488, 3, 13500, 0),
(465, 143, 526, 3, 66000, 0),
(466, 11, 33, 2, 4400, 0),
(466, 26, 70, 3, 25800, 0),
(466, 39, 124, 2, 19600, 0),
(466, 40, 129, 2, 16400, 0),
(466, 100, 385, 1, 3600, 0),
(467, 63, 222, 1, 2300, 0),
(467, 104, 400, 3, 9000, 0),
(469, 72, 264, 4, 11200, 0),
(470, 11, 33, 5, 11000, 0),
(470, 159, 585, 1, 3200, 0),
(471, 29, 79, 3, 28500, 0),
(471, 58, 195, 2, 4400, 0),
(471, 101, 389, 1, 3200, 0),
(471, 145, 531, 2, 7600, 0),
(471, 152, 559, 1, 2500, 0),
(472, 14, 43, 2, 7000, 0),
(472, 27, 72, 5, 49000, 0),
(472, 32, 91, 3, 29100, 0),
(472, 128, 496, 1, 3500, 0),
(472, 145, 531, 2, 7600, 0),
(473, 30, 83, 2, 23000, 0),
(473, 146, 533, 2, 30000, 0),
(473, 159, 585, 4, 12800, 0),
(474, 35, 104, 3, 36000, 0),
(474, 155, 569, 2, 36000, 0),
(475, 110, 427, 2, 50000, 0),
(476, 134, 647, 2, 0, 0),
(477, 31, 86, 3, 26400, 0),
(477, 32, 91, 3, 29100, 0),
(477, 37, 116, 2, 15000, 0),
(477, 56, 189, 5, 10000, 0),
(477, 88, 342, 2, 3000, 0),
(477, 106, 409, 5, 90000, 0),
(477, 118, 456, 3, 10500, 0),
(477, 132, 502, 4, 16320, 0),
(478, 15, 45, 3, 15000, 0),
(478, 34, 103, 4, 39600, 0),
(478, 57, 192, 3, 7500, 0),
(478, 58, 195, 5, 11000, 0),
(478, 87, 337, 2, 4000, 0),
(478, 122, 481, 4, 16800, 0),
(479, 101, 389, 4, 12800, 0),
(480, 31, 86, 1, 8800, 0),
(480, 41, 133, 1, 10500, 0),
(480, 123, 484, 2, 7000, 0),
(481, 57, 192, 2, 5000, 0),
(481, 67, 236, 4, 10000, 0),
(481, 147, 535, 1, 3000, 0),
(482, 11, 33, 1, 2200, 0),
(482, 25, 68, 5, 13000, 0),
(482, 36, 110, 2, 15000, 0),
(482, 66, 232, 3, 6600, 0),
(482, 125, 488, 4, 18000, 0),
(482, 149, 541, 4, 16800, 0),
(483, 20, 53, 1, 2500, 0),
(483, 65, 228, 3, 8700, 0),
(483, 72, 264, 3, 8400, 0),
(483, 92, 365, 2, 4600, 0),
(484, 32, 91, 4, 38800, 0),
(484, 60, 207, 1, 2800, 0),
(484, 90, 351, 3, 8400, 0),
(484, 132, 502, 3, 12240, 0),
(485, 93, 369, 4, 8000, 0),
(486, 11, 33, 4, 8800, 0),
(486, 75, 277, 4, 10400, 0),
(487, 50, 171, 1, 13800, 0),
(487, 59, 200, 1, 3000, 0),
(487, 66, 232, 3, 6600, 0),
(487, 93, 369, 3, 6000, 0),
(487, 102, 392, 5, 17500, 0),
(488, 38, 120, 2, 19600, 0),
(489, 5, 16, 1, 4, 0),
(489, 50, 171, 2, 27600, 0),
(489, 71, 259, 1, 2700, 0),
(489, 76, 280, 1, 9500, 0),
(489, 135, 507, 4, 25000, 0),
(489, 135, 507, 1, 25000, 0),
(489, 139, 514, 3, 7500, 0),
(490, 46, 157, 4, 59200, 0),
(490, 91, 357, 1, 2100, 0),
(490, 132, 502, 2, 8160, 0),
(491, 64, 224, 4, 10400, 0),
(491, 84, 318, 4, 11600, 0),
(491, 90, 351, 1, 2800, 0),
(491, 94, 370, 2, 11000, 0),
(491, 124, 486, 1, 3500, 0),
(491, 150, 547, 4, 14400, 0),
(492, 78, 286, 1, 1800, 0),
(492, 126, 490, 5, 22500, 0),
(492, 128, 496, 4, 14000, 0),
(493, 3, 5, 2, 4, 0),
(493, 37, 116, 3, 22500, 0),
(493, 70, 252, 4, 12000, 0),
(493, 89, 346, 1, 2500, 0),
(493, 100, 385, 4, 14400, 0),
(494, 16, 46, 3, 9000, 0),
(494, 73, 268, 3, 7200, 0),
(495, 78, 286, 3, 5400, 0),
(496, 153, 562, 5, 10000, 0),
(496, 156, 571, 5, 19000, 0),
(497, 39, 124, 1, 9800, 0),
(497, 126, 490, 2, 9000, 0),
(497, 129, 498, 5, 75000, 0),
(498, 24, 64, 2, 6400, 0),
(498, 29, 79, 2, 19000, 0),
(499, 2, 4, 1, 2, 0),
(499, 11, 33, 3, 6600, 0),
(499, 29, 79, 4, 38000, 0),
(499, 73, 268, 4, 9600, 0),
(499, 90, 351, 4, 11200, 0),
(499, 121, 475, 4, 14000, 0),
(499, 133, 504, 2, 11000, 0),
(499, 146, 533, 5, 75000, 0),
(500, 50, 171, 4, 55200, 0),
(500, 159, 585, 3, 9600, 0),
(501, 11, 33, 2, 4400, 0),
(501, 66, 232, 4, 8800, 0),
(501, 129, 498, 5, 75000, 0),
(502, 84, 318, 1, 2900, 0),
(502, 97, 375, 3, 36000, 0),
(502, 145, 531, 4, 15200, 0),
(503, 44, 152, 5, 39000, 0),
(503, 62, 216, 3, 8100, 0),
(503, 79, 292, 5, 10000, 0),
(503, 116, 449, 5, 120000, 0),
(504, 10, 27, 2, 11000, 0),
(504, 42, 138, 2, 17800, 0),
(504, 82, 308, 5, 115, 0),
(505, 30, 83, 3, 34500, 0),
(506, 101, 389, 1, 3200, 0),
(506, 142, 524, 1, 12000, 0),
(507, 3, 5, 2, 4, 0),
(507, 116, 449, 3, 72000, 0),
(508, 44, 152, 3, 23400, 0),
(508, 55, 185, 3, 38100, 0),
(509, 44, 152, 3, 23400, 0),
(509, 54, 183, 3, 40500, 0),
(509, 95, 371, 5, 29500, 0),
(510, 16, 46, 3, 9000, 0),
(510, 41, 133, 2, 21000, 0),
(511, 47, 159, 3, 37500, 0),
(511, 48, 163, 3, 39600, 0),
(511, 68, 241, 3, 6900, 0),
(512, 4, 7, 3, 3, 0),
(512, 57, 192, 5, 12500, 0),
(512, 62, 216, 2, 5400, 0),
(512, 80, 298, 5, 6500, 0),
(512, 129, 498, 1, 15000, 0),
(512, 133, 504, 4, 22000, 0),
(513, 84, 318, 1, 2900, 0),
(514, 30, 83, 4, 46000, 0),
(514, 43, 146, 4, 36000, 0),
(514, 130, 499, 2, 36000, 0),
(514, 150, 547, 5, 18000, 0),
(515, 37, 116, 1, 7500, 0),
(515, 41, 133, 1, 10500, 0),
(515, 146, 533, 1, 15000, 0),
(516, 92, 365, 5, 11500, 0),
(516, 126, 490, 2, 9000, 0),
(517, 104, 400, 2, 6000, 0),
(518, 53, 180, 3, 42000, 0),
(519, 13, 41, 4, 32000, 0),
(519, 17, 48, 2, 6200, 0),
(519, 23, 62, 5, 25000, 0),
(519, 70, 252, 4, 12000, 0),
(519, 94, 370, 4, 22000, 0),
(520, 80, 298, 3, 3900, 0),
(520, 83, 311, 3, 8700, 0),
(521, 7, 18, 5, 15000, 0),
(521, 58, 195, 5, 11000, 0),
(521, 147, 535, 5, 15000, 0),
(521, 154, 567, 3, 36000, 0),
(522, 76, 280, 5, 47500, 0),
(522, 112, 434, 5, 142500, 0),
(523, 109, 421, 4, 83200, 0),
(523, 156, 571, 3, 11400, 0),
(524, 15, 45, 5, 25000, 0),
(524, 21, 54, 3, 10500, 0),
(524, 109, 421, 4, 83200, 0),
(525, 51, 175, 5, 81000, 0),
(525, 105, 405, 2, 6600, 0),
(525, 157, 575, 3, 20400, 0),
(526, 48, 163, 4, 13200, 0),
(526, 48, 163, 1, 13200, 0),
(526, 74, 270, 4, 9600, 0),
(526, 84, 318, 1, 2900, 0),
(526, 105, 405, 1, 3300, 0),
(527, 49, 166, 3, 34500, 0),
(527, 83, 311, 5, 14500, 0),
(527, 125, 488, 4, 18000, 0),
(528, 56, 189, 1, 2000, 0),
(528, 106, 409, 5, 90000, 0),
(528, 110, 427, 2, 50000, 0),
(528, 146, 533, 3, 45000, 0),
(529, 22, 58, 3, 16500, 0),
(529, 36, 110, 4, 30000, 0),
(529, 98, 377, 4, 100000, 0),
(530, 46, 157, 1, 14800, 0),
(530, 78, 286, 3, 5400, 0),
(530, 118, 456, 5, 17500, 0),
(531, 18, 50, 2, 5200, 0),
(531, 26, 70, 4, 34400, 0),
(531, 41, 133, 2, 21000, 0),
(531, 62, 216, 5, 13500, 0),
(531, 102, 392, 5, 17500, 0),
(531, 152, 559, 5, 12500, 0),
(532, 43, 146, 1, 9000, 0),
(532, 58, 195, 1, 2200, 0),
(532, 70, 252, 5, 15000, 0),
(532, 86, 332, 3, 5400, 0),
(532, 128, 496, 5, 17500, 0),
(532, 143, 526, 1, 22000, 0),
(533, 22, 58, 2, 11000, 0),
(533, 28, 75, 3, 31500, 0),
(533, 35, 104, 5, 60000, 0),
(533, 62, 216, 3, 8100, 0),
(534, 3, 5, 1, 2, 0),
(534, 19, 52, 4, 10000, 0),
(534, 63, 222, 3, 6900, 0),
(534, 106, 409, 1, 18000, 0),
(534, 157, 575, 1, 6800, 0),
(535, 5, 16, 5, 20, 0),
(535, 154, 567, 1, 12000, 0),
(535, 160, 588, 3, 30000, 0),
(536, 45, 155, 4, 50000, 0),
(536, 66, 232, 1, 2200, 0),
(536, 122, 481, 1, 4200, 0),
(536, 143, 526, 1, 22000, 0),
(536, 160, 588, 2, 20000, 0),
(537, 32, 91, 1, 9700, 0),
(537, 66, 232, 1, 2200, 0),
(537, 128, 496, 5, 17500, 0),
(537, 151, 549, 3, 22500, 0),
(539, 2, 4, 3, 6, 0),
(539, 12, 39, 3, 7800, 0),
(539, 18, 50, 2, 5200, 0),
(539, 67, 236, 1, 2500, 0),
(539, 103, 396, 4, 16800, 0),
(540, 32, 91, 5, 48500, 0),
(540, 92, 365, 1, 2300, 0),
(540, 109, 421, 1, 20800, 0),
(541, 27, 72, 5, 49000, 0),
(541, 88, 342, 5, 7500, 0),
(541, 122, 481, 4, 16800, 0),
(542, 21, 54, 4, 14000, 0),
(542, 29, 79, 2, 19000, 0),
(542, 38, 120, 2, 19600, 0),
(542, 145, 531, 3, 11400, 0),
(543, 60, 207, 2, 5600, 0),
(543, 149, 541, 5, 21000, 0),
(543, 152, 559, 4, 10000, 0),
(544, 64, 224, 4, 10400, 0),
(544, 142, 524, 3, 36000, 0),
(544, 156, 571, 3, 11400, 0),
(545, 27, 72, 2, 19600, 0),
(545, 85, 328, 5, 9000, 0),
(545, 121, 475, 5, 17500, 0),
(546, 35, 104, 2, 24000, 0),
(546, 79, 292, 1, 2000, 0),
(546, 100, 385, 5, 18000, 0),
(547, 80, 298, 2, 2600, 0),
(547, 91, 357, 1, 2100, 0),
(548, 22, 58, 5, 27500, 0),
(548, 55, 185, 3, 38100, 0),
(548, 78, 286, 4, 7200, 0),
(548, 140, 516, 2, 40000, 0),
(548, 148, 537, 3, 7500, 0),
(549, 69, 246, 2, 5600, 0),
(549, 74, 270, 4, 9600, 0),
(550, 2, 4, 1, 2, 0),
(550, 81, 302, 4, 8800, 0),
(550, 111, 430, 2, 57000, 0),
(551, 8, 22, 5, 25000, 0),
(552, 8, 22, 5, 25000, 0),
(552, 13, 41, 1, 8000, 0),
(552, 15, 45, 4, 20000, 0),
(552, 20, 53, 1, 2500, 0),
(552, 60, 207, 5, 14000, 0),
(552, 63, 222, 5, 11500, 0),
(552, 98, 377, 5, 125000, 0),
(553, 35, 104, 5, 60000, 0),
(553, 55, 185, 3, 38100, 0),
(553, 119, 460, 5, 21000, 0),
(554, 14, 43, 2, 7000, 0),
(554, 66, 232, 3, 6600, 0),
(554, 113, 437, 4, 78000, 0),
(555, 4, 7, 5, 5, 0),
(555, 99, 381, 2, 5000, 0),
(555, 125, 488, 1, 4500, 0),
(556, 22, 58, 5, 27500, 0),
(556, 114, 440, 1, 19500, 0),
(557, 65, 228, 3, 8700, 0),
(557, 102, 392, 1, 3500, 0),
(557, 128, 496, 2, 7000, 0),
(558, 27, 72, 4, 39200, 0),
(558, 54, 183, 2, 27000, 0),
(558, 100, 385, 5, 18000, 0),
(558, 108, 416, 1, 22500, 0),
(558, 157, 575, 2, 13600, 0),
(559, 7, 18, 1, 3000, 0),
(559, 44, 152, 5, 39000, 0),
(559, 55, 185, 1, 12700, 0),
(559, 81, 302, 2, 4400, 0),
(559, 98, 377, 5, 125000, 0),
(560, 17, 48, 5, 15500, 0),
(561, 43, 146, 3, 27000, 0),
(561, 105, 405, 3, 9900, 0),
(561, 141, 519, 3, 16500, 0),
(561, 151, 549, 2, 15000, 0),
(562, 52, 177, 2, 25800, 0),
(562, 63, 222, 3, 6900, 0),
(563, 33, 95, 1, 11000, 0),
(563, 91, 357, 1, 2100, 0),
(563, 124, 486, 3, 10500, 0),
(563, 135, 507, 4, 100000, 0),
(564, 4, 7, 4, 4, 0),
(564, 123, 484, 4, 14000, 0),
(564, 145, 531, 1, 3800, 0),
(564, 152, 559, 4, 10000, 0),
(565, 87, 337, 2, 4000, 0),
(565, 118, 456, 1, 3500, 0),
(565, 144, 528, 2, 7600, 0),
(566, 86, 332, 3, 5400, 0),
(567, 29, 79, 2, 19000, 0),
(567, 43, 146, 2, 18000, 0),
(567, 100, 385, 2, 7200, 0),
(567, 145, 531, 1, 3800, 0),
(568, 73, 268, 2, 4800, 0),
(568, 137, 511, 3, 26400, 0),
(568, 152, 559, 5, 12500, 0),
(569, 31, 86, 5, 44000, 0),
(569, 38, 120, 5, 49000, 0),
(569, 51, 175, 3, 48600, 0),
(570, 65, 228, 3, 8700, 0),
(570, 96, 374, 4, 32800, 0),
(570, 130, 499, 1, 36000, 0),
(570, 130, 499, 2, 36000, 0),
(570, 131, 500, 3, 79500, 0),
(571, 69, 246, 5, 14000, 0),
(571, 89, 346, 3, 7500, 0),
(572, 37, 116, 2, 15000, 0),
(572, 62, 216, 5, 13500, 0),
(572, 63, 222, 1, 2300, 0),
(572, 64, 224, 4, 10400, 0),
(572, 125, 488, 3, 13500, 0),
(572, 144, 528, 1, 3800, 0),
(573, 5, 16, 2, 8, 0),
(573, 14, 43, 1, 3500, 0),
(573, 15, 45, 3, 15000, 0),
(573, 50, 171, 4, 55200, 0),
(573, 62, 216, 1, 2700, 0),
(573, 115, 445, 3, 72000, 0),
(574, 19, 52, 5, 12500, 0),
(574, 26, 70, 2, 17200, 0),
(574, 78, 286, 3, 5400, 0),
(574, 130, 499, 1, 18000, 0),
(574, 153, 562, 5, 10000, 0),
(575, 74, 270, 5, 12000, 0),
(575, 159, 585, 1, 3200, 0),
(576, 56, 189, 2, 4000, 0),
(576, 80, 298, 3, 3900, 0),
(576, 113, 437, 5, 97500, 0),
(576, 143, 526, 3, 66000, 0),
(577, 81, 302, 5, 11000, 0),
(578, 14, 43, 4, 14000, 0),
(578, 118, 456, 3, 10500, 0),
(578, 146, 533, 2, 30000, 0),
(579, 5, 16, 3, 12, 0),
(579, 84, 318, 4, 11600, 0),
(579, 95, 371, 3, 17700, 0),
(579, 118, 456, 3, 10500, 0),
(579, 136, 509, 1, 3500, 0),
(579, 141, 519, 3, 16500, 0),
(580, 65, 228, 5, 14500, 0),
(580, 146, 533, 4, 60000, 0),
(581, 62, 216, 5, 13500, 0),
(581, 77, 282, 3, 4500, 0),
(581, 140, 516, 2, 40000, 0),
(581, 153, 562, 1, 2000, 0),
(582, 10, 27, 1, 5500, 0),
(582, 50, 171, 2, 27600, 0),
(582, 71, 259, 2, 5400, 0),
(582, 113, 437, 2, 39000, 0),
(583, 51, 175, 2, 16200, 0),
(583, 51, 175, 1, 16200, 0),
(583, 68, 241, 1, 2300, 0),
(583, 98, 377, 2, 50000, 0),
(583, 113, 437, 1, 19500, 0),
(583, 114, 440, 5, 97500, 0),
(584, 34, 103, 1, 9900, 0);
INSERT INTO `orders_detail` (`order_id`, `product_id`, `color_size_id`, `order_pieces`, `detail_total`, `deli_status`) VALUES
(584, 118, 456, 4, 14000, 0),
(585, 130, 499, 4, 72000, 0),
(585, 143, 526, 1, 22000, 0),
(586, 19, 52, 3, 7500, 0),
(586, 77, 282, 4, 6000, 0),
(586, 86, 332, 3, 5400, 0),
(586, 155, 569, 3, 54000, 0),
(586, 158, 578, 4, 27200, 0),
(587, 18, 50, 2, 5200, 0),
(587, 140, 516, 1, 20000, 0),
(589, 30, 83, 1, 11500, 0),
(589, 44, 152, 2, 15600, 0),
(589, 69, 246, 5, 14000, 0),
(589, 104, 400, 2, 6000, 0),
(589, 111, 430, 3, 85500, 0),
(589, 160, 588, 2, 20000, 0),
(590, 60, 207, 5, 14000, 0),
(590, 150, 547, 5, 18000, 0),
(591, 24, 64, 5, 16000, 0),
(591, 37, 116, 3, 22500, 0),
(591, 51, 175, 5, 81000, 0),
(591, 83, 311, 5, 14500, 0),
(591, 109, 421, 3, 62400, 0),
(591, 152, 559, 2, 5000, 0),
(592, 14, 43, 5, 17500, 0),
(592, 27, 72, 5, 49000, 0),
(592, 59, 200, 2, 6000, 0),
(592, 78, 286, 5, 9000, 0),
(592, 82, 308, 2, 46, 0),
(592, 97, 375, 2, 24000, 0),
(592, 105, 405, 2, 6600, 0),
(592, 107, 412, 2, 45000, 0),
(592, 123, 484, 5, 17500, 0),
(593, 23, 62, 4, 20000, 0),
(593, 45, 155, 3, 37500, 0),
(593, 48, 163, 3, 39600, 0),
(593, 84, 318, 1, 2900, 0),
(593, 102, 392, 2, 7000, 0),
(593, 121, 475, 2, 7000, 0),
(594, 37, 116, 3, 22500, 0),
(594, 74, 270, 4, 9600, 0),
(594, 159, 585, 5, 16000, 0),
(595, 73, 268, 2, 4800, 0),
(595, 155, 569, 2, 36000, 0),
(596, 11, 33, 2, 4400, 0),
(596, 41, 133, 3, 31500, 0),
(596, 93, 369, 5, 10000, 0),
(596, 148, 537, 2, 5000, 0),
(597, 14, 43, 5, 17500, 0),
(597, 47, 159, 2, 25000, 0),
(597, 94, 370, 3, 16500, 0),
(597, 97, 375, 5, 60000, 0),
(597, 108, 416, 2, 45000, 0),
(597, 141, 519, 3, 16500, 0),
(597, 143, 526, 1, 22000, 0),
(598, 112, 434, 2, 57000, 0),
(598, 123, 484, 4, 14000, 0),
(598, 124, 486, 2, 7000, 0),
(599, 63, 222, 3, 6900, 0),
(599, 91, 357, 4, 8400, 0),
(599, 95, 371, 5, 29500, 0),
(599, 103, 396, 5, 21000, 0),
(600, 3, 5, 2, 4, 0),
(600, 13, 41, 4, 32000, 0),
(600, 34, 103, 4, 39600, 0),
(601, 32, 91, 1, 9700, 0),
(601, 51, 175, 4, 64800, 0),
(601, 112, 434, 4, 114000, 0),
(601, 138, 513, 1, 3200, 0),
(601, 142, 524, 3, 36000, 0),
(602, 52, 177, 5, 64500, 0),
(602, 114, 440, 4, 78000, 0),
(602, 135, 507, 2, 50000, 0),
(602, 144, 528, 5, 19000, 0),
(603, 120, 469, 3, 7500, 0),
(603, 132, 502, 1, 4080, 0),
(605, 40, 129, 4, 32800, 0),
(605, 76, 280, 5, 47500, 0),
(605, 81, 302, 2, 4400, 0),
(606, 37, 116, 1, 7500, 0),
(606, 38, 120, 5, 49000, 0),
(606, 44, 152, 1, 7800, 0),
(606, 54, 183, 5, 67500, 0),
(606, 93, 369, 2, 4000, 0),
(607, 1, 2, 2, 6, 0),
(607, 58, 195, 1, 2200, 0),
(607, 91, 357, 4, 8400, 0),
(607, 133, 504, 4, 22000, 0),
(607, 157, 575, 1, 6800, 0),
(608, 13, 41, 2, 16000, 0),
(608, 55, 185, 5, 63500, 0),
(608, 71, 259, 2, 5400, 0),
(608, 84, 318, 2, 5800, 0),
(608, 107, 412, 5, 112500, 0),
(609, 32, 91, 3, 29100, 0),
(610, 22, 58, 5, 27500, 0),
(610, 24, 64, 3, 9600, 0),
(610, 40, 129, 1, 8200, 0),
(610, 72, 264, 3, 8400, 0),
(610, 79, 292, 1, 2000, 0),
(610, 117, 453, 1, 2800, 0),
(610, 127, 493, 5, 19500, 0),
(610, 131, 500, 1, 26500, 0),
(610, 151, 549, 4, 30000, 0),
(611, 34, 103, 2, 19800, 0),
(611, 87, 337, 3, 6000, 0),
(611, 123, 484, 5, 17500, 0),
(613, 36, 110, 5, 37500, 0),
(613, 57, 192, 1, 2500, 0),
(613, 94, 370, 3, 16500, 0),
(613, 101, 389, 3, 9600, 0),
(613, 110, 427, 2, 50000, 0),
(613, 116, 449, 1, 24000, 0),
(613, 151, 549, 1, 7500, 0),
(613, 153, 562, 5, 10000, 0),
(614, 105, 405, 4, 13200, 0),
(615, 4, 7, 3, 3, 0),
(615, 86, 332, 2, 3600, 0),
(615, 116, 449, 2, 48000, 0),
(615, 139, 514, 4, 10000, 0),
(615, 147, 535, 2, 6000, 0),
(616, 18, 50, 5, 13000, 0),
(616, 54, 183, 2, 27000, 0),
(617, 3, 5, 5, 10, 0),
(617, 41, 133, 3, 31500, 0),
(617, 93, 369, 4, 8000, 0),
(617, 130, 499, 5, 90000, 0),
(618, 16, 46, 2, 6000, 0),
(618, 25, 68, 1, 2600, 0),
(619, 78, 286, 3, 5400, 0),
(619, 92, 365, 1, 2300, 0),
(619, 98, 377, 4, 100000, 0),
(620, 58, 195, 4, 8800, 0),
(621, 104, 400, 5, 15000, 0),
(621, 115, 445, 5, 120000, 0),
(621, 145, 531, 3, 11400, 0),
(621, 148, 537, 3, 7500, 0),
(622, 8, 22, 1, 5000, 0),
(622, 42, 138, 1, 8900, 0),
(622, 146, 533, 5, 75000, 0),
(623, 11, 33, 1, 2200, 0),
(623, 44, 152, 1, 7800, 0),
(623, 50, 171, 2, 27600, 0),
(623, 115, 445, 5, 120000, 0),
(623, 128, 496, 1, 3500, 0),
(623, 133, 504, 5, 27500, 0),
(623, 137, 511, 3, 26400, 0),
(624, 31, 86, 2, 17600, 0),
(624, 37, 116, 3, 22500, 0),
(624, 49, 166, 2, 23000, 0),
(624, 82, 308, 2, 46, 0),
(624, 104, 400, 3, 9000, 0),
(625, 47, 159, 5, 62500, 0),
(625, 108, 416, 2, 45000, 0),
(625, 120, 469, 3, 7500, 0),
(625, 132, 502, 2, 8160, 0),
(626, 22, 58, 2, 11000, 0),
(626, 31, 86, 4, 35200, 0),
(626, 114, 440, 4, 78000, 0),
(627, 18, 50, 4, 10400, 0),
(627, 19, 52, 3, 7500, 0),
(627, 29, 79, 4, 38000, 0),
(627, 90, 351, 2, 5600, 0),
(627, 109, 421, 1, 20800, 0),
(627, 111, 430, 2, 57000, 0),
(627, 120, 469, 3, 7500, 0),
(627, 141, 519, 2, 11000, 0),
(627, 156, 571, 1, 3800, 0),
(628, 74, 270, 3, 7200, 0),
(628, 129, 498, 1, 45000, 0),
(628, 129, 498, 3, 45000, 0),
(628, 150, 547, 1, 3600, 0),
(629, 27, 72, 3, 19600, 0),
(629, 27, 72, 2, 19600, 0),
(629, 52, 177, 2, 25800, 0),
(629, 80, 298, 3, 3900, 0),
(629, 82, 308, 2, 46, 0),
(630, 55, 185, 3, 38100, 0),
(630, 55, 185, 3, 38100, 0),
(630, 70, 252, 1, 3000, 0),
(630, 87, 337, 2, 4000, 0),
(631, 65, 228, 5, 14500, 0),
(631, 74, 270, 3, 7200, 0),
(631, 124, 486, 1, 3500, 0),
(632, 13, 41, 3, 24000, 0),
(632, 116, 449, 3, 72000, 0),
(632, 136, 509, 4, 14000, 0),
(633, 55, 185, 1, 12700, 0),
(633, 75, 277, 4, 10400, 0),
(633, 82, 308, 3, 69, 0),
(633, 110, 427, 1, 25000, 0),
(634, 153, 562, 3, 6000, 0),
(634, 160, 588, 1, 10000, 0),
(635, 38, 120, 5, 49000, 0),
(635, 80, 298, 2, 2600, 0),
(635, 131, 500, 5, 132500, 0),
(636, 4, 7, 1, 1, 0),
(636, 14, 43, 4, 14000, 0),
(637, 12, 39, 3, 7800, 0),
(637, 47, 159, 5, 62500, 0),
(637, 132, 502, 2, 8160, 0),
(638, 76, 280, 5, 47500, 0),
(638, 120, 469, 5, 12500, 0),
(639, 2, 4, 4, 8, 0),
(639, 26, 70, 1, 8600, 0),
(639, 130, 499, 1, 18000, 0),
(640, 36, 110, 2, 15000, 0),
(640, 62, 216, 1, 2700, 0),
(640, 109, 421, 5, 104000, 0),
(640, 122, 481, 3, 12600, 0),
(641, 7, 18, 3, 9000, 0),
(641, 63, 222, 1, 2300, 0),
(641, 67, 236, 3, 7500, 0),
(642, 44, 152, 2, 15600, 0),
(642, 66, 232, 3, 6600, 0),
(642, 155, 569, 1, 18000, 0),
(643, 65, 228, 1, 2900, 0),
(643, 84, 318, 2, 5800, 0),
(643, 136, 509, 5, 17500, 0),
(644, 100, 385, 5, 18000, 0),
(645, 1, 2, 4, 12, 0),
(645, 124, 486, 5, 17500, 0),
(645, 135, 507, 1, 25000, 0),
(645, 140, 516, 2, 40000, 0),
(646, 62, 216, 4, 10800, 0),
(646, 69, 246, 2, 5600, 0),
(647, 74, 270, 4, 9600, 0),
(648, 120, 469, 3, 7500, 0),
(648, 129, 498, 5, 75000, 0),
(649, 36, 110, 1, 7500, 0),
(649, 153, 562, 4, 8000, 0),
(650, 40, 129, 4, 32800, 0),
(650, 75, 277, 1, 2600, 0),
(651, 11, 33, 4, 8800, 0),
(651, 24, 64, 3, 9600, 0),
(651, 42, 138, 3, 26700, 0),
(651, 92, 365, 3, 6900, 0),
(651, 132, 502, 4, 16320, 0),
(651, 160, 588, 1, 10000, 0),
(653, 110, 427, 1, 25000, 0),
(653, 131, 500, 4, 106000, 0),
(654, 85, 328, 4, 7200, 0),
(654, 155, 569, 4, 72000, 0),
(655, 141, 519, 5, 27500, 0),
(655, 146, 533, 5, 75000, 0),
(656, 70, 252, 4, 12000, 0),
(656, 88, 342, 5, 7500, 0),
(656, 93, 369, 5, 10000, 0),
(656, 153, 562, 4, 8000, 0),
(657, 39, 124, 4, 39200, 0),
(657, 50, 171, 4, 55200, 0),
(657, 125, 488, 5, 22500, 0),
(658, 12, 39, 2, 5200, 0),
(658, 55, 185, 4, 50800, 0),
(658, 77, 282, 4, 6000, 0),
(658, 77, 282, 4, 6000, 0),
(658, 158, 578, 5, 34000, 0),
(659, 14, 43, 1, 3500, 0),
(659, 22, 58, 4, 22000, 0),
(659, 120, 469, 1, 2500, 0),
(660, 86, 332, 2, 3600, 0),
(661, 36, 110, 2, 15000, 0),
(661, 80, 298, 3, 3900, 0),
(662, 10, 27, 2, 11000, 0),
(662, 17, 48, 1, 3100, 0),
(662, 110, 427, 3, 75000, 0),
(662, 111, 430, 1, 28500, 0),
(663, 13, 41, 4, 32000, 0),
(663, 29, 79, 4, 38000, 0),
(663, 84, 318, 3, 8700, 0),
(663, 135, 507, 3, 75000, 0),
(664, 64, 224, 3, 7800, 0),
(664, 85, 328, 1, 1800, 0),
(665, 67, 236, 1, 2500, 0),
(665, 150, 547, 2, 7200, 0),
(666, 8, 22, 5, 25000, 0),
(666, 19, 52, 5, 12500, 0),
(666, 94, 370, 5, 27500, 0),
(668, 68, 241, 5, 11500, 0),
(668, 88, 342, 4, 7500, 0),
(668, 88, 342, 5, 7500, 0),
(668, 155, 569, 2, 36000, 0),
(669, 40, 129, 3, 24600, 0),
(669, 70, 252, 4, 12000, 0),
(669, 86, 332, 5, 9000, 0),
(669, 137, 511, 4, 35200, 0),
(669, 143, 526, 4, 88000, 0),
(670, 9, 24, 3, 9000, 0),
(670, 10, 27, 2, 11000, 0),
(670, 147, 535, 3, 9000, 0),
(670, 157, 575, 3, 20400, 0),
(671, 20, 53, 2, 5000, 0),
(671, 31, 86, 2, 17600, 0),
(671, 33, 95, 2, 22000, 0),
(671, 58, 195, 1, 2200, 0),
(671, 159, 585, 4, 12800, 0),
(672, 129, 498, 4, 60000, 0),
(672, 160, 588, 3, 30000, 0),
(673, 50, 171, 1, 13800, 0),
(673, 75, 277, 3, 7800, 0),
(673, 88, 342, 2, 3000, 0),
(673, 113, 437, 4, 78000, 0),
(674, 4, 7, 2, 2, 0),
(675, 49, 166, 2, 23000, 0),
(675, 103, 396, 5, 21000, 0),
(676, 22, 58, 2, 11000, 0),
(676, 119, 460, 5, 21000, 0),
(677, 8, 22, 2, 10000, 0),
(677, 38, 120, 1, 9800, 0),
(677, 55, 185, 1, 12700, 0),
(678, 24, 64, 4, 12800, 0),
(678, 68, 241, 4, 9200, 0),
(678, 120, 469, 1, 2500, 0),
(679, 39, 124, 4, 29400, 0),
(679, 39, 124, 3, 29400, 0),
(679, 77, 282, 3, 4500, 0),
(680, 23, 62, 5, 25000, 0),
(680, 28, 75, 3, 31500, 0),
(680, 128, 496, 3, 10500, 0),
(681, 105, 405, 5, 16500, 0),
(681, 129, 498, 4, 60000, 0),
(682, 155, 569, 4, 72000, 0),
(683, 10, 27, 2, 11000, 0),
(683, 43, 146, 3, 27000, 0),
(683, 69, 246, 1, 2800, 0),
(684, 96, 374, 2, 16400, 0),
(684, 125, 488, 4, 18000, 0),
(685, 35, 104, 2, 24000, 0),
(686, 1, 2, 3, 9, 0),
(686, 55, 185, 3, 38100, 0),
(686, 105, 405, 1, 3300, 0),
(687, 21, 54, 2, 7000, 0),
(687, 64, 224, 4, 10400, 0),
(687, 83, 311, 2, 5800, 0),
(687, 97, 375, 1, 12000, 0),
(687, 104, 400, 3, 9000, 0),
(687, 138, 513, 3, 9600, 0),
(689, 30, 83, 1, 11500, 0),
(689, 115, 445, 2, 48000, 0),
(690, 81, 302, 1, 2200, 0),
(690, 87, 337, 5, 10000, 0),
(690, 131, 500, 4, 106000, 0),
(691, 8, 22, 4, 20000, 0),
(691, 48, 163, 1, 13200, 0),
(691, 65, 228, 3, 8700, 0),
(691, 96, 374, 1, 8200, 0),
(691, 104, 400, 4, 12000, 0),
(692, 110, 427, 4, 100000, 0),
(692, 135, 507, 3, 75000, 0),
(692, 145, 531, 2, 7600, 0),
(692, 149, 541, 3, 12600, 0),
(693, 19, 52, 2, 5000, 0),
(693, 46, 157, 5, 74000, 0),
(693, 85, 328, 1, 1800, 0),
(693, 116, 449, 3, 72000, 0),
(693, 132, 502, 5, 20400, 0),
(693, 150, 547, 5, 18000, 0),
(694, 58, 195, 2, 4400, 0),
(694, 128, 496, 5, 17500, 0),
(695, 14, 43, 4, 14000, 0),
(695, 47, 159, 2, 25000, 0),
(695, 85, 328, 2, 3600, 0),
(695, 98, 377, 3, 75000, 0),
(696, 7, 18, 5, 15000, 0),
(696, 77, 282, 2, 3000, 0),
(696, 81, 302, 4, 8800, 0),
(696, 100, 385, 3, 10800, 0),
(696, 127, 493, 2, 7800, 0),
(696, 156, 571, 1, 3800, 0),
(697, 20, 53, 1, 2500, 0),
(697, 27, 72, 4, 39200, 0),
(697, 131, 500, 2, 53000, 0),
(697, 138, 513, 5, 16000, 0),
(698, 23, 62, 1, 5000, 0),
(698, 80, 298, 3, 3900, 0),
(698, 127, 493, 4, 15600, 0),
(698, 130, 499, 4, 72000, 0),
(698, 153, 562, 2, 4000, 0),
(699, 32, 91, 4, 38800, 0),
(699, 49, 166, 4, 46000, 0),
(699, 59, 200, 2, 6000, 0),
(699, 110, 427, 5, 125000, 0),
(700, 7, 18, 3, 9000, 0),
(700, 39, 124, 4, 39200, 0),
(700, 60, 207, 3, 8400, 0),
(700, 65, 228, 1, 2900, 0),
(700, 126, 490, 1, 4500, 0),
(700, 152, 559, 1, 2500, 0),
(701, 42, 138, 3, 26700, 0),
(701, 117, 453, 4, 11200, 0),
(701, 125, 488, 1, 4500, 0),
(701, 155, 569, 5, 90000, 0),
(702, 156, 571, 3, 11400, 0),
(703, 118, 456, 4, 14000, 0),
(703, 158, 578, 4, 27200, 0),
(704, 78, 286, 2, 3600, 0),
(704, 125, 488, 3, 13500, 0),
(704, 146, 533, 1, 15000, 0),
(704, 148, 537, 1, 2500, 0),
(705, 8, 22, 5, 25000, 0),
(705, 26, 70, 1, 8600, 0),
(705, 65, 228, 1, 2900, 0),
(706, 36, 110, 3, 22500, 0),
(707, 149, 541, 1, 4200, 0),
(708, 68, 241, 1, 2300, 0),
(708, 108, 416, 5, 112500, 0),
(708, 120, 469, 3, 7500, 0),
(709, 74, 270, 3, 7200, 0),
(709, 81, 302, 4, 8800, 0),
(710, 59, 200, 1, 3000, 0),
(710, 69, 246, 4, 11200, 0),
(711, 83, 311, 1, 2900, 0),
(711, 83, 311, 1, 2900, 0),
(712, 1, 2, 4, 12, 0),
(712, 5, 16, 4, 16, 0),
(713, 18, 50, 1, 2600, 0),
(713, 26, 70, 1, 8600, 0),
(713, 33, 95, 5, 55000, 0),
(713, 81, 302, 4, 8800, 0),
(713, 134, 647, 3, 0, 0),
(714, 6, 519, 2, 22000, 0),
(714, 128, 496, 4, 14000, 0),
(715, 25, 68, 1, 2600, 0),
(715, 55, 185, 4, 50800, 0),
(715, 85, 328, 5, 9000, 0),
(715, 111, 430, 4, 114000, 0),
(715, 117, 453, 3, 8400, 0),
(715, 150, 547, 2, 7200, 0),
(716, 2, 4, 4, 8, 0),
(716, 11, 33, 1, 2200, 0),
(716, 55, 185, 5, 63500, 0),
(716, 96, 374, 1, 8200, 0),
(716, 101, 389, 1, 3200, 0),
(716, 146, 533, 2, 30000, 0),
(717, 45, 155, 3, 37500, 0),
(717, 57, 192, 1, 2500, 0),
(717, 61, 211, 5, 12000, 0),
(717, 79, 292, 4, 8000, 0),
(717, 154, 567, 2, 24000, 0),
(718, 29, 79, 4, 38000, 0),
(718, 97, 375, 3, 36000, 0),
(718, 144, 528, 2, 7600, 0),
(719, 7, 18, 3, 9000, 0),
(719, 23, 62, 3, 15000, 0),
(719, 25, 68, 5, 13000, 0),
(719, 47, 159, 3, 37500, 0),
(719, 53, 180, 5, 70000, 0),
(719, 88, 342, 4, 6000, 0),
(719, 102, 392, 4, 14000, 0),
(719, 123, 484, 1, 3500, 0),
(720, 26, 70, 5, 43000, 0),
(720, 41, 133, 3, 31500, 0),
(720, 95, 371, 4, 23600, 0),
(720, 97, 375, 5, 60000, 0),
(720, 127, 493, 4, 15600, 0),
(721, 104, 400, 5, 15000, 0),
(721, 113, 437, 3, 58500, 0),
(721, 155, 569, 5, 90000, 0),
(722, 114, 440, 4, 78000, 0),
(722, 137, 511, 3, 26400, 0),
(722, 139, 514, 5, 12500, 0),
(722, 148, 537, 5, 12500, 0),
(723, 28, 75, 4, 42000, 0),
(723, 100, 385, 2, 7200, 0),
(724, 16, 46, 2, 6000, 0),
(724, 80, 298, 3, 3900, 0),
(724, 97, 375, 2, 24000, 0),
(724, 105, 405, 5, 16500, 0),
(725, 30, 83, 5, 57500, 0),
(725, 50, 171, 4, 55200, 0),
(726, 3, 5, 4, 8, 0),
(726, 19, 52, 3, 7500, 0),
(726, 156, 571, 2, 7600, 0),
(726, 157, 575, 4, 27200, 0),
(727, 16, 46, 4, 12000, 0),
(727, 19, 52, 4, 10000, 0),
(727, 28, 75, 3, 31500, 0),
(727, 55, 185, 5, 63500, 0),
(727, 156, 571, 3, 11400, 0),
(728, 123, 484, 5, 17500, 0),
(729, 12, 39, 1, 2600, 0),
(729, 43, 146, 2, 18000, 0),
(729, 77, 282, 1, 1500, 0),
(729, 118, 456, 1, 3500, 0),
(730, 52, 177, 2, 25800, 0),
(730, 131, 500, 5, 132500, 0),
(730, 154, 567, 4, 48000, 0),
(731, 30, 83, 2, 23000, 0),
(731, 30, 83, 2, 23000, 0),
(731, 106, 409, 5, 90000, 0),
(731, 106, 409, 5, 90000, 0),
(731, 130, 499, 2, 36000, 0),
(732, 25, 68, 2, 5200, 0),
(732, 61, 211, 2, 4800, 0),
(732, 65, 228, 5, 14500, 0),
(732, 79, 292, 2, 4000, 0),
(733, 18, 50, 1, 2600, 0),
(733, 88, 342, 2, 3000, 0),
(733, 108, 416, 4, 90000, 0),
(733, 113, 437, 3, 58500, 0),
(733, 121, 475, 5, 17500, 0),
(733, 133, 504, 3, 16500, 0),
(733, 138, 513, 1, 3200, 0),
(734, 84, 318, 5, 14500, 0),
(734, 134, 647, 2, 0, 0),
(735, 26, 70, 1, 8600, 0),
(735, 109, 421, 1, 20800, 0),
(736, 60, 207, 3, 8400, 0),
(736, 103, 396, 2, 8400, 0),
(737, 1, 2, 3, 9, 0),
(737, 23, 62, 2, 10000, 0),
(737, 42, 138, 4, 35600, 0),
(737, 84, 318, 2, 5800, 0),
(737, 119, 460, 1, 4200, 0),
(737, 150, 547, 5, 18000, 0),
(738, 31, 86, 5, 44000, 0),
(738, 42, 138, 4, 35600, 0),
(738, 53, 180, 3, 42000, 0),
(738, 140, 516, 2, 20000, 0),
(738, 140, 516, 1, 20000, 0),
(738, 144, 528, 1, 3800, 0),
(738, 156, 571, 3, 11400, 0),
(738, 160, 588, 5, 50000, 0),
(739, 146, 533, 4, 60000, 0),
(740, 40, 129, 3, 24600, 0),
(740, 52, 177, 4, 51600, 0),
(740, 54, 183, 3, 40500, 0),
(740, 58, 195, 1, 2200, 0),
(740, 64, 224, 2, 5200, 0),
(740, 92, 365, 4, 9200, 0),
(740, 128, 496, 5, 17500, 0),
(741, 60, 207, 5, 14000, 0),
(741, 73, 268, 2, 4800, 0),
(742, 6, 519, 4, 22000, 0),
(742, 35, 104, 4, 48000, 0),
(742, 37, 116, 1, 7500, 0),
(742, 96, 374, 4, 32800, 0),
(743, 36, 110, 2, 15000, 0),
(743, 67, 236, 2, 5000, 0),
(743, 71, 259, 5, 13500, 0),
(743, 80, 298, 2, 2600, 0),
(743, 91, 357, 2, 4200, 0),
(743, 124, 486, 4, 14000, 0),
(743, 125, 488, 1, 4500, 0),
(743, 135, 507, 3, 75000, 0),
(744, 73, 268, 2, 4800, 0),
(744, 108, 416, 1, 22500, 0),
(745, 9, 24, 4, 12000, 0),
(745, 85, 328, 5, 9000, 0),
(745, 110, 427, 5, 125000, 0),
(745, 115, 445, 3, 72000, 0),
(746, 62, 216, 4, 10800, 0),
(746, 66, 232, 5, 11000, 0),
(746, 125, 488, 2, 9000, 0),
(746, 141, 519, 5, 27500, 0),
(747, 78, 286, 2, 3600, 0),
(747, 106, 409, 5, 90000, 0),
(747, 112, 434, 4, 114000, 0),
(747, 119, 460, 1, 4200, 0),
(747, 147, 535, 5, 15000, 0),
(747, 149, 541, 5, 21000, 0),
(747, 151, 549, 5, 37500, 0),
(748, 1, 2, 3, 9, 0),
(748, 108, 416, 1, 22500, 0),
(748, 124, 486, 5, 17500, 0),
(748, 132, 502, 3, 12240, 0),
(748, 141, 519, 2, 11000, 0),
(749, 30, 83, 5, 57500, 0),
(749, 45, 155, 1, 12500, 0),
(749, 62, 216, 1, 2700, 0),
(750, 101, 389, 3, 9600, 0),
(751, 6, 519, 1, 22000, 0),
(751, 35, 104, 4, 48000, 0),
(751, 51, 175, 3, 48600, 0),
(751, 86, 332, 2, 3600, 0),
(752, 7, 18, 2, 6000, 0),
(752, 71, 259, 4, 10800, 0),
(752, 79, 292, 2, 4000, 0),
(752, 90, 351, 4, 11200, 0),
(753, 37, 116, 4, 30000, 0),
(753, 52, 177, 3, 38700, 0),
(754, 45, 155, 5, 62500, 0),
(754, 52, 177, 3, 38700, 0),
(755, 4, 7, 4, 4, 0),
(755, 85, 328, 4, 7200, 0),
(756, 103, 396, 5, 21000, 0),
(756, 110, 427, 1, 25000, 0),
(756, 117, 453, 3, 8400, 0),
(756, 120, 469, 3, 7500, 0),
(756, 144, 528, 3, 11400, 0),
(756, 145, 531, 1, 3800, 0),
(756, 154, 567, 3, 36000, 0),
(757, 4, 7, 1, 1, 0),
(757, 7, 18, 5, 15000, 0),
(757, 104, 400, 5, 15000, 0),
(758, 55, 185, 1, 12700, 0),
(758, 80, 298, 4, 5200, 0),
(758, 83, 311, 5, 14500, 0),
(758, 110, 427, 1, 25000, 0),
(759, 12, 39, 4, 10400, 0),
(759, 98, 377, 2, 50000, 0),
(759, 106, 409, 1, 18000, 0),
(759, 121, 475, 4, 14000, 0),
(760, 4, 7, 2, 2, 0),
(760, 50, 171, 4, 55200, 0),
(761, 16, 46, 1, 3000, 0),
(761, 96, 374, 3, 24600, 0),
(761, 113, 437, 1, 19500, 0),
(761, 132, 502, 2, 8160, 0),
(761, 152, 559, 4, 10000, 0),
(762, 7, 18, 1, 3000, 0),
(762, 14, 43, 3, 10500, 0),
(762, 145, 531, 1, 3800, 0),
(762, 153, 562, 1, 2000, 0),
(762, 163, 597, 1, 20500, 0),
(763, 99, 381, 1, 2500, 0),
(764, 154, 567, 5, 48000, 0),
(764, 154, 567, 4, 48000, 0);

-- --------------------------------------------------------

--
-- テーブルの構造 `pay`
--

CREATE TABLE `pay` (
  `user_id` varchar(255) NOT NULL,
  `total_pay` int(11) NOT NULL
) ENGINE=InnoDB DEFAULT CHARSET=utf8mb4 COLLATE=utf8mb4_general_ci;

--
-- テーブルのデータのダンプ `pay`
--

INSERT INTO `pay` (`user_id`, `total_pay`) VALUES
('test_user', 49700);

-- --------------------------------------------------------

--
-- テーブルの構造 `pay_history`
--

CREATE TABLE `pay_history` (
  `pay_id` int(11) NOT NULL,
  `user_id` varchar(255) NOT NULL,
  `charge_pay` int(11) NOT NULL,
  `bank` varchar(100) NOT NULL,
  `create_at` timestamp NOT NULL DEFAULT current_timestamp()
) ENGINE=InnoDB DEFAULT CHARSET=utf8mb4 COLLATE=utf8mb4_general_ci;

--
-- テーブルのデータのダンプ `pay_history`
--

INSERT INTO `pay_history` (`pay_id`, `user_id`, `charge_pay`, `bank`, `create_at`) VALUES
(2, 'test_user', 100000, '西原bank', '2024-01-21 05:40:30'),
(3, 'test_user', 100000, 'readBank', '2024-01-21 05:40:54');

-- --------------------------------------------------------

--
-- テーブルの構造 `pay_history2`
--

CREATE TABLE `pay_history2` (
  `pay2_id` int(11) NOT NULL,
  `user_id` varchar(255) NOT NULL,
  `pay_pay` int(11) NOT NULL,
  `create_at` timestamp NOT NULL DEFAULT current_timestamp()
) ENGINE=InnoDB DEFAULT CHARSET=utf8mb4 COLLATE=utf8mb4_general_ci;

--
-- テーブルのデータのダンプ `pay_history2`
--

INSERT INTO `pay_history2` (`pay2_id`, `user_id`, `pay_pay`, `create_at`) VALUES
(1, 'test_user', 39800, '2024-01-22 06:51:28'),
(2, 'test_user', 2500, '2024-01-22 06:55:17'),
(3, 'test_user', 108000, '2024-01-22 14:35:10');

-- --------------------------------------------------------

--
-- テーブルの構造 `products`
--

CREATE TABLE `products` (
  `product_id` int(11) NOT NULL,
  `productname` varchar(255) NOT NULL,
  `view` varchar(255) DEFAULT NULL,
  `create_at` timestamp NOT NULL DEFAULT current_timestamp(),
  `seller_id` varchar(255) NOT NULL,
  `big_category_id` int(11) DEFAULT NULL,
  `category_id` int(11) DEFAULT NULL,
  `small_category` int(11) DEFAULT NULL,
  `quality` varchar(10) NOT NULL DEFAULT '新品・未使用'
) ENGINE=InnoDB DEFAULT CHARSET=utf8mb4 COLLATE=utf8mb4_general_ci;

--
-- テーブルのデータのダンプ `products`
--

INSERT INTO `products` (`product_id`, `productname`, `view`, `create_at`, `seller_id`, `big_category_id`, `category_id`, `small_category`, `quality`) VALUES
(1, 'サンプル', 'テスト項目', '2023-11-12 12:13:42', 'test_bank', 1, 1, 1, '新品・未使用'),
(2, 'サンプル2', 'テスト項目', '2023-11-12 12:15:35', 'test_bank', 2, 21, 174, '良品'),
(3, 'テスト', 'テスト項目', '2023-11-12 12:16:26', 'test_bank', 1, 11, 88, '不良'),
(4, 'テスト10', NULL, '2023-11-28 00:59:45', 'test_bank', 1, 1, 1, '新品・未使用'),
(5, 'a', 'a', '2023-12-05 01:06:47', 'test_bank', 1, 1, 1, '新品・未使用'),
(6, 'グラフィックプリントTシャツ', 'ストリートファッションにスタイルを加える。', '2023-11-06 16:22:36', 'test_bank', 2, 20, 162, '新品・未使用'),
(7, 'リネン素材リラックスフィットシャツ', '軽くて快適な夏の着こなし。', '2023-11-06 16:30:27', 'test_bank', 2, 20, 163, '新品・未使用'),
(8, 'ジャカードシャツ', '特別な機会のための贅沢な選択。', '2023-11-06 17:07:52', 'test_bank', 2, 20, 163, '新品・未使用'),
(9, 'チェック柄シャツ', 'カジュアルな週末のアクティビティに最適。', '2023-11-06 17:15:38', 'test_bank', 2, 20, 163, '新品・未使用'),
(10, 'ポロカラースポーツウェア', 'アクティブなスポーツやレジャー用に。', '2023-11-06 17:18:08', 'test_bank', 2, 20, 172, '新品・未使用'),
(11, 'ベーシックポロシャツ', 'シンプルでクラシックなデザイン。', '2023-11-06 17:25:02', 'test_bank', 2, 20, 164, '新品・未使用'),
(12, 'カラフルプリントポロシャツ', '明るいカラーで楽しいファッション。', '2023-11-06 17:34:44', 'test_bank', 2, 20, 164, '新品・未使用'),
(13, 'リラックスフィットゴルフポロ', 'ゴルフなどのアウトドアアクティビティに適しています。', '2023-11-06 17:38:25', 'test_bank', 2, 20, 164, '新品・未使用'),
(14, 'チェック柄ポロシャツ', 'カジュアルなデザインで個性をアピール。', '2023-11-06 17:40:35', 'test_bank', 2, 20, 164, '新品・未使用'),
(15, 'シルク混紡ドレスポロ', '上品なドレスコードに適したポロ。', '2023-11-06 17:43:10', 'test_bank', 1, 1, 3, '新品・未使用'),
(16, 'ベーシックカジュアルタンク', 'カジュアルな日常着に最適。', '2023-11-06 17:49:34', 'test_bank', 2, 20, 165, '新品・未使用'),
(17, 'スポーツ用パフォーマンスタンク', 'スポーツやフィットネスに適した高機能タンク。', '2023-11-06 17:51:32', 'test_bank', 2, 20, 165, '新品・未使用'),
(18, 'タートルネックセーター', ' 寒い日に暖かさを提供。', '2023-11-06 18:01:12', 'test_bank', 2, 20, 166, '新品・未使用'),
(19, 'パターン入りセーター', 'プリントデザインが魅力的。', '2023-11-06 18:04:51', 'test_bank', 2, 20, 166, '新品・未使用'),
(20, 'ボートネックウールニット', 'ウォームでエレガントなデザイン。', '2023-11-06 18:10:02', 'test_bank', 2, 20, 166, '新品・未使用'),
(21, 'ベーシックカジュアルパーカー', ' シンプルで快適な日常着。', '2023-11-06 18:14:19', 'test_bank', 2, 20, 167, '新品・未使用'),
(22, 'フリース裏地ウィンターパーカー', '暖かくて防寒性のあるデザイン。', '2023-11-06 18:22:33', 'test_bank', 2, 20, 167, '新品・未使用'),
(23, 'ボタンダウンポケットカーディガン', 'カジュアルなデザインで便利。', '2023-11-06 18:28:04', 'test_bank', 2, 20, 168, '新品・未使用'),
(24, 'フリース裏地ウィンターカーディガン', '冷たい季節に最適。', '2023-11-06 18:30:18', 'test_bank', 2, 20, 168, '新品・未使用'),
(25, ' ストライプ柄ビジネスシャツ', '凄くいい、めっちゃやばい', '2023-11-09 16:00:14', 'test_bank', 1, 1, 3, '新品・未使用'),
(26, 'ベーシックブラックレザージャケット', 'クラシックなスタイルで汎用性が高い。', '2023-11-13 17:09:20', 'test_bank', 1, 2, 9, '新品・未使用'),
(27, 'バイカージャケット', 'バイカースタイルでカッコ良さをアピール。', '2023-11-13 17:10:38', 'test_bank', 2, 21, 176, '新品・未使用'),
(28, 'ヴィンテージブラウンレザージャケット', ' ヴィンテージ風の魅力。', '2023-11-13 17:12:10', 'test_bank', 1, 2, 9, '新品・未使用'),
(29, 'モトクロススタイルレザージャケット', ' レースやモトクロスにインスパイア。', '2023-11-13 17:16:15', 'test_bank', 2, 21, 176, '新品・未使用'),
(30, ' ダブルライダースレザージャケット', 'エレガントなダブルファスナースタイル。', '2023-11-13 17:17:33', 'test_bank', 2, 21, 176, '新品・未使用'),
(31, 'フードつきカジュアルレザージャケット', 'カジュアルなデザインで暖かさを提供。', '2023-11-13 17:19:05', 'test_bank', 1, 2, 9, '新品・未使用'),
(32, 'シャーリングカラーファーコラーレザージャケット', 'ファーコラーが高級感を加える。', '2023-11-13 17:23:06', 'test_bank', 2, 21, 176, '新品・未使用'),
(33, 'レーシングストライプアクションレザージャケット', ': レーシングストライプでスポーティ。', '2023-11-13 17:25:15', 'test_bank', 2, 21, 176, '新品・未使用'),
(34, 'カラフルプリントレザージャケット', '個性的なプリントが魅力的。', '2023-11-13 17:27:33', 'test_bank', 1, 2, 9, '新品・未使用'),
(35, 'シルクライニングエレガントレザージャケット', '上品でエレガントなスタイル。', '2023-11-13 17:28:48', 'test_bank', 1, 2, 9, '新品・未使用'),
(36, 'ベーシックダウンジャケット', ' シンプルなスタイルで暖かさを提供。', '2023-11-13 17:31:54', 'test_bank', 2, 21, 177, '新品・未使用'),
(37, 'ベーシックダウンジャケット', ' シンプルなスタイルで暖かさを提供。', '2023-11-13 17:33:10', 'test_bank', 1, 2, 9, '新品・未使用'),
(38, 'ロングダウンコート', '寒い季節に全身を包むウォームコート。', '2023-11-13 17:34:39', 'test_bank', 1, 2, 10, '新品・未使用'),
(39, 'ロングダウンコート', ' 寒い季節に全身を包むウォームコート。', '2023-11-13 17:36:08', 'test_bank', 2, 21, 177, '新品・未使用'),
(40, 'ボックスキルトダウンジャケット', 'キルト模様が特徴的。', '2023-11-13 17:39:54', 'test_bank', 2, 21, 177, '新品・未使用'),
(41, 'ファーコラーダウンジャケット', 'ファーコラーで高級感を加える。', '2023-11-13 17:41:46', 'test_bank', 1, 2, 10, '新品・未使用'),
(42, 'シャーリングカフスダウンジャケット', 'シャーリングカフスがスタイリッシュ。', '2023-11-13 17:43:36', 'test_bank', 1, 2, 10, '新品・未使用'),
(43, 'カモフラージュプリントダウンジャケット', 'カモ柄で個性をアピール。', '2023-11-13 17:46:29', 'test_bank', 2, 21, 177, '新品・未使用'),
(44, 'グラフィックデザインダウンジャケット', 'アートデザインが魅力的。', '2023-11-13 17:48:27', 'test_bank', 1, 2, 10, '新品・未使用'),
(45, 'クラシックベージュトレンチコート', 'タイムレスなデザインで上品な外観。', '2023-11-13 17:52:15', 'test_bank', 1, 2, 13, '新品・未使用'),
(46, 'ダブルブレストネイビートレンチコート', 'エレガントなダブルブレストスタイル。', '2023-11-13 17:53:45', 'test_bank', 1, 2, 13, '新品・未使用'),
(47, 'ダブルブレストネイビートレンチコート', 'エレガントなダブルブレストスタイル。', '2023-11-13 17:54:51', 'test_bank', 2, 21, 188, '新品・未使用'),
(48, 'ロングライダーストレンチコート', 'バイカースタイルとトレンチの融合。', '2023-11-13 17:59:05', 'test_bank', 1, 2, 13, '新品・未使用'),
(49, 'フードつきカジュアルトレンチコート', 'カジュアルなデザインで多目的。', '2023-11-13 18:00:52', 'test_bank', 1, 2, 13, '新品・未使用'),
(50, 'パターン入りプリントトレンチコート', '個性的なプリントが魅力的。', '2023-11-13 18:02:33', 'test_bank', 1, 2, 13, '新品・未使用'),
(51, 'シルク混紡エレガントトレンチコート', '上品なシルク素材で高級感を加える。', '2023-11-13 18:29:50', 'test_bank', 1, 2, 13, '新品・未使用'),
(52, 'シャーリングベルトトレンチコート', 'ウエストベルトが女性らしい。', '2023-11-20 15:27:15', 'test_bank', 1, 2, 13, '新品・未使用'),
(53, 'フローラルプリントトレンチコート', '春や夏のファッションに。', '2023-11-20 15:28:08', 'test_bank', 1, 2, 13, '新品・未使用'),
(54, 'カラフルカモフラージュトレンチコート', 'カモ柄で個性をアピール。', '2023-11-20 15:29:53', 'test_bank', 1, 2, 13, '新品・未使用'),
(55, 'ヴィンテージ風トレンチコート', 'レトロなスタイルを楽しむ。', '2023-11-20 15:30:36', 'test_bank', 1, 2, 13, '新品・未使用'),
(56, 'ベーシックプレーンミニスカート', 'シンプルながらもスタイリッシュなベーシックデザイン。', '2023-11-20 15:33:29', 'test_bank', 1, 4, 34, '新品・未使用'),
(57, 'デニムミニスカート', 'カジュアルで万能なデニム素材のミニスカート。', '2023-11-20 15:34:24', 'test_bank', 1, 4, 34, '新品・未使用'),
(58, 'プリーツミニスカート', '女性らしいプリーツデザインが魅力的。', '2023-11-20 15:35:26', 'test_bank', 1, 4, 34, '新品・未使用'),
(59, 'レザーミニスカート', 'エッジの効いたレザー素材で大人っぽさを演出。', '2023-11-20 15:36:59', 'test_bank', 1, 4, 34, '新品・未使用'),
(60, 'フローラルプリントミニスカート', '春や夏にぴったりな鮮やかなフラワープリント。', '2023-11-20 15:38:33', 'test_bank', 1, 4, 34, '新品・未使用'),
(61, 'チェック柄ミニスカート', 'カジュアルでトレンディなチェック柄。', '2023-11-20 15:39:37', 'test_bank', 1, 4, 34, '新品・未使用'),
(62, 'ボディコンミニスカート', 'ボディコンシェイプにフィットするセクシーなデザイン。', '2023-11-20 15:41:27', 'test_bank', 1, 4, 34, '新品・未使用'),
(63, 'タイトスカート', 'シンプルでオフィスやカジュアルな着こなしに適したタイトスカート。', '2023-11-20 15:42:55', 'test_bank', 1, 4, 34, '新品・未使用'),
(64, 'ヴィンテージ風ミニスカート', 'レトロな雰囲気漂うヴィンテージスタイル。', '2023-11-20 15:43:56', 'test_bank', 1, 4, 34, '新品・未使用'),
(65, 'メタリックプリントミニスカート', '輝くメタリックプリントが目を引くデザイン。', '2023-11-20 15:44:59', 'test_bank', 1, 4, 34, '新品・未使用'),
(66, 'ベーシックカジュアルベスト', 'カジュアルなデザインで日常着に最適。', '2023-11-20 15:48:19', 'test_bank', 2, 20, 171, '新品・未使用'),
(67, 'デニムベスト', 'カジュアルでスタイリッシュなデニム素材のベスト。', '2023-11-20 15:49:38', 'test_bank', 2, 20, 171, '新品・未使用'),
(68, 'レザーモトクロスベスト', 'バイカースタイルにインスパイアされたレザーベスト。', '2023-11-20 15:50:50', 'test_bank', 2, 20, 171, '新品・未使用'),
(69, 'フリンジデザインベスト', 'フリンジがアクセントのボヘミアンなデザイン。', '2023-11-20 15:52:09', 'test_bank', 2, 20, 171, '新品・未使用'),
(70, 'ダウンフィルベスト', '寒い季節に暖かさを提供するダウンフィル素材。', '2023-11-20 15:54:56', 'test_bank', 2, 20, 171, '新品・未使用'),
(71, 'カラーブロックアスレジャーベスト', 'スポーティでアスレジャースタイルなデザイン。', '2023-11-20 15:57:00', 'test_bank', 2, 20, 171, '新品・未使用'),
(72, 'プリントデザインベスト', '個性的なプリントが目を引くデザイン。', '2023-11-20 15:58:33', 'test_bank', 2, 20, 171, '新品・未使用'),
(73, 'フードつきカジュアルベスト', 'カジュアルなスタイルでフードが付いている。', '2023-11-20 16:00:32', 'test_bank', 2, 20, 171, '新品・未使用'),
(74, 'ニットベスト', '温かみのあるニット素材で秋冬に最適。', '2023-11-20 16:02:06', 'test_bank', 2, 20, 171, '新品・未使用'),
(75, 'ニットベスト', '温かみのあるニット素材で秋冬に最適。', '2023-11-20 16:04:32', 'test_bank', 2, 20, 171, '新品・未使用'),
(76, 'クラシックベージュフライトジャケット', 'タイムレスなデザインでカジュアルに着こなせる。', '2023-11-20 16:11:49', 'test_bank', 2, 21, 183, '新品・未使用'),
(77, 'シンプルプレーンTシャツ', 'シンプルながらも快適な着心地のプレーンTシャツ。', '2023-11-23 15:22:30', 'test_bank', 1, 1, 1, '新品・未使用'),
(78, 'グラフィックプリントカジュアルTシャツ', 'ユニークなグラフィックプリントが目を引く。', '2023-11-23 15:24:48', 'test_bank', 1, 1, 1, '新品・未使用'),
(79, 'ストライプ柄半袖カットソー', 'カジュアルで爽やかなストライプ柄。', '2023-11-23 15:25:59', 'test_bank', 1, 1, 1, '新品・未使用'),
(80, 'ベーシックタンクトップ', '夏のシーズンに最適なシンプルなタンクトップ。', '2023-11-23 15:26:43', 'test_bank', 1, 1, 1, '新品・未使用'),
(81, 'ヴィンテージロゴ袖なしTシャツ', 'ヴィンテージ風のロゴが印象的な袖なしTシャツ。', '2023-11-23 15:32:23', 'test_bank', 1, 1, 1, '新品・未使用'),
(82, 'フローラル刺繍カットソー', '花の刺繍が施された女性らしいデザイン。', '2023-11-23 15:33:51', 'test_bank', 1, 1, 1, '新品・未使用'),
(83, 'カモフラージュ袖ありTシャツ', 'カモ柄がアクセントのカジュアルなTシャツ。', '2023-11-23 15:35:04', 'test_bank', 1, 1, 1, '新品・未使用'),
(84, 'レーストリム袖なしカットソー', '袖なしでありながらレーストリムが女性らしい。', '2023-11-23 15:39:30', 'test_bank', 1, 1, 1, '新品・未使用'),
(85, 'シンプルプレーンTシャツ', 'シンプルで着回しやすい基本のTシャツ。', '2023-11-23 15:41:53', 'test_bank', 2, 20, 161, '新品・未使用'),
(86, 'グラフィックプリントカジュアルTシャツ', 'ユニークなグラフィックプリントが目を引く。', '2023-11-23 15:43:05', 'test_bank', 2, 20, 161, '新品・未使用'),
(87, 'ストライプ柄半袖カットソー', 'カジュアルで爽やかなストライプ柄。', '2023-11-23 15:43:59', 'test_bank', 2, 20, 161, '新品・未使用'),
(88, 'ベーシックタンクトップ', '夏のシーズンに最適なシンプルなタンクトップ。', '2023-11-23 15:47:00', 'test_bank', 0, 0, 0, '新品・未使用'),
(89, 'ヴィンテージロゴ袖なしTシャツ', 'ヴィンテージ風のロゴが印象的な袖なしTシャツ。', '2023-11-23 15:47:56', 'test_bank', 2, 20, 161, '新品・未使用'),
(90, 'レースアップサイドカットソー', 'サイドにレースアップが施された個性的なデザイン。', '2023-11-23 15:49:01', 'test_bank', 2, 20, 161, '新品・未使用'),
(91, 'ボーダーパターンハイネックTシャツ', 'ハイネックでおしゃれな印象のボーダーパターン。\r\n\r\n', '2023-11-23 15:50:29', 'test_bank', 2, 20, 161, '新品・未使用'),
(92, 'グラデーション柄カットソー', '色味の変化が特徴的なグラデーション柄。', '2023-11-23 15:53:35', 'test_bank', 2, 20, 161, '新品・未使用'),
(93, 'カモフラージュ袖ありTシャツ', 'カモ柄がアクセントのカジュアルなTシャツ。', '2023-11-23 15:54:28', 'test_bank', 2, 20, 161, '新品・未使用'),
(94, 'クラシックホワイトローカットスニーカー', 'シンプルで汎用性の高い白のローカットスニーカー。', '2023-11-23 16:07:49', 'test_bank', 2, 23, 212, '不良'),
(95, 'テクニカルランニングシューズ', 'ハイテクな素材とデザインでランニングに最適。', '2023-11-23 16:15:17', 'test_bank', 2, 23, 212, 'やや傷あり'),
(96, 'カジュアルデニムハイカットスニーカー', 'デニム素材がカジュアルでスタイリッシュな印象。', '2023-11-23 16:16:21', 'test_bank', 2, 23, 212, '新品・未使用'),
(97, 'ストリートスタイルハイトップスニーカー', 'ストリートファッションにマッチするハイトップスタイル。', '2023-11-23 16:21:10', 'test_bank', 2, 23, 212, '新品・未使用'),
(98, 'カラーブロックレトロランニングシューズ', 'レトロなデザインとカラーブロックが特徴。', '2023-11-23 16:27:01', 'test_bank', 2, 23, 212, 'やや傷あり'),
(99, 'パンツ - ガウチョパンツ', ' シンプルベーシックガウチョパンツ', '2023-11-23 16:33:08', 'test_bank', 1, 3, 32, '良品'),
(100, 'フローラルプリントワイドレッグガウチョ', '華やかなフローラルプリントが特徴の広がりのあるガウチョ。', '2023-11-23 16:36:23', 'test_bank', 1, 3, 32, '良品'),
(101, 'ハイウエストリボンタイガウチョ', 'ウエストのリボンタイが女性らしい印象のハイウエストガウチョ。', '2023-11-23 16:37:40', 'test_bank', 1, 3, 32, '良品'),
(102, 'デニム風ストレッチガウチョ', 'デニム風の素材で快適なストレッチ性を備えたガウチョ。', '2023-11-23 16:40:31', 'test_bank', 1, 3, 32, '不良'),
(103, 'レースアップサイドデザインガウチョ', 'サイドにレースアップが施されたエレガントなデザイン。', '2023-11-23 16:46:17', 'test_bank', 1, 3, 32, '良品'),
(104, 'カジュアルストライプガウチョ', 'カジュアルなストライプ柄がおしゃれなガウチョ。', '2023-11-23 16:48:29', 'test_bank', 1, 3, 32, '良品'),
(105, 'ボーダープリントカジュアルガウチョ', 'カジュアルで軽快な印象のボーダープリントガウチョ。', '2023-11-23 16:50:20', 'test_bank', 1, 3, 32, '良品'),
(106, 'クラシックブラックレザージャケット', '汎用性の高いクラシックなブラックレザージャケット。', '2023-11-23 17:13:04', 'test_bank', 2, 21, 176, '新品・未使用'),
(107, 'バイカースタイルスタッズレザージャケット', 'バイカー風のデザインにスタッズがアクセント。', '2023-11-23 17:16:21', 'test_bank', 2, 21, 176, '新品・未使用'),
(108, 'バイカースタイルスタッズレザージャケット', 'バイカー風のデザインにスタッズがアクセント', '2023-11-23 17:21:34', 'test_bank', 2, 21, 176, '新品・未使用'),
(109, 'フードつきライダースレザージャケット', 'スタイリッシュなライダースデザインにフードがついたジャケット。', '2023-11-23 17:26:11', 'test_bank', 2, 21, 176, '良品'),
(110, 'ヴィンテージ風ブラウンレザージャケット', 'ヴィンテージ風のブラウンカラーが渋い雰囲気。', '2023-11-23 17:30:06', 'test_bank', 2, 21, 176, 'やや傷あり'),
(111, ' レーサースタイルパッチワークレザージャケット', 'レーサースタイルのパッチワークが個性的なデザイン。', '2023-11-23 17:34:48', 'test_bank', 2, 21, 176, '新品・未使用'),
(112, ' レーサースタイルパッチワークレザージャケット', 'レーサースタイルのパッチワークが個性的なデザイン。', '2023-11-23 17:34:54', 'test_bank', 2, 21, 176, '新品・未使用'),
(113, 'レッドカラーブルゾンレザージャケット', 'レッドのカラーが目を引くスポーティなブルゾンスタイル。', '2023-11-23 17:43:41', 'test_bank', 2, 21, 176, '新品・未使用'),
(114, 'レッドレザージャケット', 'レッドのカラーが目を引くスポーティなブルゾンスタイル。', '2023-11-23 17:55:07', 'test_bank', 1, 2, 9, '新品・未使用'),
(115, ' レザーパーカーコンビネーションジャケット', 'レザーとパーカーが組み合わさったユニークなデザイン。', '2023-11-23 17:57:12', 'test_bank', 2, 21, 176, '新品・未使用'),
(116, ' レザーパーカーコンビネーションジャケット', 'レザーとパーカーが組み合わさったユニークなデザイン。', '2023-11-23 17:57:17', 'test_bank', 2, 21, 176, '新品・未使用'),
(117, 'ベーシッククルーネックスウェット', 'シンプルなデザインで、どんなスタイルにも合わせやすいクルーネックスウェット。', '2023-11-23 18:15:32', 'test_bank', 2, 20, 169, '新品・未使用'),
(118, 'グラフィックプリントスウェット', 'ユニークなグラフィックがプリントされたスタイリッシュなスウェット。', '2023-11-23 18:18:31', 'test_bank', 2, 20, 169, '新品・未使用'),
(119, 'フリース裏地フードつきスウェット', '暖かいフリース裏地とフードがついた寒い日に最適なスウェット。', '2023-11-23 18:25:03', 'test_bank', 2, 20, 169, '新品・未使用'),
(120, 'シンプルなプレーンロングスカート', 'カジュアルからフォーマルまで幅広く活躍するシンプルなデザイン。', '2023-11-23 18:57:41', 'test_bank', 1, 4, 36, '良品'),
(121, 'フローラルプリントマキシスカート', '華やかなフローラルプリントが特徴的なロングマキシスカート。', '2023-11-23 19:03:11', 'test_bank', 1, 4, 36, '良品'),
(122, 'プリーツデザインイブニングスカート', 'エレガントなイブニングスタイルにぴったりのプリーツデザイン。', '2023-11-23 19:09:39', 'test_bank', 1, 4, 36, '不良'),
(123, 'デニム風ボタンフロントロングスカート', 'デニム風の素材とボタンフロントがおしゃれなロングスカート。', '2023-11-23 19:12:37', 'test_bank', 1, 4, 34, '新品・未使用'),
(124, 'ヴィンテージ風ティアードスカート', 'ヴィンテージ感漂うティアードデザインが魅力のスカート。', '2023-11-23 19:15:39', 'test_bank', 1, 4, 36, '良品'),
(125, 'ヴィンテージ風ティアードスカート', 'ヴィンテージ感漂うティアードデザインが魅力のスカート。', '2023-11-23 19:18:21', 'test_bank', 1, 4, 36, '新品・未使用'),
(126, 'レーストリムボヘミアンスカート', 'ボヘミアンな雰囲気を醸し出すレーストリムがついたスカート。', '2023-11-23 19:22:20', 'test_bank', 1, 4, 36, '良品'),
(127, 'タータンチェックプリーツロングスカート', 'クラシックなタータンチェック柄とプリーツが特徴のロングスカート。', '2023-11-23 19:24:01', 'test_bank', 1, 4, 36, 'やや傷あり'),
(128, 'シンプルなシルク調ロングスカート', 'シルク調の滑らかな質感が魅力のシンプルなロングスカート。', '2023-11-23 19:39:33', 'test_bank', 1, 4, 36, '良品'),
(129, 'クラシックブラックスカートスーツ', 'シンプルで汎用性のあるブラックのスカートスーツ。', '2023-11-23 19:50:34', 'test_bank', 1, 17, 142, '良品'),
(130, 'クラシックネイビーダッフルコート', 'シンプルでクラシックなネイビーカラーのダッフルコート。', '2023-11-23 19:58:58', 'test_bank', 2, 21, 184, '良品'),
(131, 'ダブルフェイスウールダッフルコート', 'ウールを贅沢に使用したダブルフェイスの暖かいダッフルコート。', '2023-11-23 20:03:20', 'test_bank', 2, 21, 184, '新品・未使用'),
(132, 'スリムフィットビジネスシャツ', 'オフィスでのビジネスカジュアルに最適なスリムフィットのシャツ。', '2023-11-23 20:32:14', 'test_bank', 2, 20, 163, 'やや傷あり'),
(133, 'ストレッチデニムジーンズ', '動きやすく、カジュアルなデニムスタイル。', '2023-11-23 20:33:22', 'test_bank', 1, 3, 22, '良品'),
(134, 'ダウンパーカジャケット', '寒い季節に保温性抜群のダウンジャケット。', '2023-11-23 20:37:55', 'test_bank', 2, 21, 177, '新品・未使用'),
(135, 'クラシックなダブルブレストスーツ', 'フォーマルな場面にふさわしいクラシックなダブルブレストスーツ。', '2023-11-23 20:42:42', 'test_bank', 2, 25, 236, '不良'),
(136, 'スウェットトラックパンツ', 'くつろぎながらもスポーティなスタイルを楽しむためのトラックパンツ。', '2023-11-23 20:48:29', 'test_bank', 1, 3, 24, '不良'),
(137, 'カモフラージュプリントミリタリージャケット', 'カモフラージュ柄が特徴的なミリタリージャケット。', '2023-11-23 20:52:47', 'test_bank', 2, 21, 180, 'やや傷あり'),
(138, 'シンプルなVネックセーター', 'カジュアルな日常スタイルに適したシンプルなVネックセーター。', '2023-11-23 22:25:29', 'test_bank', 2, 20, 166, '良品'),
(139, 'カジュアルチノパンツ', 'カジュアルなビジネスカジュアルスタイルにぴったりのチノパンツ。', '2023-11-23 22:28:15', 'test_bank', 1, 3, 26, 'やや傷あり'),
(140, ' クラシックなウールトレンチコート', '上品でクラシックなスタイルのウールトレンチコート。', '2023-11-23 22:31:30', 'test_bank', 2, 21, 188, '不良'),
(141, 'スリムフィットビジネスシャツ', ' オフィスでのビジネスカジュアルに最適なスリムフィットのシャツ。', '2023-12-07 15:17:34', 'test_bank', 1, 17, 148, '不良'),
(142, 'ストレッチデニムジーンズ', '動きやすく、カジュアルなデニムスタイル。', '2023-12-07 15:20:27', 'test_bank', 2, 22, 203, '新品・未使用'),
(143, 'ダウンパーカジャケット', '寒い季節に保温性抜群のダウンジャケット。', '2023-12-08 02:17:23', 'test_bank', 2, 20, 172, '新品・未使用'),
(144, 'スリムフィットドレスシャツ', 'オフィスやフォーマルなイベントに適したスリムフィットのドレスシャツ。', '2023-12-08 02:25:28', 'test_bank', 2, 20, 164, '良品'),
(145, 'ストレートカットジーンズ', 'カジュアルなデニムスタイルで汎用性のあるストレートカットのジーンズ。', '2023-12-08 02:29:03', 'test_bank', 1, 3, 22, 'やや傷あり'),
(146, 'レザーバイカージャケット', ' カッコいい印象を与えるレザーバイカージャケット。', '2023-12-08 02:32:03', 'test_bank', 2, 21, 176, '良品'),
(147, 'カジュアルなボタンダウンシャツ', 'カジュアルなデイリースタイルにぴったりなボタンダウンシャツ。', '2023-12-08 02:34:47', 'test_bank', 2, 20, 164, '新品・未使用'),
(148, 'ダウンジャケット', '寒い季節に暖かさを提供するダウンジャケット。', '2023-12-08 02:55:13', 'test_bank', 2, 21, 177, '良品'),
(149, 'カモフラージュプリントカーゴパンツ', 'アウトドアやアクティブなスタイルにぴったりのカモフラージュカーゴパンツ。', '2023-12-08 03:02:58', 'test_bank', 2, 22, 211, '新品・未使用'),
(150, 'クルーネックニットセーター', '温かさと快適さを提供するクルーネックのニットセーター。', '2023-12-08 03:06:08', 'test_bank', 1, 1, 4, '不良'),
(151, 'レトロスタイルのデニムジャケット', 'デニムのレトロなデザインが特徴のジャケット。', '2023-12-08 03:09:37', 'test_bank', 2, 21, 175, 'やや傷あり'),
(152, 'ロングスリーブヘンリーネックTシャツ', 'カジュアルながらもおしゃれなヘンリーネックTシャツ。', '2023-12-08 03:13:58', 'test_bank', 2, 20, 161, '新品・未使用'),
(153, ' カジュアルチノパンツ', 'ビジネスカジュアルなスタイルにぴったりのチノパンツ。', '2023-12-08 03:17:37', 'test_bank', 2, 22, 206, 'やや傷あり'),
(154, 'ロングダウンコート', NULL, '2023-12-08 03:23:52', 'test_bank', 1, 2, 10, '不良'),
(155, 'スリムフィットスーツ', ' ビジネスや特別なイベントにふさわしいスリムフィットのスーツ。\r\n\r\n', '2023-12-08 04:39:00', 'test_bank', 2, 25, 237, 'やや傷あり'),
(156, 'カジュアルワイドレッグジョガーパンツ', 'カジュアルながらもトレンド感のあるワイドレッグのジョガーパンツ。', '2023-12-08 04:43:05', 'test_bank', 1, 3, 24, '新品・未使用'),
(157, 'マウンテンパーカー', 'アウトドアアクティビティに適したスタイリッシュなマウンテンパーカー。', '2023-12-08 04:52:21', 'test_bank', 2, 21, 181, '新品・未使用'),
(158, 'マウンテンパーカー', 'アウトドアアクティビティに適したスタイリッシュなマウンテンパーカー。', '2023-12-08 04:53:51', 'test_bank', 1, 2, 21, '新品・未使用'),
(159, 'ボタンダウンカジュアルシャツ', 'カジュアルな日常スタイルにぴったりのボタンダウンシャツ。', '2023-12-08 04:57:57', 'test_bank', 2, 20, 163, '新品・未使用'),
(160, 'らいるb', NULL, '2023-12-08 05:36:09', 'test_bank', 1, 1, 1, '不良'),
(161, 'テストNo.100', NULL, '2023-12-09 16:36:35', 'test_bank', 1, 1, 1, '新品・未使用'),
(162, 'ハイウエストテーパードパンツ', ' ハイウエストデザインが特徴のテーパードパンツ。', '2023-12-07 21:20:14', 'test_bank', 1, 3, 33, 'やや傷あり'),
(163, 'チェック柄ウールブレンドコート', 'シックなチェック柄が特徴のウールブレンドコート。', '2023-12-07 21:23:44', 'test_bank', 1, 2, 12, '新品・未使用'),
(164, ' カジュアルなヘンリーネックポロシャツ', 'カジュアルな日常スタイルに適したヘンリーネックのポロシャツ。', '2023-12-07 21:29:00', 'test_bank', 2, 20, 163, '不良'),
(165, 'スリムフィットドレスシャツ', 'オフィスやフォーマルな場で使えるスタイリッシュなドレスシャツ。', '2023-12-07 21:31:58', 'test_bank', 2, 20, 163, 'やや傷あり'),
(166, 'ストレッチデニムジーンズ', 'カジュアルながらも動きやすいストレッチデニムジーンズ。', '2023-12-07 21:40:29', 'test_bank', 1, 3, 22, '新品・未使用'),
(167, 'パーカージャケット', '寒い季節に暖かさを提供するカジュアルなパーカージャケット。', '2023-12-07 21:46:28', 'test_bank', 2, 21, 199, '新品・未使用'),
(168, 'クラシックなシングルブレストスーツ', 'ビジネスやフォーマルなイベントに適したクラシックなスーツ。', '2023-12-07 21:54:15', 'test_bank', 2, 25, 236, '新品・未使用'),
(169, 'カモフラージュプリントカーゴパンツ', 'アウトドアやアクティブなスタイルに合うカモフラージュカーゴパンツ。', '2023-12-07 22:01:37', 'test_bank', 1, 3, 33, '新品・未使用'),
(170, 'シャープなVネックセーター', 'クラシックなVネックでスタイリッシュな印象のセーター。', '2023-12-07 22:08:08', 'test_bank', 1, 1, 8, '不良'),
(171, 'ロングスリーブヘンリーネックTシャツ', ' カジュアルなデイリースタイルにぴったりのヘンリーネックTシャツ。', '2023-12-07 22:18:58', 'test_bank', 2, 20, 163, '新品・未使用'),
(172, 'カジュアルチノショートパンツ', 'くつろぎながらもおしゃれなチノショートパンツ。', '2023-12-07 22:23:38', 'test_bank', 2, 22, 206, 'やや傷あり'),
(173, 'ライトウェイトフリースジャケット', '軽量で保温性のあるフリースジャケット。', '2023-12-07 22:33:36', 'test_bank', 2, 21, 199, '良品'),
(174, 'testNo.1211', NULL, '2023-12-11 06:30:03', 'test_bank', 1, 1, 1, '新品・未使用'),
(175, 'スリムフィットデニムジャケット', 'カジュアルでスタイリッシュなデニムジャケット。', '2023-12-12 02:10:44', 'test_bank', 2, 21, 175, '良品'),
(176, 'プリント入りコットンTシャツ', 'カラフルなプリントが特徴のカジュアルTシャツ。', '2023-12-12 02:15:17', 'test_bank', 2, 20, 163, '良品'),
(177, 'ウールセーターベスト', '寒い季節に重宝する暖かいウールセーターベスト。', '2023-12-12 02:18:01', 'test_bank', 2, 20, 165, '不良'),
(178, 'スリムフィットチノパンツ', 'カジュアルながらもきちんと感のあるスリムフィットのチノパンツ。', '2023-12-12 02:21:05', 'test_bank', 2, 22, 211, 'やや傷あり'),
(179, 'カーゴショーツ', '多くのポケットが付いた実用的なカーゴショーツ。', '2023-12-12 02:50:53', 'matchacp', 2, 22, 207, '良品');

-- --------------------------------------------------------

--
-- テーブルの構造 `products_img`
--

CREATE TABLE `products_img` (
  `img_id` int(11) NOT NULL,
  `color_size_id` int(11) NOT NULL,
  `img_url` varchar(255) NOT NULL
) ENGINE=InnoDB DEFAULT CHARSET=utf8mb4 COLLATE=utf8mb4_general_ci;

--
-- テーブルのデータのダンプ `products_img`
--

INSERT INTO `products_img` (`img_id`, `color_size_id`, `img_url`) VALUES
(5, 6, 'スクリーンショット 2023-11-28 1000216.png'),
(6, 7, 'スクリーンショット 2023-11-28 1000407.png'),
(7, 8, 'スクリーンショット 2023-11-28 1000548.png'),
(8, 9, 'スクリーンショット 2023-11-28 1001039.png'),
(9, 10, 'スクリーンショット 2023-11-28 10011210.png'),
(10, 11, 'スクリーンショット 2023-11-28 10012011.png'),
(11, 12, 'スクリーンショット 2023-11-28 10012812.png'),
(12, 13, 'スクリーンショット 2023-11-28 10013613.png'),
(13, 14, 'スクリーンショット 2023-11-28 10014414.png'),
(14, 526, 'daniel-bowman-fkYugzeEDZo-unsplash526.jpg'),
(15, 527, 'daniel-bowman-fkYugzeEDZo-unsplash527.jpg'),
(16, 528, 'nimble-made-GDebkNryTd4-unsplash528.jpg'),
(17, 529, 'nimble-made-GDebkNryTd4-unsplash529.jpg'),
(18, 530, 'jeans-428614_1280530.jpg'),
(19, 531, 'jeans-428614_1280531.jpg'),
(20, 532, 'petrebels-AR12trGJyjA-unsplash532.jpg'),
(21, 533, 'petrebels-AR12trGJyjA-unsplash533.jpg'),
(22, 534, 'nimble-made-N0ke5zChVBU-unsplash534.jpg'),
(23, 535, 'nimble-made-N0ke5zChVBU-unsplash535.jpg'),
(138, 536, 'scott-gummerson-nC4UOLMPkXY-unsplash536.jpg'),
(139, 537, 'scott-gummerson-nC4UOLMPkXY-unsplash537.jpg'),
(140, 538, 'ordonance-shoes-919682_1280538.jpg'),
(141, 538, 'shoes-5719153_1280538.jpg'),
(142, 539, 'ordonance-shoes-919682_1280539.jpg'),
(143, 539, 'shoes-5719153_1280539.jpg'),
(144, 540, 'ordonance-shoes-919682_1280540.jpg'),
(145, 540, 'shoes-5719153_1280540.jpg'),
(146, 541, 'ordonance-shoes-919682_1280541.jpg'),
(147, 541, 'shoes-5719153_1280541.jpg'),
(148, 542, 'ordonance-shoes-919682_1280542.jpg'),
(149, 542, 'shoes-5719153_1280542.jpg'),
(150, 543, 'ordonance-shoes-919682_1280543.jpg'),
(151, 543, 'shoes-5719153_1280543.jpg'),
(152, 544, 'sweater-3124635_1280544.jpg'),
(153, 544, 'woman-2563491_1280544.jpg'),
(154, 545, 'sweater-3124635_1280545.jpg'),
(155, 545, 'woman-2563491_1280545.jpg'),
(156, 546, 'sweater-3124635_1280546.jpg'),
(157, 546, 'woman-2563491_1280546.jpg'),
(158, 547, 'sweater-3124635_1280547.jpg'),
(159, 547, 'woman-2563491_1280547.jpg'),
(160, 548, 'people-2573218_1280548.jpg'),
(161, 549, 'people-2573218_1280549.jpg'),
(162, 550, 'md-salman-tWOz2_EK5EQ-unsplash550.jpg'),
(163, 551, 'md-salman-tWOz2_EK5EQ-unsplash551.jpg'),
(164, 552, 'md-salman-tWOz2_EK5EQ-unsplash552.jpg'),
(165, 553, 'md-salman-tWOz2_EK5EQ-unsplash553.jpg'),
(166, 554, 'md-salman-tWOz2_EK5EQ-unsplash554.jpg'),
(167, 555, 'md-salman-tWOz2_EK5EQ-unsplash555.jpg'),
(168, 556, 'md-salman-tWOz2_EK5EQ-unsplash556.jpg'),
(169, 557, 'md-salman-tWOz2_EK5EQ-unsplash557.jpg'),
(170, 558, 'md-salman-tWOz2_EK5EQ-unsplash558.jpg'),
(171, 559, 'md-salman-tWOz2_EK5EQ-unsplash559.jpg'),
(172, 560, 'md-salman-tWOz2_EK5EQ-unsplash560.jpg'),
(173, 561, 'md-salman-tWOz2_EK5EQ-unsplash561.jpg'),
(174, 562, 'santhosh-vaithiyanathan-ylHcWlrMlzs-unsplash562.jpg'),
(175, 563, 'santhosh-vaithiyanathan-ylHcWlrMlzs-unsplash563.jpg'),
(176, 568, 'taylor-grote-rnH5ITofDAM-unsplash568.jpg'),
(177, 569, 'taylor-grote-rnH5ITofDAM-unsplash569.jpg'),
(178, 570, 'engin-akyurt-oXYGKCYhQOI-unsplash570.jpg'),
(179, 571, 'engin-akyurt-oXYGKCYhQOI-unsplash571.jpg'),
(180, 572, 'nathan-ziemanski-TFiXgyhvVFM-unsplash572.jpg'),
(181, 572, 'victoire-joncheray-6JZ-oPjbF9s-unsplash572.jpg'),
(182, 573, 'nathan-ziemanski-TFiXgyhvVFM-unsplash573.jpg'),
(183, 573, 'victoire-joncheray-6JZ-oPjbF9s-unsplash573.jpg'),
(184, 574, 'nathan-ziemanski-TFiXgyhvVFM-unsplash574.jpg'),
(185, 574, 'victoire-joncheray-6JZ-oPjbF9s-unsplash574.jpg'),
(186, 575, 'nathan-ziemanski-TFiXgyhvVFM-unsplash575.jpg'),
(187, 575, 'victoire-joncheray-6JZ-oPjbF9s-unsplash575.jpg'),
(188, 576, 'nathan-ziemanski-TFiXgyhvVFM-unsplash576.jpg'),
(189, 576, 'victoire-joncheray-6JZ-oPjbF9s-unsplash576.jpg'),
(190, 577, 'nathan-ziemanski-TFiXgyhvVFM-unsplash577.jpg'),
(191, 577, 'victoire-joncheray-6JZ-oPjbF9s-unsplash577.jpg'),
(192, 578, 'nathan-ziemanski-TFiXgyhvVFM-unsplash578.jpg'),
(193, 578, 'victoire-joncheray-6JZ-oPjbF9s-unsplash578.jpg'),
(194, 579, 'nathan-ziemanski-TFiXgyhvVFM-unsplash579.jpg'),
(195, 579, 'victoire-joncheray-6JZ-oPjbF9s-unsplash579.jpg'),
(196, 580, 'alex-suprun-lM4X4TQdngo-unsplash580.jpg'),
(197, 580, 'brooke-cagle-JrzzESCqeko-unsplash580.jpg'),
(198, 580, 'monica-dahiya-caPZQg42c54-unsplash580.jpg'),
(199, 589, 'スクリーンショット 2023-12-10 013735589.png'),
(200, 589, 'スクリーンショット 2023-12-10 013735589.png'),
(201, 589, 'スクリーンショット 2023-12-10 013735589.png'),
(207, 593, 'kaboompics_sneakers-shoes-long-white-striped-socks-27737593.jpg'),
(208, 594, 'kaboompics_sneakers-shoes-long-white-striped-socks-27737594.jpg'),
(209, 595, 'valerie-elash-o4KRWaT01p4-unsplash595.jpg'),
(210, 596, 'valerie-elash-o4KRWaT01p4-unsplash596.jpg'),
(211, 597, 'valerie-elash-o4KRWaT01p4-unsplash597.jpg'),
(212, 598, 'ashwini-chaudhary-monty-juHUAjTQ-cI-unsplash598.jpg'),
(213, 599, 'ashwini-chaudhary-monty-juHUAjTQ-cI-unsplash599.jpg'),
(214, 600, 'nimble-made-_PFanxhwe4o-unsplash600.jpg'),
(215, 601, 'nimble-made-_PFanxhwe4o-unsplash601.jpg'),
(216, 602, 'nimble-made-_PFanxhwe4o-unsplash602.jpg'),
(217, 603, 'nimble-made-_PFanxhwe4o-unsplash603.jpg'),
(218, 604, 'nimble-made-_PFanxhwe4o-unsplash604.jpg'),
(219, 605, 'nimble-made-_PFanxhwe4o-unsplash605.jpg'),
(220, 606, 'chelse-daniel-ZY8LhPmSvF8-unsplash606.jpg'),
(221, 607, 'chelse-daniel-ZY8LhPmSvF8-unsplash607.jpg'),
(222, 608, 'chelse-daniel-ZY8LhPmSvF8-unsplash608.jpg'),
(223, 609, 'norbert-kundrak-Qkka6rvSToY-unsplash609.jpg'),
(224, 609, 'people-6889599_1280609.jpg'),
(225, 609, 'philipp-lansing-83_ehMTWPcc-unsplash609.jpg'),
(226, 610, 'norbert-kundrak-Qkka6rvSToY-unsplash610.jpg'),
(227, 610, 'people-6889599_1280610.jpg'),
(228, 610, 'philipp-lansing-83_ehMTWPcc-unsplash610.jpg'),
(229, 611, 'norbert-kundrak-Qkka6rvSToY-unsplash611.jpg'),
(230, 611, 'people-6889599_1280611.jpg'),
(231, 611, 'philipp-lansing-83_ehMTWPcc-unsplash611.jpg'),
(232, 612, 'norbert-kundrak-Qkka6rvSToY-unsplash612.jpg'),
(233, 612, 'people-6889599_1280612.jpg'),
(234, 612, 'philipp-lansing-83_ehMTWPcc-unsplash612.jpg'),
(235, 613, 'norbert-kundrak-Qkka6rvSToY-unsplash613.jpg'),
(236, 613, 'people-6889599_1280613.jpg'),
(237, 613, 'philipp-lansing-83_ehMTWPcc-unsplash613.jpg'),
(238, 614, 'norbert-kundrak-Qkka6rvSToY-unsplash614.jpg'),
(239, 614, 'people-6889599_1280614.jpg'),
(240, 614, 'philipp-lansing-83_ehMTWPcc-unsplash614.jpg'),
(241, 615, 'brian-lundquist-7r60FV3T680-unsplash615.jpg'),
(242, 615, 'olaniyan-oluwapelumi-ICOWVAqqOV0-unsplash615.jpg'),
(243, 616, 'brian-lundquist-7r60FV3T680-unsplash616.jpg'),
(244, 616, 'olaniyan-oluwapelumi-ICOWVAqqOV0-unsplash616.jpg'),
(245, 617, 'joshua-rondeau-RrseEMRZ5Bw-unsplash617.jpg'),
(246, 618, 'joshua-rondeau-RrseEMRZ5Bw-unsplash618.jpg'),
(247, 619, 'kamil-szumotalski-CKxpOhAoSRg-unsplash619.jpg'),
(273, 633, 'people-2573218_1280633.jpg'),
(274, 634, 'people-2573218_1280634.jpg'),
(275, 638, 'ben-iwara-mNHMursJ4D4-unsplash638.jpg'),
(276, 639, 'ben-iwara-mNHMursJ4D4-unsplash639.jpg'),
(277, 640, 'santhosh-vaithiyanathan-ylHcWlrMlzs-unsplash640.jpg'),
(278, 641, 'santhosh-vaithiyanathan-ylHcWlrMlzs-unsplash641.jpg'),
(279, 642, 'santhosh-vaithiyanathan-ylHcWlrMlzs-unsplash642.jpg'),
(280, 643, 'santhosh-vaithiyanathan-ylHcWlrMlzs-unsplash643.jpg'),
(281, 644, 'sean-benesh-TICynpQt8uk-unsplash644.jpg'),
(282, 645, 'sean-benesh-TICynpQt8uk-unsplash645.jpg'),
(283, 21, 'TsyatuPAKE4962_TP_V21.jpg'),
(284, 23, 'lumin-6Hv2W9Q2Pw0-unsplash23.jpg'),
(285, 24, 'alyssa-degarde-yhypwE8RKks-unsplash24.jpg'),
(286, 28, 'tennis-3417780_128028.jpg'),
(287, 32, 'adult-1845699_128032.jpg'),
(288, 30, 'running-8268566_128030.jpg'),
(289, 38, 'rui-silvestre-hAMJpesMeDE-unsplash38.jpg'),
(290, 37, 'rui-silvestre-hAMJpesMeDE-unsplash37.jpg'),
(291, 36, 'rui-silvestre-hAMJpesMeDE-unsplash36.jpg'),
(292, 33, 'codi-bezouka-smith-vq_Q6AD-I2c-unsplash33.jpg'),
(293, 34, 'codi-bezouka-smith-vq_Q6AD-I2c-unsplash34.jpg'),
(294, 35, 'codi-bezouka-smith-vq_Q6AD-I2c-unsplash35.jpg'),
(295, 42, 'refargotohp-Q5QPy_LyQuA-unsplash42.jpg'),
(296, 41, 'clement-vatte-f67Caxg3akg-unsplash41.jpg'),
(297, 44, 'alex-suprun-lM4X4TQdngo-unsplash44.jpg'),
(298, 43, 'counselor-4305394_128043.jpg'),
(299, 45, 'adult-1851571_128045.jpg'),
(300, 46, 'man-8223328_128046.jpg'),
(301, 47, 'grzegorz-rakowski-kQ8_Enn70Gk-unsplash47.jpg'),
(302, 49, 'alora-griffiths-WX7FSaiYxK8-unsplash49.jpg'),
(303, 48, 'alexander-redl-d3bYmnZ0ank-unsplash48.jpg'),
(304, 646, 'prakriti-khajuria-lxIZ6HVxXOk-unsplash646.jpg'),
(305, 50, 'luis-olmos-fuVUcX6tnag-unsplash50.jpg'),
(306, 51, 'troy-spoelma-ux2LvytLQ-A-unsplash51.jpg'),
(307, 52, 'fabric-2892517_128052.jpg'),
(308, 53, 'fashion-1283863_128053.jpg'),
(309, 54, 'rafay-ansari-lETfyhB8g4Q-unsplash54.jpg'),
(310, 55, 'rafay-ansari-lETfyhB8g4Q-unsplash55.jpg'),
(311, 56, 'man-5575050_128056.jpg'),
(312, 57, 'man-5575050_128057.jpg'),
(313, 58, 'people-2597386_128058.jpg'),
(314, 59, 'people-2597386_128059.jpg'),
(315, 60, 'man-6601144_128060.jpg'),
(316, 61, 'man-6601144_128061.jpg'),
(317, 62, 'emmanuel-acua-UP7C2st74pk-unsplash62.jpg'),
(318, 63, 'rabie-madaci-UAQHUxuqxlo-unsplash63.jpg'),
(319, 64, 'gelmis-bartulis-gzlfj8Fjdk0-unsplash64.jpg'),
(320, 65, 'gelmis-bartulis-gzlfj8Fjdk0-unsplash65.jpg'),
(321, 66, 'jovan-vasiljevic-jRfgoqGfj5U-unsplash66.jpg'),
(322, 67, 'jovan-vasiljevic-jRfgoqGfj5U-unsplash67.jpg'),
(323, 68, 'man-3123561_128068.jpg'),
(324, 70, 'leather-jacket-6773269_128070.jpg'),
(325, 69, 'leather-jacket-6773269_128069.jpg'),
(326, 72, 'portrait-1142167_128072.jpg'),
(327, 71, 'portrait-1142167_128071.jpg'),
(328, 75, 'smile-1160204_128075.jpg'),
(329, 74, 'smile-1160204_128074.jpg'),
(330, 73, 'smile-1160204_128073.jpg'),
(331, 80, 'iam_os-e2lIvjdqGjw-unsplash80.jpg'),
(332, 77, 'iam_os-e2lIvjdqGjw-unsplash77.jpg'),
(333, 79, 'lea-ochel-nsRBbE6-YLs-unsplash79.jpg'),
(334, 76, 'lea-ochel-nsRBbE6-YLs-unsplash76.jpg'),
(335, 81, 'colton-sturgeon-oB7lLU9dwLc-unsplash81.jpg'),
(336, 78, 'colton-sturgeon-oB7lLU9dwLc-unsplash78.jpg'),
(337, 83, 'tyler-nix-6UEyVsw_1lU-unsplash83.jpg'),
(338, 82, 'tyler-nix-6UEyVsw_1lU-unsplash82.jpg'),
(339, 90, 'kevin-laminto-hgIZ8ObJnFU-unsplash90.jpg'),
(340, 88, 'kevin-laminto-hgIZ8ObJnFU-unsplash88.jpg'),
(341, 86, 'eugene-chystiakov-0pQ7RbMB3_k-unsplash86.jpg'),
(342, 84, 'eugene-chystiakov-0pQ7RbMB3_k-unsplash84.jpg'),
(343, 104, 'lubov-birina-qCQgUD063fE-unsplash104.jpg'),
(344, 105, 'clem-onojeghuo-4fDBYLyhqbI-unsplash105.jpg'),
(345, 111, 'patrik-velich-ejvt0UazRlU-unsplash111.jpg'),
(346, 108, 'clem-onojeghuo-4fDBYLyhqbI-unsplash108.jpg'),
(347, 110, 'cole-keister-0KaUuWB7Qfw-unsplash110.jpg'),
(348, 108, 'patrik-velich-ejvt0UazRlU-unsplash108.jpg'),
(349, 120, 'jasmine-coro-Iz8texFGeHI-unsplash120.jpg'),
(350, 118, 'joshua-rondeau-RrseEMRZ5Bw-unsplash617118.jpg'),
(351, 95, 'mike-bgs4o4CsOlw-unsplash95.jpg'),
(352, 92, 'mike-bgs4o4CsOlw-unsplash92.jpg'),
(353, 99, 'joshua-rondeau-A017y_hWTJc-unsplash99.jpg'),
(354, 103, 'annika-palmari-ILoqItoEwcU-unsplash103.jpg'),
(355, 100, 'annika-palmari-ILoqItoEwcU-unsplash100.jpg'),
(356, 129, 'tessa-simpson-eTCogYz7kQE-unsplash129.jpg'),
(357, 127, 'tessa-simpson-eTCogYz7kQE-unsplash127.jpg'),
(358, 128, 'mitch-kemp-O2rHKXWTqP8-unsplash128.jpg'),
(359, 126, 'mitch-kemp-O2rHKXWTqP8-unsplash126.jpg'),
(360, 133, 'philipp-lansing-8-foYhy9ulo-unsplash133.jpg'),
(361, 131, 'philipp-lansing-8-foYhy9ulo-unsplash131.jpg'),
(362, 132, 'joanne-caselyn-P1onV-UaD4o-unsplash132.jpg'),
(363, 130, 'joanne-caselyn-P1onV-UaD4o-unsplash130.jpg'),
(364, 139, 'andrew-milko-LspK43UdFo4-unsplash139.jpg'),
(365, 138, 'raj-rana-Z0AtgptPvSQ-unsplash138.jpg'),
(366, 135, 'raj-rana-Z0AtgptPvSQ-unsplash135.jpg'),
(367, 137, 'steven-rector-2gJXAXgUcAA-unsplash137.jpg'),
(368, 134, 'steven-rector-2gJXAXgUcAA-unsplash134.jpg'),
(369, 146, 'lance-reis-sQZQj_1eiDM-unsplash146.jpg'),
(370, 141, 'lance-reis-sQZQj_1eiDM-unsplash141.jpg'),
(371, 152, 'marie-michele-bouchard-WIAWEPBuHa0-unsplash152.jpg'),
(372, 150, 'marie-michele-bouchard-WIAWEPBuHa0-unsplash150.jpg'),
(373, 153, 'kelly-sikkema-MzaGpQw5gok-unsplash153.jpg'),
(374, 151, 'kelly-sikkema-MzaGpQw5gok-unsplash151.jpg'),
(375, 155, 'chantelle-taylor-KGR6BzW6k4w-unsplash155.jpg'),
(376, 154, 'chantelle-taylor-KGR6BzW6k4w-unsplash154.jpg'),
(377, 157, 'kateryna-hliznitsova-doRVAGPKNjA-unsplash157.jpg'),
(378, 156, 'kateryna-hliznitsova-doRVAGPKNjA-unsplash156.jpg'),
(379, 159, 'tai-s-captures-u-MwguPdm7A-unsplash159.jpg'),
(380, 158, 'tai-s-captures-u-MwguPdm7A-unsplash158.jpg'),
(385, 174, 'danny-lines-_8sV7ySXUr0-unsplash174.jpg'),
(386, 172, 'danny-lines-_8sV7ySXUr0-unsplash172.jpg'),
(387, 175, 'alireza-dolati-1M5X5kyB6uc-unsplash175.jpg'),
(388, 173, 'alireza-dolati-1M5X5kyB6uc-unsplash173.jpg'),
(389, 176, 'karin-boon-22aGM9A3JvE-unsplash176.jpg'),
(390, 177, 'kateryna-hliznitsova-doRVAGPKNjA-unsplash177.jpg'),
(391, 178, 'kateryna-hliznitsova-doRVAGPKNjA-unsplash157178.jpg'),
(392, 180, 'irina-iriser-Imlqq97CvzQ-unsplash180.jpg'),
(393, 181, 'the-aw-creative-digital-marketing-6iojR7ezkvs-unsplash181.jpg'),
(394, 179, 'aliaksei-lepik-74B4p_5soAU-unsplash179.jpg'),
(395, 186, 'amir-asghari-vzfk2QjP4l0-unsplash186.jpg'),
(396, 185, 'lisa-heeke-_fSi3eavLac-unsplash185.jpg'),
(397, 189, 'danielle-bailey-UexPMPJwNi8-unsplash189.jpg'),
(398, 187, 'danielle-bailey-UexPMPJwNi8-unsplash187.jpg'),
(399, 190, 'engin-akyurt-JWZe-4hg9aA-unsplash190.jpg'),
(400, 188, 'engin-akyurt-JWZe-4hg9aA-unsplash188.jpg'),
(401, 192, 'heber-barahona-1_tOmii6oys-unsplash192.jpg'),
(402, 191, 'heber-barahona-1_tOmii6oys-unsplash191.jpg'),
(403, 195, '1millidollars-HpPGiZollBM-unsplash195.jpg'),
(404, 193, '1millidollars-HpPGiZollBM-unsplash193.jpg'),
(405, 196, 'tyler-nix-1xmzY3_3VuA-unsplash196.jpg'),
(406, 194, 'tyler-nix-1xmzY3_3VuA-unsplash194.jpg'),
(407, 200, '1millidollars-dwdKjbvX4hU-unsplash200.jpg'),
(408, 197, '1millidollars-dwdKjbvX4hU-unsplash197.jpg'),
(409, 202, 'woman-7125360_1280202.jpg'),
(410, 199, 'woman-7125360_1280199.jpg'),
(411, 201, 'engin-akyurt-JWZe-4hg9aA-unsplash201.jpg'),
(412, 198, 'engin-akyurt-JWZe-4hg9aA-unsplash198.jpg'),
(413, 210, 'norbert-braun-t0uEc07bBNU-unsplash210.jpg'),
(414, 212, 'norbert-braun-t0uEc07bBNU-unsplash212.jpg'),
(415, 211, 'pure-julia-jnTf7Teyt7A-unsplash211.jpg'),
(416, 209, 'pure-julia-jnTf7Teyt7A-unsplash209.jpg'),
(417, 216, '1millidollars-HpPGiZollBM-unsplash216.jpg'),
(418, 213, '1millidollars-HpPGiZollBM-unsplash213.jpg'),
(419, 214, 'engin-akyurt-JWZe-4hg9aA-unsplash214.jpg'),
(420, 214, 'engin-akyurt-JWZe-4hg9aA-unsplash214.jpg'),
(421, 218, 'melanie-kreutz-Ys9TMIXU388-unsplash218.jpg'),
(422, 215, 'melanie-kreutz-Ys9TMIXU388-unsplash215.jpg'),
(423, 221, 'kaboompics_young-stylish-woman-poses-on-the-beach-at-sunset-27237221.jpg'),
(424, 219, 'kaboompics_young-stylish-woman-poses-on-the-beach-at-sunset-27237219.jpg'),
(425, 222, '1000_F_169129052_Kv425dFCbi5FjADIFH35O5AzPrxTDEkN222.jpg'),
(426, 220, '1000_F_169129052_Kv425dFCbi5FjADIFH35O5AzPrxTDEkN220.jpg'),
(427, 224, 'ali-pazani-LxILPib5lTk-unsplash224.jpg'),
(428, 223, 'ali-pazani-LxILPib5lTk-unsplash223.jpg'),
(429, 228, 'emilia-tukhvatullina-kDU0Yt-1kdQ-unsplash228.jpg'),
(430, 226, 'emilia-tukhvatullina-kDU0Yt-1kdQ-unsplash226.jpg'),
(431, 227, 'amaurys-puello-martinez-Mvs3zVK-YS4-unsplash227.jpg'),
(432, 225, 'amaurys-puello-martinez-Mvs3zVK-YS4-unsplash225.jpg'),
(433, 232, 'tony-saiko-MEoW2_Ta2u8-unsplash232.jpg'),
(434, 230, 'tony-saiko-MEoW2_Ta2u8-unsplash230.jpg'),
(435, 238, 'benjamin-r-Rf_wydmmbl8-unsplash238.jpg'),
(436, 235, 'michael-afonso-1XCACz2eMzY-unsplash235.jpg'),
(437, 238, 'michael-afonso-1XCACz2eMzY-unsplash238.jpg'),
(438, 236, 'laura-kennedy-reObdi4zpdE-unsplash236.jpg'),
(439, 233, 'laura-kennedy-reObdi4zpdE-unsplash233.jpg'),
(440, 237, 'sehajpal-singh-NpaIxvH4RdY-unsplash237.jpg'),
(441, 234, 'sehajpal-singh-NpaIxvH4RdY-unsplash234.jpg'),
(442, 242, 'motorcyle-6900329_1280242.jpg'),
(443, 240, 'motorcyle-6900329_1280240.jpg'),
(444, 241, 'david-todd-mccarty-NXlQ2PnzMGg-unsplash241.jpg'),
(445, 239, 'david-todd-mccarty-NXlQ2PnzMGg-unsplash239.jpg'),
(446, 246, 'suit-2737909_1280246.jpg'),
(447, 244, 'suit-2737909_1280244.jpg'),
(448, 245, 'museums-of-history-new-south-wales-mrS-bzNHiz4-unsplash245.jpg'),
(449, 243, 'museums-of-history-new-south-wales-mrS-bzNHiz4-unsplash243.jpg'),
(450, 252, 'man-8222531_1280252.jpg'),
(451, 248, 'man-8222531_1280248.jpg'),
(452, 280, 'katie-moum-yXfdoI66AtQ-unsplash280.jpg'),
(453, 279, 'katie-moum-yXfdoI66AtQ-unsplash279.jpg'),
(454, 282, 'sahil-moosa-m1MRYp556Ew-unsplash282.jpg'),
(455, 282, 'vlah-dumitru-SeeiNC9snZg-unsplash282.jpg'),
(456, 281, 'mediamodifier-0UBg7jhsSxs-unsplash281.jpg'),
(457, 286, 'patrik-velich-AgZc04zHJ-Y-unsplash286.jpg'),
(458, 284, 'patrik-velich-AgZc04zHJ-Y-unsplash284.jpg'),
(459, 285, 'xu-duo-y_8CPliUdAs-unsplash285.jpg'),
(460, 283, 'xu-duo-y_8CPliUdAs-unsplash283.jpg'),
(461, 291, 'girl-2128298_1280291.jpg'),
(462, 287, 'girl-2128298_1280287.jpg'),
(463, 292, 'mens-shirt-524022_1280292.jpg'),
(464, 288, 'jasmine-coro-Iz8texFGeHI-unsplash120288.jpg'),
(465, 288, 'mens-shirt-524022_1280288.jpg'),
(466, 298, 'blonde-4721865_1280298.jpg'),
(467, 300, 'blonde-4721865_1280300.jpg'),
(468, 301, 'anomaly-WWesmHEgXDs-unsplash301.jpg'),
(469, 299, 'anomaly-WWesmHEgXDs-unsplash299.jpg'),
(470, 302, 'blonde-4721865_1280302.jpg'),
(471, 307, 'anne-peres-gxl_DD02OKs-unsplash307.jpg'),
(472, 305, 'anne-peres-gxl_DD02OKs-unsplash305.jpg'),
(473, 303, 'anne-peres-gxl_DD02OKs-unsplash303.jpg'),
(474, 308, 'ian-dooley-m4XquYOTb50-unsplash308.jpg'),
(475, 306, 'ian-dooley-m4XquYOTb50-unsplash306.jpg'),
(476, 304, 'ian-dooley-m4XquYOTb50-unsplash304.jpg'),
(477, 311, 'keagan-henman-xPJYL0l5Ii8-unsplash311.jpg'),
(478, 309, 'keagan-henman-xPJYL0l5Ii8-unsplash309.jpg'),
(479, 312, 'fashion-4056729_1280312.jpg'),
(480, 310, 'fashion-4056729_1280310.jpg'),
(481, 317, 'emily-studer-osrM-DQcSlo-unsplash317.jpg'),
(482, 313, 'emily-studer-osrM-DQcSlo-unsplash313.jpg'),
(483, 318, 'face-487069_1280318.jpg'),
(484, 314, 'face-487069_1280314.jpg'),
(485, 320, 'riccardo-fissore-UxY52P2KaN8-unsplash320.jpg'),
(486, 315, 'riccardo-fissore-UxY52P2KaN8-unsplash315.jpg'),
(487, 319, 'demian-tejeda-benitez-ZVUMF4uTlH8-unsplash319.jpg'),
(488, 315, 'demian-tejeda-benitez-ZVUMF4uTlH8-unsplash315.jpg'),
(489, 327, 't-shirt-1278404_1280327.jpg'),
(490, 323, 't-shirt-1278404_1280323.jpg'),
(491, 321, 't-shirt-1278404_1280321.jpg'),
(492, 325, 't-shirt-1278404_1280325.jpg'),
(493, 636, 'sincerely-media-9ShY-Tq70Mc-unsplash (1)636.jpg'),
(494, 635, 'sincerely-media-9ShY-Tq70Mc-unsplash (1)635.jpg'),
(495, 583, 'alessia-c_jpg-MraA7CvTxtc-unsplash583.jpg'),
(496, 587, 'alessia-c_jpg-MraA7CvTxtc-unsplash587.jpg'),
(497, 582, 'counselor-4305394_1280582.jpg'),
(498, 586, 'counselor-4305394_1280586.jpg'),
(499, 581, 'shirt-933671_1280581.jpg'),
(500, 585, 'shirt-933671_1280585.jpg'),
(501, 584, 'alex-suprun-lM4X4TQdngo-unsplash584.jpg'),
(502, 270, 'stefano-tanasi-vTcCboOw0LA-unsplash270.jpg'),
(503, 567, 'aliaksei-lepik-xlPYtqlN99E-unsplash567.jpg'),
(504, 565, 'aliaksei-lepik-xlPYtqlN99E-unsplash565.jpg'),
(505, 566, 'khaled-ghareeb-pWpIhF533B0-unsplash566.jpg'),
(506, 564, 'khaled-ghareeb-pWpIhF533B0-unsplash564.jpg'),
(507, 524, 'jason-leung-DmD8HVOjy4c-unsplash524.jpg'),
(508, 522, 'jason-leung-DmD8HVOjy4c-unsplash522.jpg'),
(509, 520, 'jason-leung-DmD8HVOjy4c-unsplash520.jpg'),
(510, 525, 'jason-leung-DmD8HVOjy4c-unsplash525.jpg'),
(511, 523, 'jason-leung-DmD8HVOjy4c-unsplash523.jpg'),
(512, 521, 'jason-leung-DmD8HVOjy4c-unsplash521.jpg'),
(513, 519, 'nimble-made-Jf7JqVazm-4-unsplash519.jpg'),
(514, 518, 'nimble-made-Jf7JqVazm-4-unsplash518.jpg'),
(515, 517, 'nimble-made-Jf7JqVazm-4-unsplash517.jpg'),
(516, 516, 'taras-chernus-iIjResyhhW0-unsplash516.jpg'),
(517, 515, 'taras-chernus-iIjResyhhW0-unsplash515.jpg'),
(518, 514, 'kristina-petrick-NiqS3Madffs-unsplash514.jpg'),
(519, 513, 'tijana-drndarski-Ds4TsdS095U-unsplash513.jpg'),
(520, 512, 'tijana-drndarski-Ds4TsdS095U-unsplash512.jpg'),
(521, 511, 'camouflage-210155_1280511.jpg'),
(522, 510, 'camouflage-210155_1280510.jpg'),
(523, 509, 'eldo-rafael-6NHOEyrDbVg-unsplash509.jpg'),
(524, 508, 'eldo-rafael-6NHOEyrDbVg-unsplash508.jpg'),
(525, 507, 'samantha-gades-bFYoyKivbmg-unsplash507.jpg'),
(526, 507, 'hardini-lestari-MujZAKea8Lw-unsplash507.jpg'),
(527, 506, 'gwendal-cottin-3IDSZXfcQbg-unsplash506.jpg'),
(528, 505, 'gwendal-cottin-3IDSZXfcQbg-unsplash505.jpg'),
(529, 647, 'gwendal-cottin-3IDSZXfcQbg-unsplash647.jpg'),
(530, 504, 'water-2322835_1280504.jpg'),
(531, 503, 'water-2322835_1280503.jpg'),
(532, 502, 'shirt-3737404_1280502.jpg'),
(533, 501, 'shirt-3737404_1280501.jpg'),
(534, 500, 'jan-szwagrzyk-LCC1CF94DBw-unsplash500.jpg'),
(535, 499, 'saeed-mhmdi-26JLZF54pTA-unsplash499.jpg'),
(536, 498, 'andrew-haimerl-HpVaLTP1OOA-unsplash498.jpg'),
(537, 497, 'andrew-haimerl-HpVaLTP1OOA-unsplash497.jpg'),
(538, 496, 'woman-6039907_1280496.jpg'),
(539, 495, 'woman-6039907_1280495.jpg'),
(540, 493, 'henrik-hjortshoj-1VCTjIOnUQA-unsplash493.jpg'),
(541, 491, 'henrik-hjortshoj-1VCTjIOnUQA-unsplash491.jpg'),
(542, 494, 'henrik-hjortshoj-1VCTjIOnUQA-unsplash494.jpg'),
(543, 492, 'henrik-hjortshoj-1VCTjIOnUQA-unsplash492.jpg'),
(544, 259, 'utopia-by-cho-7JWNDV2EeG0-unsplash259.jpg'),
(545, 257, 'utopia-by-cho-7JWNDV2EeG0-unsplash257.jpg'),
(546, 648, 'justin-essah-3LBV2nttH0I-unsplash648.jpg'),
(547, 649, 'justin-essah-3LBV2nttH0I-unsplash649.jpg'),
(548, 260, 'timothy-dykes-8Rx7amSLPho-unsplash260.jpg'),
(549, 256, 'timothy-dykes-8Rx7amSLPho-unsplash256.jpg'),
(550, 588, '20230623_201713588.jpg'),
(551, 490, 'mediamodifier-0UBg7jhsSxs-unsplash490.jpg'),
(552, 489, 'mediamodifier-0UBg7jhsSxs-unsplash490489.jpg'),
(553, 488, 'olga-guryanova-8GIvE_7VjIc-unsplash488.jpg'),
(554, 487, 'olga-guryanova-8GIvE_7VjIc-unsplash487.jpg'),
(555, 486, 'olga-guryanova-8GIvE_7VjIc-unsplash486.jpg'),
(556, 485, 'olga-guryanova-8GIvE_7VjIc-unsplash485.jpg'),
(557, 484, 'laura-chouette-KnwsldbbaZg-unsplash484.jpg'),
(558, 483, 'laura-chouette-KnwsldbbaZg-unsplash483.jpg'),
(559, 481, 'roman-khripkov-tYjBScoVvhI-unsplash481.jpg'),
(560, 478, 'roman-khripkov-tYjBScoVvhI-unsplash478.jpg'),
(561, 480, 'giulia-bertelli-qg5CJdIJqfY-unsplash480.jpg'),
(562, 477, 'giulia-bertelli-qg5CJdIJqfY-unsplash480477.jpg'),
(563, 482, 'tamara-bellis-GRfLA7aXlO4-unsplash482.jpg'),
(564, 479, 'tamara-bellis-GRfLA7aXlO4-unsplash479.jpg'),
(565, 475, 'pasha-chusovitin-Cfocn0OotC0-unsplash475.jpg'),
(566, 471, 'pasha-chusovitin-Cfocn0OotC0-unsplash471.jpg'),
(567, 476, 'brooke-cagle-rIT4VWXsKC4-unsplash476.jpg'),
(568, 472, 'brooke-cagle-rIT4VWXsKC4-unsplash472.jpg'),
(569, 474, 'clothing-model-968122_1280474.jpg'),
(570, 473, 'clothing-model-968122_1280473.jpg'),
(571, 469, 'skirt-4757236_1280469.jpg'),
(572, 466, 'skirt-4757236_1280466.jpg'),
(573, 463, 'skirt-4757236_1280463.jpg'),
(574, 470, 'valerie-elash-q29nJ9RlI4k-unsplash470.jpg'),
(575, 467, 'valerie-elash-q29nJ9RlI4k-unsplash467.jpg'),
(576, 464, 'valerie-elash-q29nJ9RlI4k-unsplash464.jpg'),
(577, 468, 'laura-chouette-AI3MOqtQm_w-unsplash468.jpg'),
(578, 465, 'laura-chouette-AI3MOqtQm_w-unsplash468465.jpg'),
(579, 462, 'laura-chouette-AI3MOqtQm_w-unsplash468465462.jpg'),
(580, 460, 'tom-sodoge-Qeqg7F9pfuU-unsplash460.jpg'),
(581, 458, 'tom-sodoge-Qeqg7F9pfuU-unsplash458.jpg'),
(582, 461, 'pexels-liudmyla-shalimova-15153799461.jpg'),
(583, 461, 'pexels-liudmyla-shalimova-15153799461461.jpg'),
(584, 456, 'dynamic-wang-6B2yBp4tcnk-unsplash456.jpg'),
(585, 456, 'dynamic-wang-8HuVnBMIdSI-unsplash456.jpg'),
(586, 454, 'dynamic-wang-6B2yBp4tcnk-unsplash456454.jpg'),
(587, 454, 'dynamic-wang-8HuVnBMIdSI-unsplash454.jpg'),
(588, 457, 'renee-thompson-t7waxpkDD4g-unsplash457.jpg'),
(589, 457, 'ruan-richard-rodrigues-7VrAV4lcBTQ-unsplash457.jpg'),
(590, 455, 'renee-thompson-t7waxpkDD4g-unsplash455.jpg'),
(591, 455, 'ruan-richard-rodrigues-7VrAV4lcBTQ-unsplash455.jpg'),
(592, 453, 'smiling-4644153_1280453.jpg'),
(593, 453, 'people-2592299_1280453.jpg'),
(594, 451, 'people-2592299_1280451.jpg'),
(595, 451, 'smiling-4644153_1280451.jpg'),
(596, 452, 'mediamodifier-7cERndkOyDw-unsplash452.jpg'),
(597, 452, 'rodney-gainous-jr-ocJ3UabjoDY-unsplash452.jpg'),
(598, 450, 'mediamodifier-7cERndkOyDw-unsplash452450.jpg'),
(599, 450, 'rodney-gainous-jr-ocJ3UabjoDY-unsplash450.jpg'),
(600, 449, 'motorcycle-rider-1330191_1280449.jpg'),
(601, 449, 'pakk-camacho-KZwqf0ZMfVk-unsplash449.jpg'),
(602, 447, 'motorcycle-rider-1330191_1280449447.jpg'),
(603, 447, 'pakk-camacho-KZwqf0ZMfVk-unsplash447.jpg'),
(604, 448, 'lance-reis-sQZQj_1eiDM-unsplash448.jpg'),
(605, 448, 'pakk-camacho-KZwqf0ZMfVk-unsplash448.jpg'),
(606, 446, 'lance-reis-sQZQj_1eiDM-unsplash448446.jpg'),
(607, 446, 'pakk-camacho-KZwqf0ZMfVk-unsplash446.jpg'),
(608, 445, 'lance-reis-sQZQj_1eiDM-unsplash445.jpg'),
(609, 445, 'pakk-camacho-KZwqf0ZMfVk-unsplash448445.jpg'),
(610, 443, 'lance-reis-sQZQj_1eiDM-unsplash443.jpg'),
(611, 443, 'pakk-camacho-KZwqf0ZMfVk-unsplash447443.jpg'),
(612, 444, 'lance-reis-sQZQj_1eiDM-unsplash448446444.jpg'),
(613, 444, 'pakk-camacho-KZwqf0ZMfVk-unsplash447443444.jpg'),
(614, 442, 'lance-reis-sQZQj_1eiDM-unsplash442.jpg'),
(615, 442, 'pakk-camacho-KZwqf0ZMfVk-unsplash448442.jpg'),
(617, 437, 'gabriel-meinert-Wmfo3w66Oa4-unsplash437.jpg'),
(618, 437, 'woman-6026950_1280437.jpg'),
(619, 437, 'woman-6326125_1280437.jpg'),
(620, 436, 'gabriel-meinert-Wmfo3w66Oa4-unsplash437436.jpg'),
(621, 436, 'woman-6026950_1280436.jpg'),
(622, 436, 'woman-6326125_1280650436.jpg'),
(623, 434, 'model-4566903_1280434.jpg'),
(624, 434, 'silhouette-600485_1280434.jpg'),
(625, 432, 'model-4566903_1280432.jpg'),
(626, 432, 'silhouette-600485_1280432.jpg'),
(627, 435, 'colton-sturgeon-oB7lLU9dwLc-unsplash78435.jpg'),
(628, 435, 'dami-adebayo-k6aQzmIbR1s-unsplash435.jpg'),
(629, 433, 'colton-sturgeon-oB7lLU9dwLc-unsplash78433.jpg'),
(630, 433, 'dami-adebayo-k6aQzmIbR1s-unsplash433.jpg'),
(631, 430, 'mike-bgs4o4CsOlw-unsplash430.jpg'),
(632, 428, 'mike-bgs4o4CsOlw-unsplash430428.jpg'),
(633, 431, 'colton-sturgeon-oB7lLU9dwLc-unsplash78435431.jpg'),
(634, 429, 'colton-sturgeon-oB7lLU9dwLc-unsplash78435431429.jpg'),
(635, 427, 'lance-reis-sQZQj_1eiDM-unsplash427.jpg'),
(636, 425, 'lance-reis-sQZQj_1eiDM-unsplash141425.jpg'),
(637, 426, 'leather-jacket-6773269_128070426.jpg'),
(638, 424, 'leather-jacket-6773269_128070426424.jpg'),
(639, 412, 'mike-bgs4o4CsOlw-unsplash430428412.jpg'),
(640, 410, 'mike-bgs4o4CsOlw-unsplash430428412410.jpg'),
(641, 413, 'john-fornander-aMASyLQ7VGQ-unsplash413.jpg'),
(642, 411, 'john-fornander-aMASyLQ7VGQ-unsplash411.jpg'),
(643, 409, 'lubov-birina-qCQgUD063fE-unsplash409.jpg'),
(644, 407, 'john-fornander-aMASyLQ7VGQ-unsplash413407.jpg'),
(645, 408, 'john-fornander-aMASyLQ7VGQ-unsplash411408.jpg'),
(646, 406, 'alex-suprun-lM4X4TQdngo-unsplash580406.jpg'),
(647, 405, 'engin-akyurt-oXYGKCYhQOI-unsplash405.jpg'),
(648, 405, 'kristina-petrick-NiqS3Madffs-unsplash514405.jpg'),
(649, 403, 'engin-akyurt-oXYGKCYhQOI-unsplash571403.jpg'),
(650, 403, 'kristina-petrick-NiqS3Madffs-unsplash514405403.jpg'),
(651, 404, 'engin-akyurt-jaZoffxg1yc-unsplash404.jpg'),
(652, 404, 'yan-berthemy-l06mljRwe1A-unsplash404.jpg'),
(653, 402, 'engin-akyurt-jaZoffxg1yc-unsplash404402.jpg'),
(654, 402, 'yan-berthemy-l06mljRwe1A-unsplash404402.jpg'),
(655, 400, 'kelsey-k-ojpQgRBLLyA-unsplash400.jpg'),
(656, 398, 'brian-lundquist-KVAZCI2nrj4-unsplash398.jpg'),
(657, 399, 'brian-lundquist-KVAZCI2nrj4-unsplash399.jpg'),
(658, 396, 'engin-akyurt-RSm7GBuMqos-unsplash396.jpg'),
(659, 394, 'engin-akyurt-RSm7GBuMqos-unsplash394.jpg'),
(660, 183, 'tyler-nix-lXIsasybxdQ-unsplash183.jpg'),
(661, 91, 'mitch-kemp-O2rHKXWTqP8-unsplash91.jpg'),
(662, 89, 'mitch-kemp-O2rHKXWTqP8-unsplash89.jpg'),
(663, 264, 'klim-musalimov-sluCTkK5SlY-unsplash264.jpg'),
(664, 264, 'nathan-dumlao-L9tx84SvBkw-unsplash264.jpg'),
(665, 262, 'nathan-dumlao-L9tx84SvBkw-unsplash262.jpg'),
(666, 262, 'klim-musalimov-sluCTkK5SlY-unsplash262.jpg'),
(667, 207, 'daniel-lincoln-OWGEhZxIdQ0-unsplash207.jpg'),
(668, 204, 'daniel-lincoln-OWGEhZxIdQ0-unsplash207204.jpg'),
(669, 206, 'alex-shaw-5Vllas5YYM0-unsplash206.jpg'),
(670, 203, 'alex-shaw-5Vllas5YYM0-unsplash203.jpg'),
(671, 208, 'johnathan-kaufman-AVvonmuCeOU-unsplash208.jpg'),
(672, 205, 'johnathan-kaufman-AVvonmuCeOU-unsplash208205.jpg'),
(673, 27, 'athletes-7508997_128027.jpg'),
(674, 27, 'wood-3094281_128027.jpg'),
(675, 29, 'abdul-basit-E5eVqny5l6A-unsplash29.jpg'),
(676, 31, 'minna-hamalainen-WlxYBcpciU8-unsplash31.jpg'),
(677, 18, 'ian-dooley-TT-ROxWj9nA-unsplash18.jpg'),
(678, 19, 'vanessa-serpas-YHRilCaogJw-unsplash19.jpg'),
(679, 20, 'man-5700198_128020.jpg'),
(680, 23, 'roman-holoschchuk-vZ9jVtV56as-unsplash23.jpg'),
(681, 22, 'monica-dahiya-597H22lgcdo-unsplash22.jpg'),
(682, 22, 'allef-vinicius-37l3ap7rouo-unsplash22.jpg'),
(683, 268, 'people-2600262_1280268.jpg'),
(684, 268, 'people-6889599_1280614268.jpg'),
(685, 266, 'people-2600262_1280268266.jpg'),
(686, 266, 'people-6889599_1280266.jpg'),
(687, 267, 'jack-o-hara-sYLf_AwipRI-unsplash267.jpg'),
(688, 265, 'jack-o-hara-sYLf_AwipRI-unsplash265.jpg'),
(689, 277, 'evelina-friman-XyKX2wJ1jkI-unsplash277.jpg'),
(690, 277, 'mahdi-bafande-LXlnrIwLl4Y-unsplash277.jpg'),
(691, 274, 'evelina-friman-XyKX2wJ1jkI-unsplash274.jpg'),
(692, 274, 'mahdi-bafande-LXlnrIwLl4Y-unsplash274.jpg'),
(693, 328, 'ian-dooley-kkj9iKxsdhY-unsplash328.jpg'),
(694, 328, 'meysam-jarahkar-NMYG69BG_Jg-unsplash328.jpg'),
(695, 324, 'ian-dooley-kkj9iKxsdhY-unsplash324.jpg'),
(696, 324, 'meysam-jarahkar-NMYG69BG_Jg-unsplash324.jpg'),
(697, 322, 'ian-dooley-kkj9iKxsdhY-unsplash322.jpg'),
(698, 322, 'man-8223328_1280322.jpg'),
(699, 326, 'ian-dooley-kkj9iKxsdhY-unsplash326.jpg'),
(700, 326, 'meysam-jarahkar-NMYG69BG_Jg-unsplash326.jpg'),
(701, 327, 'mediamodifier-fTDWpCxLA0k-unsplash327.jpg'),
(702, 327, 'sahil-moosa-s27B05TjXxw-unsplash327.jpg'),
(703, 327, 't-shirt-1278404_1280327.jpg'),
(704, 323, 'mediamodifier-fTDWpCxLA0k-unsplash323.jpg'),
(705, 323, 'sahil-moosa-s27B05TjXxw-unsplash323.jpg'),
(706, 321, 'mediamodifier-fTDWpCxLA0k-unsplash321.jpg'),
(707, 321, 'sahil-moosa-s27B05TjXxw-unsplash321.jpg'),
(708, 325, 'mediamodifier-fTDWpCxLA0k-unsplash325.jpg'),
(709, 325, 'sahil-moosa-s27B05TjXxw-unsplash325.jpg'),
(710, 332, 'jusdevoyage-nvZ4NubOIZE-unsplash332.jpg'),
(711, 332, 'kevin-gil-musngi-n42oEca5WXI-unsplash332.jpg'),
(712, 330, 'jusdevoyage-nvZ4NubOIZE-unsplash330.jpg'),
(713, 330, 'kevin-gil-musngi-n42oEca5WXI-unsplash330.jpg'),
(714, 334, 'jusdevoyage-nvZ4NubOIZE-unsplash334.jpg'),
(715, 334, 'kevin-gil-musngi-n42oEca5WXI-unsplash334.jpg'),
(716, 331, 'kobu-agency-3sszEuAA_Ks-unsplash331.jpg'),
(717, 331, 'kobu-agency-uNsuVTlasLo-unsplash331.jpg'),
(718, 329, 'kobu-agency-3sszEuAA_Ks-unsplash329.jpg'),
(719, 329, 'kobu-agency-uNsuVTlasLo-unsplash329.jpg'),
(720, 333, 'kobu-agency-3sszEuAA_Ks-unsplash333.jpg'),
(721, 333, 'kobu-agency-uNsuVTlasLo-unsplash333.jpg'),
(722, 337, 'lkszy-dgtl-oK7agFHGIhk-unsplash337.jpg'),
(723, 337, 'malcolm-brostrom-Vt9QbB6iAyI-unsplash337.jpg'),
(724, 335, 'lkszy-dgtl-oK7agFHGIhk-unsplash335.jpg'),
(725, 335, 'malcolm-brostrom-Vt9QbB6iAyI-unsplash335.jpg'),
(726, 338, 'alireza-attari-srx8Cax6QBc-unsplash338.jpg'),
(727, 338, 'malcolm-brostrom-Vt9QbB6iAyI-unsplash338.jpg'),
(728, 336, 'alireza-attari-srx8Cax6QBc-unsplash336.jpg'),
(729, 336, 'firdaus-roslan-JzAgQ3pHUCw-unsplash336.jpg');

-- --------------------------------------------------------

--
-- テーブルの構造 `search`
--

CREATE TABLE `search` (
  `searchText` varchar(255) NOT NULL,
  `search_count` int(11) NOT NULL
) ENGINE=InnoDB DEFAULT CHARSET=utf8mb4 COLLATE=utf8mb4_general_ci;

--
-- テーブルのデータのダンプ `search`
--

INSERT INTO `search` (`searchText`, `search_count`) VALUES
('シャツ', 2),
('シャツ　白　新品　FREE', 5),
('メンズ', 1);

-- --------------------------------------------------------

--
-- テーブルの構造 `seller`
--

CREATE TABLE `seller` (
  `seller_id` varchar(255) NOT NULL,
  `sellerName` varchar(255) NOT NULL,
  `pass` varchar(255) NOT NULL,
  `seller_status` tinyint(1) NOT NULL DEFAULT 1,
  `create_at` timestamp NOT NULL DEFAULT current_timestamp(),
  `sellerPhone` varchar(16) NOT NULL,
  `email` varchar(255) NOT NULL,
  `icon` varchar(255) DEFAULT NULL
) ENGINE=InnoDB DEFAULT CHARSET=utf8mb4 COLLATE=utf8mb4_general_ci;

--
-- テーブルのデータのダンプ `seller`
--

INSERT INTO `seller` (`seller_id`, `sellerName`, `pass`, `seller_status`, `create_at`, `sellerPhone`, `email`, `icon`) VALUES
('matchacp', 'matcha', '$2y$10$FP6Fymb4mYqFRag8Zi2bTuzoKa.YfYSwJGicg6L9MGGRx4FtSeIeq', 1, '2023-12-12 02:43:52', '0612345670', '', NULL),
('test_bank', 'テスト垢', '$2y$10$WMJXN12rmz6DNgJ9Xbq0gu8zjugUF0Pnor3/FVw61gxe/hzmzh6F.', 1, '2023-10-25 14:14:47', '0612345679', '2312067@i-seifu.jp', NULL);

-- --------------------------------------------------------

--
-- テーブルの構造 `small_category`
--

CREATE TABLE `small_category` (
  `small_category` int(11) NOT NULL,
  `category_id` int(11) NOT NULL,
  `small_category_name` varchar(255) DEFAULT NULL
) ENGINE=InnoDB DEFAULT CHARSET=utf8mb4 COLLATE=utf8mb4_general_ci;

--
-- テーブルのデータのダンプ `small_category`
--

INSERT INTO `small_category` (`small_category`, `category_id`, `small_category_name`) VALUES
(1, 1, 'Tシャツ/カットソー(半袖/袖なし)'),
(2, 1, 'シャツ/ブラウス(半袖/袖なし)'),
(3, 1, 'ポロシャツ'),
(4, 1, 'ニット/セーター'),
(5, 1, 'パーカー'),
(6, 1, 'トレーナー/スウェット'),
(7, 1, 'ジャージ'),
(8, 1, 'その他'),
(9, 2, 'レザージャケット'),
(10, 2, 'ダウンベスト'),
(11, 2, 'ジャンパー/ブルゾン'),
(12, 2, 'ロングコート'),
(13, 2, 'トレンチコート'),
(14, 2, 'ピーコート'),
(15, 2, 'チェスターコート'),
(16, 2, 'モッズコート'),
(17, 2, 'スタジャン'),
(18, 2, '毛皮/ファーコート'),
(19, 2, 'スプリングコート'),
(20, 2, 'スカジャン'),
(21, 2, 'その他'),
(22, 3, 'デニム/ジーンズ'),
(23, 3, 'ショートパンツ'),
(24, 3, 'カジュアルパンツ'),
(25, 3, 'ハーフパンツ'),
(26, 3, 'チノパン'),
(27, 3, 'ワークパンツ/カーゴパンツ'),
(28, 3, 'クロップドパンツ'),
(29, 3, 'サロペット/オーバーオール'),
(30, 3, 'オールインワン'),
(31, 3, 'サルエルパンツ'),
(32, 3, 'ガウチョパンツ'),
(33, 3, 'その他'),
(34, 4, 'ミニスカート'),
(35, 4, 'ひざ丈スカート'),
(36, 4, 'ロングスカート'),
(37, 4, 'キュロット'),
(38, 4, 'その他'),
(39, 5, 'ミニワンピース'),
(40, 5, 'ひざ丈ワンピース'),
(41, 5, 'ロングワンピース'),
(42, 5, 'その他'),
(43, 6, 'ハイヒール/パンプス'),
(44, 6, 'ブーツ'),
(45, 6, 'サンダル'),
(46, 6, 'スニーカー'),
(47, 6, 'ミュール'),
(48, 6, 'モカシン'),
(49, 6, 'ローファー/革靴'),
(50, 6, 'フラットシューズ/バレエシューズ'),
(51, 6, '長靴/レインシューズ'),
(52, 6, 'その他'),
(53, 7, 'ルームウェア'),
(54, 7, 'パジャマ'),
(55, 8, 'ソックス'),
(56, 8, 'スパッツ/レギンス'),
(57, 8, 'ストッキング/タイツ'),
(58, 8, 'レッグウォーマー'),
(59, 8, 'その他'),
(60, 9, 'ニットキャップ/ビーニー'),
(61, 9, 'ハット'),
(62, 9, 'ハンチング/ベレー帽'),
(63, 9, 'キャップ'),
(64, 9, 'キャスケット'),
(65, 9, '麦わら帽子'),
(66, 9, 'その他'),
(67, 10, 'ハンドバッグ'),
(68, 10, 'トートバッグ'),
(69, 10, 'エコバッグ'),
(70, 10, 'リュック/バックパック'),
(71, 10, 'ボストンバッグ'),
(72, 10, 'スポーツバッグ'),
(73, 10, 'ショルダーバッグ'),
(74, 10, 'クラッチバッグ'),
(75, 10, 'ポーチ/バニティ'),
(76, 10, 'ボディバッグ/ウェストバッグ'),
(77, 10, 'マザーズバッグ'),
(78, 10, 'メッセンジャーバッグ'),
(79, 10, 'ビジネスバッグ'),
(80, 10, '旅行用バッグ/キャリーバッグ'),
(81, 10, 'ショップ袋'),
(82, 10, '和装用バッグ'),
(83, 10, 'かごバッグ'),
(84, 10, 'その他'),
(85, 11, 'ネックレス'),
(86, 11, 'ブレスレット'),
(87, 11, 'バングル/リストバンド'),
(88, 11, 'リング'),
(89, 11, 'ピアス(片耳用)'),
(90, 11, 'ピアス(両耳用)'),
(91, 11, 'イヤリング'),
(92, 11, 'アンクレット'),
(93, 11, 'ブローチ/コサージュ'),
(94, 11, 'その他'),
(95, 12, 'ヘアゴム/シュシュ'),
(96, 12, 'ヘアバンド/カチューシャ'),
(97, 12, 'ヘアピン'),
(98, 12, 'その他'),
(99, 13, '長財布'),
(100, 13, '折り財布'),
(101, 13, 'コインケース/小銭入れ'),
(102, 13, '名刺入れ/定期入れ'),
(103, 13, 'キーケース'),
(104, 13, 'キーホルダー'),
(105, 13, '手袋/アームカバー'),
(106, 13, 'ハンカチ'),
(107, 13, 'ベルト'),
(108, 13, 'マフラー/ショール'),
(109, 13, 'ストール/スヌード'),
(110, 13, 'バンダナ/スカーフ'),
(111, 13, 'ネックウォーマー'),
(112, 13, 'サスペンダー'),
(113, 13, 'サングラス/メガネ'),
(114, 13, 'モバイルケース/カバー'),
(115, 13, '手帳'),
(116, 13, 'イヤマフラー'),
(117, 13, '傘'),
(118, 13, 'レインコート/ポンチョ'),
(119, 13, 'ミラー'),
(120, 13, 'タバコグッズ'),
(121, 13, 'その他'),
(122, 14, '腕時計(アナログ)'),
(123, 14, '腕時計(デジタル)'),
(124, 14, 'ラバーベルト'),
(125, 14, 'レザーベルト'),
(126, 14, '金属ベルト'),
(127, 14, 'その他'),
(128, 15, '前髪ウィッグ'),
(129, 15, 'ロングストレート'),
(130, 15, 'ロングカール'),
(131, 15, 'ショートストレート'),
(132, 15, 'ショートカール'),
(133, 15, 'その他'),
(134, 16, '浴衣'),
(135, 16, '着物'),
(136, 16, '振袖'),
(137, 16, '長襦袢/半襦袢'),
(138, 16, '水着セパレート'),
(139, 16, '水着ワンピース'),
(140, 16, '水着スポーツ用'),
(141, 16, 'その他'),
(142, 17, 'スカートスーツ上下'),
(143, 17, 'パンツスーツ上下'),
(144, 17, 'ドレス'),
(145, 17, 'パーティーバッグ'),
(146, 17, 'シューズ'),
(147, 17, 'ウェディング'),
(148, 17, 'その他'),
(149, 18, 'トップス'),
(150, 18, 'アウター'),
(151, 18, 'インナー'),
(152, 18, 'ワンピース'),
(153, 18, 'パンツ/スパッツ'),
(154, 18, 'スカート'),
(155, 18, 'パジャマ'),
(156, 18, '授乳服'),
(157, 18, 'その他'),
(158, 19, 'コスプレ'),
(159, 19, '下着'),
(160, 19, 'その他'),
(161, 20, 'Tシャツ/カットソー(半袖/袖なし)'),
(162, 20, 'Tシャツ/カットソー(七分/長袖)'),
(163, 20, 'シャツ'),
(164, 20, 'ポロシャツ'),
(165, 20, 'タンクトップ'),
(166, 20, 'ニット/セーター'),
(167, 20, 'パーカー'),
(168, 20, 'カーディガン'),
(169, 20, 'スウェット'),
(170, 20, 'ジャージ'),
(171, 20, 'ベスト'),
(172, 20, 'その他'),
(173, 21, 'テーラードジャケット'),
(174, 21, 'ノーカラージャケット'),
(175, 21, 'Gジャン/デニムジャケット'),
(176, 21, 'レザージャケット'),
(177, 21, 'ダウンジャケット'),
(178, 21, 'ダウンジャケット'),
(179, 21, 'ライダースジャケット'),
(180, 21, 'ミリタリージャケット'),
(181, 21, 'ナイロンジャケット'),
(182, 21, 'ナイロンジャケット'),
(183, 21, 'フライトジャケット'),
(184, 21, 'ダッフルコート'),
(185, 21, 'ダッフルコート'),
(186, 21, 'ピーコート'),
(187, 21, 'ステンカラーコート'),
(188, 21, 'トレンチコート'),
(189, 21, 'トレンチコート'),
(190, 21, 'モッズコート'),
(191, 21, 'チェスターコート'),
(192, 21, 'スタジャン'),
(193, 21, 'スカジャン'),
(194, 21, 'ブルゾン'),
(195, 21, 'マウンテンパーカー'),
(196, 21, 'ダウンベスト'),
(197, 21, 'ポンチョ'),
(198, 21, 'カバーオール'),
(199, 21, 'その他'),
(200, 22, 'デニム/ジーンズ'),
(201, 22, 'ワークパンツ/カーゴパンツ'),
(202, 22, 'スラックス'),
(203, 22, 'デニム/ジーンズ'),
(204, 22, 'ワークパンツ/カーゴパンツ'),
(205, 22, 'スラックス'),
(206, 22, 'チノパン'),
(207, 22, 'ショートパンツ'),
(208, 22, 'ペインターパンツ'),
(209, 22, 'サルエルパンツ'),
(210, 22, 'オーバーオール'),
(211, 22, 'その他'),
(212, 23, 'スニーカー'),
(213, 23, 'サンダル'),
(214, 23, 'ブーツ'),
(215, 23, 'モカシン'),
(216, 23, 'ドレス/ビジネス'),
(217, 23, '長靴/レインシューズ'),
(218, 23, 'デッキシューズ'),
(219, 24, 'ショルダーバッグ'),
(220, 24, 'トートバッグ'),
(221, 24, 'ボストンバッグ'),
(222, 24, 'リュック/バックパック'),
(223, 24, 'ウエストポーチ'),
(224, 24, 'ボディーバッグ'),
(225, 24, 'ドラムバッグ'),
(226, 24, 'ビジネスバッグ'),
(227, 24, 'トラベルバッグ'),
(228, 24, 'メッセンジャーバッグ'),
(229, 24, 'エコバッグ'),
(230, 24, 'その他'),
(231, 24, 'スーツジャケット'),
(232, 24, 'スーツベスト'),
(233, 24, 'スラックス'),
(234, 24, 'セットアップ'),
(235, 24, 'その他'),
(236, 25, 'スーツ/ジャケット・ベスト'),
(237, 25, 'スラックス'),
(238, 25, 'セットアップ'),
(239, 25, 'その他'),
(240, 26, 'キャップ'),
(241, 26, 'ハット'),
(242, 26, 'ニットキャップ/ビーニー'),
(243, 26, 'ハンチング/ベレー帽'),
(244, 26, 'キャスケット'),
(245, 26, 'サンバイザー'),
(246, 26, 'その他'),
(247, 27, 'ネックレス'),
(248, 27, 'ブレスレット'),
(249, 27, 'バングル/リストバンド'),
(250, 27, 'リング'),
(251, 27, 'ピアス(片耳用)'),
(252, 27, 'ピアス(両耳用)'),
(253, 27, 'アンクレット'),
(254, 27, 'その他'),
(255, 28, '長財布'),
(256, 28, '折り財布'),
(257, 28, 'マネークリップ'),
(258, 28, 'コインケース/小銭入れ'),
(259, 28, '名刺入れ/定期入れ'),
(260, 28, 'キーケース'),
(261, 28, 'キーホルダー'),
(262, 28, 'ネクタイ'),
(263, 28, '手袋'),
(264, 28, 'ハンカチ'),
(265, 28, 'ベルト'),
(266, 28, 'マフラー'),
(267, 28, 'ストール'),
(268, 28, 'バンダナ'),
(269, 28, 'ネックウォーマー'),
(270, 28, 'サスペンダー'),
(271, 28, 'ウォレットチェーン'),
(272, 28, 'サングラス/メガネ'),
(273, 28, 'モバイルケース/カバー'),
(274, 28, '手帳'),
(275, 28, 'ストラップ'),
(276, 28, 'ネクタイピン'),
(277, 28, 'カフリンクス'),
(278, 28, 'イヤマフラー'),
(279, 28, '傘'),
(280, 28, 'レインコート'),
(281, 28, 'ミラー'),
(282, 28, 'タバコグッズ'),
(283, 28, 'その他'),
(284, 29, '腕時計(アナログ)'),
(285, 29, '腕時計(デジタル)'),
(286, 29, 'ラバーベルト'),
(287, 29, 'レザーベルト'),
(288, 29, '金属ベルト'),
(289, 29, 'その他'),
(290, 30, '一般水着'),
(291, 30, 'スポーツ用'),
(292, 30, 'アクセサリー'),
(293, 30, 'その他'),
(294, 31, 'ソックス'),
(295, 31, 'レギンス/スパッツ'),
(296, 31, 'レッグウォーマー'),
(297, 31, 'その他'),
(298, 32, 'トランクス'),
(299, 32, 'ボクサーパンツ'),
(300, 32, 'その他');

-- --------------------------------------------------------

--
-- テーブルの構造 `users`
--

CREATE TABLE `users` (
  `user_id` varchar(255) NOT NULL,
  `username` varchar(255) DEFAULT NULL,
  `pass` varchar(255) NOT NULL,
  `phone` varchar(16) NOT NULL,
  `email` varchar(255) NOT NULL,
  `create_at` timestamp NOT NULL DEFAULT current_timestamp(),
  `user_status` tinyint(1) NOT NULL DEFAULT 1,
  `icon` varchar(255) DEFAULT NULL
) ENGINE=InnoDB DEFAULT CHARSET=utf8mb4 COLLATE=utf8mb4_general_ci;

--
-- テーブルのデータのダンプ `users`
--

INSERT INTO `users` (`user_id`, `username`, `pass`, `phone`, `email`, `create_at`, `user_status`, `icon`) VALUES
('mu_rata', 'mura_ta', '$2y$10$QMSH3dzKc01LI8BJlVYjIOYMtPy0ffzQneSHZ/epcvRd0USqubAoS', '00000000000', 'tanim4582@gmail.com', '2024-01-19 13:51:48', 1, NULL),
('test_user', 'テストユーザー', '$2y$10$d2iU/xGLRhWX747O0Z3iieqyCy8tmw4qI6n0N3ewxyHkiD6J9Jqry', '0612345678', '2312067@i-seifu.jp', '2023-10-27 13:13:05', 1, NULL);

--
-- ダンプしたテーブルのインデックス
--

--
-- テーブルのインデックス `address`
--
ALTER TABLE `address`
  ADD PRIMARY KEY (`address_id`),
  ADD KEY `user_id` (`user_id`),
  ADD KEY `seller_id` (`seller_id`);

--
-- テーブルのインデックス `big_category`
--
ALTER TABLE `big_category`
  ADD PRIMARY KEY (`big_category_id`);

--
-- テーブルのインデックス `cart`
--
ALTER TABLE `cart`
  ADD PRIMARY KEY (`user_id`,`product_id`,`color_size_id`),
  ADD KEY `product_id` (`product_id`),
  ADD KEY `user_id` (`user_id`),
  ADD KEY `color_size_id` (`color_size_id`);

--
-- テーブルのインデックス `category`
--
ALTER TABLE `category`
  ADD PRIMARY KEY (`category_id`),
  ADD KEY `big_category_id` (`big_category_id`);

--
-- テーブルのインデックス `chatrooms`
--
ALTER TABLE `chatrooms`
  ADD PRIMARY KEY (`room_id`),
  ADD KEY `user_id` (`user_id`),
  ADD KEY `seller_id` (`seller_id`);

--
-- テーブルのインデックス `color_name`
--
ALTER TABLE `color_name`
  ADD PRIMARY KEY (`color_code`,`colorName`);

--
-- テーブルのインデックス `color_size`
--
ALTER TABLE `color_size`
  ADD PRIMARY KEY (`product_id`,`color_code`,`size`),
  ADD KEY `product_id` (`product_id`),
  ADD KEY `color_size_id` (`color_size_id`);

--
-- テーブルのインデックス `favorite`
--
ALTER TABLE `favorite`
  ADD PRIMARY KEY (`user_id`,`product_id`,`color_size_id`),
  ADD KEY `product_id` (`product_id`),
  ADD KEY `color_size_id` (`color_size_id`);

--
-- テーブルのインデックス `messages`
--
ALTER TABLE `messages`
  ADD PRIMARY KEY (`message_id`),
  ADD KEY `room_id` (`room_id`),
  ADD KEY `user_id` (`user_id`),
  ADD KEY `seller_id` (`seller_id`);

--
-- テーブルのインデックス `orders`
--
ALTER TABLE `orders`
  ADD PRIMARY KEY (`order_id`),
  ADD KEY `user_id` (`user_id`);

--
-- テーブルのインデックス `orders_detail`
--
ALTER TABLE `orders_detail`
  ADD KEY `product_id` (`product_id`),
  ADD KEY `color_size_id` (`color_size_id`);

--
-- テーブルのインデックス `pay`
--
ALTER TABLE `pay`
  ADD PRIMARY KEY (`user_id`);

--
-- テーブルのインデックス `pay_history`
--
ALTER TABLE `pay_history`
  ADD PRIMARY KEY (`pay_id`),
  ADD KEY `user_id` (`user_id`);

--
-- テーブルのインデックス `pay_history2`
--
ALTER TABLE `pay_history2`
  ADD PRIMARY KEY (`pay2_id`),
  ADD KEY `user_id` (`user_id`);

--
-- テーブルのインデックス `products`
--
ALTER TABLE `products`
  ADD PRIMARY KEY (`product_id`),
  ADD KEY `big_category_id` (`big_category_id`),
  ADD KEY `category_id` (`category_id`),
  ADD KEY `small_category` (`small_category`),
  ADD KEY `seller_id` (`seller_id`);

--
-- テーブルのインデックス `products_img`
--
ALTER TABLE `products_img`
  ADD PRIMARY KEY (`img_id`),
  ADD KEY `color_size_id` (`color_size_id`);

--
-- テーブルのインデックス `search`
--
ALTER TABLE `search`
  ADD PRIMARY KEY (`searchText`);

--
-- テーブルのインデックス `seller`
--
ALTER TABLE `seller`
  ADD PRIMARY KEY (`seller_id`),
  ADD UNIQUE KEY `sellerPhone` (`sellerPhone`),
  ADD UNIQUE KEY `icon` (`icon`);

--
-- テーブルのインデックス `small_category`
--
ALTER TABLE `small_category`
  ADD PRIMARY KEY (`small_category`),
  ADD KEY `category_id` (`category_id`);

--
-- テーブルのインデックス `users`
--
ALTER TABLE `users`
  ADD PRIMARY KEY (`user_id`),
  ADD UNIQUE KEY `icon` (`icon`);

--
-- ダンプしたテーブルの AUTO_INCREMENT
--

--
-- テーブルの AUTO_INCREMENT `address`
--
ALTER TABLE `address`
  MODIFY `address_id` int(11) NOT NULL AUTO_INCREMENT, AUTO_INCREMENT=4;

--
-- テーブルの AUTO_INCREMENT `big_category`
--
ALTER TABLE `big_category`
  MODIFY `big_category_id` int(11) NOT NULL AUTO_INCREMENT, AUTO_INCREMENT=14;

--
-- テーブルの AUTO_INCREMENT `category`
--
ALTER TABLE `category`
  MODIFY `category_id` int(11) NOT NULL AUTO_INCREMENT, AUTO_INCREMENT=34;

--
-- テーブルの AUTO_INCREMENT `chatrooms`
--
ALTER TABLE `chatrooms`
  MODIFY `room_id` int(11) NOT NULL AUTO_INCREMENT, AUTO_INCREMENT=3;

--
-- テーブルの AUTO_INCREMENT `color_size`
--
ALTER TABLE `color_size`
  MODIFY `color_size_id` int(11) NOT NULL AUTO_INCREMENT, AUTO_INCREMENT=651;

--
-- テーブルの AUTO_INCREMENT `messages`
--
ALTER TABLE `messages`
  MODIFY `message_id` int(11) NOT NULL AUTO_INCREMENT, AUTO_INCREMENT=105;

--
-- テーブルの AUTO_INCREMENT `orders`
--
ALTER TABLE `orders`
  MODIFY `order_id` int(11) NOT NULL AUTO_INCREMENT, AUTO_INCREMENT=765;

--
-- テーブルの AUTO_INCREMENT `pay_history`
--
ALTER TABLE `pay_history`
  MODIFY `pay_id` int(11) NOT NULL AUTO_INCREMENT, AUTO_INCREMENT=4;

--
-- テーブルの AUTO_INCREMENT `pay_history2`
--
ALTER TABLE `pay_history2`
  MODIFY `pay2_id` int(11) NOT NULL AUTO_INCREMENT, AUTO_INCREMENT=4;

--
-- テーブルの AUTO_INCREMENT `products`
--
ALTER TABLE `products`
  MODIFY `product_id` int(11) NOT NULL AUTO_INCREMENT, AUTO_INCREMENT=180;

--
-- テーブルの AUTO_INCREMENT `products_img`
--
ALTER TABLE `products_img`
  MODIFY `img_id` int(11) NOT NULL AUTO_INCREMENT, AUTO_INCREMENT=730;

--
-- ダンプしたテーブルの制約
--

--
-- テーブルの制約 `address`
--
ALTER TABLE `address`
  ADD CONSTRAINT `address_ibfk_1` FOREIGN KEY (`user_id`) REFERENCES `users` (`user_id`),
  ADD CONSTRAINT `address_ibfk_2` FOREIGN KEY (`seller_id`) REFERENCES `seller` (`seller_id`);

--
-- テーブルの制約 `cart`
--
ALTER TABLE `cart`
  ADD CONSTRAINT `cart_ibfk_1` FOREIGN KEY (`user_id`) REFERENCES `users` (`user_id`),
  ADD CONSTRAINT `cart_ibfk_2` FOREIGN KEY (`color_size_id`) REFERENCES `color_size` (`color_size_id`);

--
-- テーブルの制約 `chatrooms`
--
ALTER TABLE `chatrooms`
  ADD CONSTRAINT `chatrooms_ibfk_1` FOREIGN KEY (`user_id`) REFERENCES `users` (`user_id`),
  ADD CONSTRAINT `chatrooms_ibfk_2` FOREIGN KEY (`seller_id`) REFERENCES `seller` (`seller_id`);

--
-- テーブルの制約 `color_size`
--
ALTER TABLE `color_size`
  ADD CONSTRAINT `color_size_ibfk_1` FOREIGN KEY (`product_id`) REFERENCES `products` (`product_id`);

--
-- テーブルの制約 `favorite`
--
ALTER TABLE `favorite`
  ADD CONSTRAINT `favorite_ibfk_1` FOREIGN KEY (`user_id`) REFERENCES `users` (`user_id`),
  ADD CONSTRAINT `favorite_ibfk_2` FOREIGN KEY (`product_id`) REFERENCES `products` (`product_id`),
  ADD CONSTRAINT `favorite_ibfk_3` FOREIGN KEY (`color_size_id`) REFERENCES `color_size` (`color_size_id`);

--
-- テーブルの制約 `messages`
--
ALTER TABLE `messages`
  ADD CONSTRAINT `messages_ibfk_1` FOREIGN KEY (`room_id`) REFERENCES `chatrooms` (`room_id`),
  ADD CONSTRAINT `messages_ibfk_2` FOREIGN KEY (`user_id`) REFERENCES `users` (`user_id`),
  ADD CONSTRAINT `messages_ibfk_3` FOREIGN KEY (`seller_id`) REFERENCES `seller` (`seller_id`);

--
-- テーブルの制約 `orders`
--
ALTER TABLE `orders`
  ADD CONSTRAINT `orders_ibfk_1` FOREIGN KEY (`user_id`) REFERENCES `users` (`user_id`);

--
-- テーブルの制約 `orders_detail`
--
ALTER TABLE `orders_detail`
  ADD CONSTRAINT `orders_detail_ibfk_1` FOREIGN KEY (`product_id`) REFERENCES `products` (`product_id`),
  ADD CONSTRAINT `orders_detail_ibfk_2` FOREIGN KEY (`color_size_id`) REFERENCES `color_size` (`color_size_id`);

--
-- テーブルの制約 `pay_history`
--
ALTER TABLE `pay_history`
  ADD CONSTRAINT `pay_history_ibfk_1` FOREIGN KEY (`user_id`) REFERENCES `users` (`user_id`);

--
-- テーブルの制約 `pay_history2`
--
ALTER TABLE `pay_history2`
  ADD CONSTRAINT `pay_history2_ibfk_1` FOREIGN KEY (`user_id`) REFERENCES `users` (`user_id`);

--
-- テーブルの制約 `products`
--
ALTER TABLE `products`
  ADD CONSTRAINT `products_ibfk_1` FOREIGN KEY (`seller_id`) REFERENCES `seller` (`seller_id`);

--
-- テーブルの制約 `products_img`
--
ALTER TABLE `products_img`
  ADD CONSTRAINT `products_img_ibfk_1` FOREIGN KEY (`color_size_id`) REFERENCES `color_size` (`color_size_id`);
COMMIT;

/*!40101 SET CHARACTER_SET_CLIENT=@OLD_CHARACTER_SET_CLIENT */;
/*!40101 SET CHARACTER_SET_RESULTS=@OLD_CHARACTER_SET_RESULTS */;
/*!40101 SET COLLATION_CONNECTION=@OLD_COLLATION_CONNECTION */;
