-- phpMyAdmin SQL Dump
-- version 5.2.1
-- https://www.phpmyadmin.net/
--
-- ホスト: 127.0.0.1
-- 生成日時: 2023-12-11 02:12:12
-- サーバのバージョン： 10.4.28-MariaDB
-- PHP のバージョン: 8.2.4

SET SQL_MODE = "NO_AUTO_VALUE_ON_ZERO";
START TRANSACTION;
SET time_zone = "+00:00";


/*!40101 SET @OLD_CHARACTER_SET_CLIENT=@@CHARACTER_SET_CLIENT */;
/*!40101 SET @OLD_CHARACTER_SET_RESULTS=@@CHARACTER_SET_RESULTS */;
/*!40101 SET @OLD_COLLATION_CONNECTION=@@COLLATION_CONNECTION */;
/*!40101 SET NAMES utf8mb4 */;

--
-- データベース: `complete`
--

-- --------------------------------------------------------

--
-- テーブルの構造 `color_size`
--

CREATE TABLE `color_size` (
  `product_id` int(11) NOT NULL,
  `color_code` varchar(7) NOT NULL,
  `size` varchar(10) NOT NULL,
  `pieces` int(11) NOT NULL,
  `price` int(11) NOT NULL,
  `color_size_id` int(11) NOT NULL
) ENGINE=InnoDB DEFAULT CHARSET=utf8mb4 COLLATE=utf8mb4_general_ci;

--
-- テーブルのデータのダンプ `color_size`
--

INSERT INTO `color_size` (`product_id`, `color_code`, `size`, `pieces`, `price`, `color_size_id`) VALUES
(1, '#313131', 'M', 2, 3, 2),
(1, '#AAB2BE', 'XL', 3, 4, 3),
(1, '#FFFFFF', 'M', 1, 2, 1),
(2, '#81604C', 'FREE', 1, 2, 4),
(3, '#FFFFFF', 'L', 1, 2, 5),
(4, '#313131', 'FREE', 1, 1, 7),
(4, '#313131', 'XL', 2, 2, 13),
(4, '#313131', 'XS', 2, 2, 10),
(4, '#81604C', 'XS', 2, 2, 11),
(4, '#AAB2BE', 'FREE', 1, 1, 8),
(4, '#AAB2BE', 'XL', 2, 2, 14),
(4, '#FFFFFF', 'FREE', 1, 1, 6),
(4, '#FFFFFF', 'XL', 2, 2, 12),
(4, '#FFFFFF', 'XS', 2, 2, 9),
(5, '#313131', 'FREE', 3, 4, 16),
(5, '#FFFFFF', 'FREE', 1, 2, 15),
(5, '#FFFFFF', 'XS', 5, 6, 17),
(7, '#313131', 'FREE', 20, 3000, 18),
(7, '#AAB2BE', 'FREE', 10, 2600, 19),
(7, '#EF5663', 'FREE', 15, 2500, 20),
(7, '#FFFFFF', 'FREE', 20, 2500, 21),
(8, '#313131', 'FREE', 20, 5000, 22),
(8, '#FFFFFF', 'FREE', 15, 6000, 23),
(9, '#313131', 'FREE', 50, 3000, 24),
(9, '#4DBEE9', 'FREE', 20, 3600, 25),
(9, '#EF5663', 'FREE', 45, 3400, 26),
(10, '#313131', 'FREE', 5, 5500, 27),
(10, '#4DBEE9', 'FREE', 5, 5500, 28),
(10, '#AAB2BE', 'FREE', 5, 5500, 29),
(10, '#EF5663', 'FREE', 5, 5500, 30),
(10, '#F8AFD7', 'FREE', 5, 5500, 31),
(10, '#FFFFFF', 'FREE', 5, 5500, 32),
(11, '#313131', 'L', 20, 2200, 33),
(11, '#313131', 'M', 15, 2200, 34),
(11, '#313131', 'S', 15, 2200, 35),
(11, '#FFFFFF', 'L', 20, 2200, 36),
(11, '#FFFFFF', 'M', 10, 2200, 37),
(11, '#FFFFFF', 'S', 20, 2200, 38),
(12, '#AD8EEF', 'FREE', 5, 2600, 39),
(12, '#F98140', 'FREE', 10, 3000, 40),
(13, '#313131', 'FREE', 20, 8000, 41),
(13, '#FFFFFF', 'FREE', 20, 8000, 42),
(14, '#9ED563', 'FREE', 30, 3500, 43),
(14, '#AAB2BE', 'FREE', 50, 4000, 44),
(15, '#313131', 'M', 15, 5000, 45),
(16, '#313131', 'FREE', 15, 3000, 46),
(16, '#FFFFFF', 'FREE', 10, 2500, 47),
(17, '#313131', 'FREE', 20, 3100, 48),
(17, '#FFFFFF', 'FREE', 20, 2500, 49),
(18, '#313131', 'FREE', 15, 2600, 50),
(18, '#FFFFFF', 'FREE', 5, 2600, 51),
(19, '#81604C', 'FREE', 20, 2500, 52),
(20, '#AAB2BE', 'FREE', 20, 2500, 53),
(21, '#313131', 'L', 10, 3500, 54),
(21, '#313131', 'XL', 10, 3500, 55),
(21, '#FFFFFF', 'L', 10, 3500, 56),
(21, '#FFFFFF', 'XL', 10, 3500, 57),
(22, '#313131', 'L', 10, 5500, 58),
(22, '#313131', 'XL', 10, 5500, 59),
(22, '#FFFFFF', 'L', 10, 5500, 60),
(22, '#FFFFFF', 'XL', 10, 5500, 61),
(23, '#313131', 'FREE', 10, 5000, 62),
(23, '#AAB2BE', 'FREE', 10, 5000, 63),
(24, '#313131', 'L', 15, 3200, 64),
(24, '#313131', 'XL', 15, 3400, 65),
(24, '#FFFFFF', 'L', 15, 3200, 66),
(24, '#FFFFFF', 'XL', 20, 3300, 67),
(25, '#FFFFFF', 'FREE', 5, 2600, 68),
(26, '#313131', 'L', 15, 8600, 70),
(26, '#313131', 'M', 15, 8600, 69),
(27, '#313131', 'L', 20, 9800, 72),
(27, '#313131', 'M', 20, 9800, 71),
(28, '#81604C', 'L', 5, 10500, 75),
(28, '#81604C', 'M', 5, 10200, 74),
(28, '#81604C', 'S', 5, 10100, 73),
(29, '#313131', 'L', 15, 9500, 79),
(29, '#313131', 'M', 15, 9500, 76),
(29, '#81604C', 'L', 10, 8500, 81),
(29, '#81604C', 'M', 10, 8500, 78),
(29, '#9ED563', 'L', 5, 10200, 80),
(29, '#9ED563', 'M', 5, 10200, 77),
(30, '#313131', 'L', 5, 11500, 83),
(30, '#313131', 'M', 5, 11500, 82),
(31, '#313131', 'L', 15, 8800, 86),
(31, '#313131', 'S', 20, 8800, 84),
(31, '#81604C', 'L', 15, 8800, 87),
(31, '#81604C', 'S', 15, 8800, 85),
(32, '#313131', 'L', 15, 9700, 91),
(32, '#313131', 'M', 15, 9700, 89),
(32, '#81604C', 'L', 15, 9700, 90),
(32, '#81604C', 'M', 15, 9700, 88),
(33, '#313131', 'L', 15, 11000, 95),
(33, '#313131', 'M', 15, 10000, 92),
(33, '#4DBEE9', 'L', 20, 11000, 96),
(33, '#4DBEE9', 'M', 20, 10000, 93),
(33, '#81604C', 'L', 10, 11000, 97),
(33, '#81604C', 'M', 10, 10000, 94),
(34, '#313131', 'M', 10, 9900, 103),
(34, '#313131', 'S', 5, 9900, 100),
(34, '#EF5663', 'S', 5, 9900, 99),
(34, '#F8AFD7', 'M', 10, 9900, 101),
(34, '#F8AFD7', 'S', 5, 9900, 98),
(34, '#FED14C', 'M', 10, 9900, 102),
(35, '#313131', 'M', 15, 12000, 104),
(35, '#81604C', 'M', 20, 12000, 105),
(36, '#313131', 'L', 20, 7500, 110),
(36, '#313131', 'M', 15, 7500, 107),
(36, '#81604C', 'L', 20, 7500, 111),
(36, '#81604C', 'M', 10, 7500, 108),
(36, '#FFFFFF', 'L', 15, 7500, 109),
(36, '#FFFFFF', 'M', 15, 7500, 106),
(37, '#313131', 'M', 10, 7500, 116),
(37, '#313131', 'S', 15, 7500, 113),
(37, '#81604C', 'M', 10, 7500, 117),
(37, '#81604C', 'S', 5, 7500, 114),
(37, '#FFFFFF', 'M', 15, 7500, 115),
(37, '#FFFFFF', 'S', 20, 7500, 112),
(38, '#313131', 'L', 15, 9800, 120),
(38, '#313131', 'M', 15, 9800, 118),
(38, '#FFFFFF', 'L', 15, 9800, 121),
(38, '#FFFFFF', 'M', 15, 9800, 119),
(39, '#313131', 'L', 20, 9800, 124),
(39, '#313131', 'M', 10, 9800, 123),
(39, '#FFFFFF', 'M', 20, 9800, 122),
(40, '#313131', 'L', 15, 8200, 129),
(40, '#313131', 'M', 15, 8200, 127),
(40, '#FFFFFF', 'L', 15, 8200, 128),
(40, '#FFFFFF', 'M', 15, 8200, 126),
(41, '#81604C', 'L', 15, 10500, 133),
(41, '#81604C', 'M', 20, 10500, 131),
(41, '#FFFFFF', 'L', 15, 10500, 132),
(41, '#FFFFFF', 'M', 20, 10500, 130),
(42, '#313131', 'M', 10, 8900, 138),
(42, '#313131', 'S', 15, 8900, 135),
(42, '#81604C', 'M', 10, 8900, 139),
(42, '#AAB2BE', 'S', 20, 8900, 136),
(42, '#FFFFFF', 'M', 10, 8900, 137),
(42, '#FFFFFF', 'S', 20, 8900, 134),
(43, '#313131', 'L', 20, 9000, 146),
(43, '#313131', 'M', 20, 9000, 141),
(43, '#4DBEE9', 'L', 20, 9000, 148),
(43, '#4DBEE9', 'M', 10, 9000, 143),
(43, '#81604C', 'L', 20, 9000, 149),
(43, '#81604C', 'M', 10, 9000, 144),
(43, '#9ED563', 'L', 15, 9000, 145),
(43, '#9ED563', 'M', 15, 9000, 140),
(43, '#FFFFFF', 'L', 20, 9000, 147),
(43, '#FFFFFF', 'M', 10, 9000, 142),
(44, '#313131', 'M', 10, 7800, 152),
(44, '#313131', 'S', 20, 7800, 150),
(44, '#81604C', 'M', 15, 7800, 153),
(44, '#81604C', 'S', 15, 7800, 151),
(45, '#81604C', 'L', 20, 12500, 155),
(45, '#81604C', 'M', 20, 12500, 154),
(46, '#313131', 'L', 20, 14800, 157),
(46, '#313131', 'M', 20, 14800, 156),
(47, '#81604C', 'L', 20, 12500, 159),
(47, '#81604C', 'M', 20, 12500, 158),
(48, '#AAB2BE', 'L', 20, 13200, 163),
(48, '#AAB2BE', 'M', 20, 13200, 161),
(48, '#FFFFFF', 'L', 20, 13200, 162),
(48, '#FFFFFF', 'M', 20, 13200, 160),
(49, '#81604C', 'L', 15, 11500, 166),
(49, '#81604C', 'M', 20, 11500, 164),
(49, '#AAB2BE', 'L', 15, 11500, 167),
(49, '#AAB2BE', 'M', 20, 11500, 165),
(50, '#313131', 'M', 15, 13800, 171),
(50, '#313131', 'S', 15, 13800, 169),
(50, '#FFFFFF', 'M', 20, 13800, 170),
(50, '#FFFFFF', 'S', 20, 13800, 168),
(51, '#313131', 'L', 20, 16200, 175),
(51, '#313131', 'M', 20, 16200, 173),
(51, '#AAB2BE', 'L', 20, 16200, 174),
(51, '#AAB2BE', 'M', 20, 16200, 172),
(52, '#313131', 'L', 20, 12900, 177),
(52, '#81604C', 'L', 15, 12900, 178),
(52, '#FFFFFF', 'L', 20, 12900, 176),
(53, '#9ED563', 'L', 20, 14000, 180),
(53, '#E0D1AD', 'L', 20, 14000, 181),
(53, '#FFFFFF', 'L', 20, 14000, 179),
(54, '#9ED563', 'L', 20, 13500, 183),
(54, '#EF5663', 'L', 20, 13500, 184),
(54, '#FFFFFF', 'L', 20, 13500, 182),
(55, '#313131', 'L', 15, 12700, 185),
(55, '#81604C', 'L', 15, 12700, 186),
(56, '#313131', 'L', 15, 2000, 189),
(56, '#313131', 'M', 20, 2000, 187),
(56, '#AAB2BE', 'L', 15, 2000, 190),
(56, '#AAB2BE', 'M', 20, 2000, 188),
(57, '#4DBEE9', 'L', 20, 2500, 192),
(57, '#4DBEE9', 'M', 20, 2500, 191),
(58, '#313131', 'L', 15, 2200, 195),
(58, '#313131', 'M', 20, 2200, 193),
(58, '#AAB2BE', 'L', 15, 2200, 196),
(58, '#AAB2BE', 'M', 20, 2200, 194),
(59, '#313131', 'L', 20, 3000, 200),
(59, '#313131', 'M', 20, 3000, 197),
(59, '#81604C', 'L', 20, 3000, 202),
(59, '#81604C', 'M', 15, 3000, 199),
(59, '#AAB2BE', 'L', 20, 3000, 201),
(59, '#AAB2BE', 'M', 20, 3000, 198),
(60, '#4DBEE9', 'L', 20, 2800, 207),
(60, '#4DBEE9', 'M', 20, 2800, 204),
(60, '#9ED563', 'L', 20, 2800, 206),
(60, '#9ED563', 'M', 20, 2800, 203),
(60, '#EF5663', 'L', 20, 2800, 208),
(60, '#EF5663', 'M', 20, 2800, 205),
(61, '#313131', 'L', 20, 2400, 211),
(61, '#313131', 'M', 20, 2400, 209),
(61, '#AAB2BE', 'L', 20, 2400, 212),
(61, '#AAB2BE', 'M', 20, 2400, 210),
(62, '#313131', 'L', 20, 2700, 216),
(62, '#313131', 'M', 20, 2700, 213),
(62, '#81604C', 'L', 20, 2700, 218),
(62, '#81604C', 'M', 20, 2700, 215),
(62, '#AAB2BE', 'L', 20, 2700, 217),
(62, '#AAB2BE', 'M', 20, 2700, 214),
(63, '#AAB2BE', 'L', 20, 2300, 222),
(63, '#AAB2BE', 'M', 2, 2300, 220),
(63, '#FFFFFF', 'L', 20, 2300, 221),
(63, '#FFFFFF', 'M', 20, 2300, 219),
(64, '#313131', 'L', 20, 2600, 224),
(64, '#313131', 'M', 20, 2600, 223),
(65, '#313131', 'L', 20, 2900, 228),
(65, '#313131', 'M', 2, 2900, 226),
(65, '#FFFFFF', 'L', 20, 2900, 227),
(65, '#FFFFFF', 'M', 20, 2900, 225),
(66, '#313131', 'L', 20, 2200, 232),
(66, '#313131', 'M', 2, 2200, 230),
(66, '#FFFFFF', 'L', 20, 2200, 231),
(66, '#FFFFFF', 'M', 20, 2200, 229),
(67, '#313131', 'L', 20, 2500, 236),
(67, '#313131', 'M', 20, 2500, 233),
(67, '#4DBEE9', 'L', 20, 2500, 238),
(67, '#4DBEE9', 'M', 20, 2500, 235),
(67, '#AAB2BE', 'L', 20, 2500, 237),
(67, '#AAB2BE', 'M', 20, 2500, 234),
(68, '#313131', 'L', 30, 2300, 241),
(68, '#313131', 'M', 20, 3200, 239),
(68, '#81604C', 'L', 30, 2300, 242),
(68, '#81604C', 'M', 20, 3200, 240),
(69, '#313131', 'L', 20, 2800, 246),
(69, '#313131', 'M', 20, 2800, 244),
(69, '#FFFFFF', 'L', 20, 2800, 245),
(69, '#FFFFFF', 'M', 20, 2800, 243),
(70, '#313131', 'L', 20, 3000, 252),
(70, '#313131', 'M', 20, 3000, 248),
(70, '#9ED563', 'L', 20, 3000, 253),
(70, '#9ED563', 'M', 20, 3000, 250),
(70, '#EF5663', 'L', 20, 3000, 254),
(70, '#EF5663', 'M', 30, 3000, 249),
(70, '#FFFFFF', 'L', 20, 3000, 251),
(70, '#FFFFFF', 'M', 20, 3000, 247),
(71, '#4DBEE9', 'L', 20, 2700, 259),
(71, '#4DBEE9', 'M', 20, 2700, 257),
(71, '#9ED563', 'L', 20, 2700, 258),
(71, '#9ED563', 'M', 20, 2700, 255),
(71, '#EF5663', 'L', 20, 2700, 260),
(71, '#EF5663', 'M', 20, 2700, 256),
(72, '#313131', 'L', 20, 2800, 264),
(72, '#313131', 'M', 20, 2800, 262),
(72, '#FFFFFF', 'L', 20, 2800, 263),
(72, '#FFFFFF', 'M', 20, 2800, 261),
(73, '#4DBEE9', 'L', 20, 2400, 268),
(73, '#4DBEE9', 'M', 20, 2400, 266),
(73, '#FFFFFF', 'L', 20, 2400, 267),
(73, '#FFFFFF', 'M', 20, 2400, 265),
(74, '#AAB2BE', 'L', 20, 2400, 270),
(74, '#AAB2BE', 'XL', 20, 2400, 272),
(74, '#FFFFFF', 'L', 20, 2400, 269),
(74, '#FFFFFF', 'XL', 20, 2400, 271),
(75, '#313131', 'L', 20, 2600, 277),
(75, '#313131', 'M', 20, 2600, 274),
(75, '#AAB2BE', 'L', 20, 2600, 278),
(75, '#AAB2BE', 'M', 20, 2600, 275),
(75, '#FFFFFF', 'L', 20, 2600, 276),
(75, '#FFFFFF', 'M', 20, 2600, 273),
(76, '#E0D1AD', 'L', 20, 9500, 280),
(76, '#E0D1AD', 'M', 20, 9500, 279),
(77, '#313131', 'S', 20, 1500, 282),
(77, '#FFFFFF', 'S', 20, 1500, 281),
(78, '#313131', 'M', 20, 1800, 286),
(78, '#313131', 'S', 20, 1800, 284),
(78, '#FFFFFF', 'M', 20, 1800, 285),
(78, '#FFFFFF', 'S', 20, 1800, 283),
(79, '#313131', 'M', 20, 2000, 292),
(79, '#313131', 'S', 20, 2000, 288),
(79, '#81604C', 'M', 20, 2000, 294),
(79, '#AAB2BE', 'M', 20, 2000, 293),
(79, '#AAB2BE', 'S', 20, 2000, 289),
(79, '#E0D1AD', 'S', 20, 2000, 290),
(79, '#FFFFFF', 'M', 20, 2000, 291),
(79, '#FFFFFF', 'S', 20, 2000, 287),
(80, '#313131', 'M', 20, 1300, 298),
(80, '#313131', 'S', 20, 1300, 296),
(80, '#FFFFFF', 'M', 20, 1300, 297),
(80, '#FFFFFF', 'S', 20, 1300, 295),
(81, '#313131', 'M', 20, 2200, 302),
(81, '#313131', 'S', 20, 2200, 300),
(81, '#FFFFFF', 'M', 20, 2200, 301),
(81, '#FFFFFF', 'S', 20, 2200, 299),
(82, '#313131', 'L', 20, 23, 308),
(82, '#313131', 'M', 20, 2300, 306),
(82, '#313131', 'S', 20, 2300, 304),
(82, '#FFFFFF', 'L', 20, 2300, 307),
(82, '#FFFFFF', 'M', 20, 2300, 305),
(82, '#FFFFFF', 'S', 20, 2300, 303),
(83, '#9ED563', 'M', 20, 2900, 311),
(83, '#9ED563', 'S', 20, 2900, 309),
(83, '#AAB2BE', 'M', 20, 2900, 312),
(83, '#AAB2BE', 'S', 20, 2900, 310),
(84, '#313131', 'M', 20, 2900, 318),
(84, '#313131', 'S', 20, 2900, 314),
(84, '#4DBEE9', 'M', 20, 2900, 320),
(84, '#4DBEE9', 'S', 20, 2900, 316),
(84, '#9ED563', 'M', 20, 2900, 319),
(84, '#9ED563', 'S', 20, 2900, 315),
(84, '#FFFFFF', 'M', 20, 2900, 317),
(84, '#FFFFFF', 'S', 20, 2900, 313),
(85, '#313131', '2XL', 20, 1800, 328),
(85, '#313131', 'L', 20, 1800, 324),
(85, '#313131', 'M', 20, 1800, 322),
(85, '#313131', 'XL', 20, 1800, 326),
(85, '#FFFFFF', '2XL', 20, 1800, 327),
(85, '#FFFFFF', 'L', 20, 1800, 323),
(85, '#FFFFFF', 'M', 20, 1800, 321),
(85, '#FFFFFF', 'XL', 20, 1800, 325),
(86, '#313131', 'L', 20, 1800, 332),
(86, '#313131', 'M', 20, 1800, 330),
(86, '#313131', 'XL', 20, 1800, 334),
(86, '#FFFFFF', 'L', 20, 1800, 331),
(86, '#FFFFFF', 'M', 20, 1800, 329),
(86, '#FFFFFF', 'XL', 20, 1800, 333),
(87, '#313131', 'L', 20, 2000, 337),
(87, '#313131', 'M', 20, 2000, 335),
(87, '#AAB2BE', 'L', 20, 2000, 338),
(87, '#AAB2BE', 'M', 20, 2000, 336),
(88, '#313131', 'L', 20, 1500, 342),
(88, '#313131', 'M', 20, 1500, 340),
(88, '#FFFFFF', 'L', 20, 1500, 341),
(88, '#FFFFFF', 'M', 20, 1500, 339),
(89, '#313131', 'L', 20, 2500, 346),
(89, '#313131', 'M', 20, 2500, 344),
(89, '#FFFFFF', 'L', 20, 2500, 345),
(89, '#FFFFFF', 'M', 20, 2500, 343),
(90, '#313131', 'L', 20, 2800, 351),
(90, '#313131', 'M', 20, 2800, 348),
(90, '#9ED563', 'L', 20, 2800, 352),
(90, '#9ED563', 'M', 20, 2800, 349),
(90, '#FFFFFF', 'L', 20, 2800, 350),
(90, '#FFFFFF', 'M', 20, 2800, 347),
(91, '#313131', 'L', 20, 2100, 357),
(91, '#313131', 'M', 20, 2100, 354),
(91, '#AAB2BE', 'L', 20, 2100, 358),
(91, '#AAB2BE', 'M', 20, 2100, 355),
(91, '#FFFFFF', 'L', 20, 2100, 356),
(91, '#FFFFFF', 'M', 20, 2100, 353),
(92, '#4DBEE9', 'L', 20, 2300, 365),
(92, '#4DBEE9', 'M', 20, 2300, 360),
(92, '#9ED563', 'L', 20, 2300, 364),
(92, '#9ED563', 'M', 20, 2300, 359),
(92, '#AD8EEF', 'L', 20, 2300, 366),
(92, '#AD8EEF', 'M', 20, 2300, 361),
(92, '#EF5663', 'L', 20, 2300, 368),
(92, '#F8AFD7', 'L', 20, 2300, 367),
(92, '#F8AFD7', 'M', 20, 2300, 362),
(92, '#F98140', 'M', 20, 2300, 363),
(93, '#9ED563', 'S', 20, 2000, 369),
(94, '#FFFFFF', 'FREE', 20, 5500, 370),
(95, '#313131', 'FREE', 5, 5900, 371),
(95, '#EF5663', 'FREE', 20, 5900, 373),
(95, '#F8AFD7', 'FREE', 20, 5900, 372),
(96, '#4DBEE9', 'FREE', 5, 8200, 374),
(97, '#313131', 'FREE', 5, 12000, 375),
(97, '#AAB2BE', 'FREE', 5, 12000, 376),
(98, '#FED14C', 'FREE', 50, 25000, 377),
(99, '#AAB2BE', 'M', 25, 2500, 381),
(99, '#AAB2BE', 'S', 20, 2500, 379),
(99, '#FFFFFF', 'M', 20, 2500, 380),
(99, '#FFFFFF', 'S', 20, 2500, 378),
(100, '#313131', 'M', 20, 3600, 385),
(100, '#313131', 'S', 20, 3500, 383),
(100, '#FFFFFF', 'M', 20, 3600, 384),
(100, '#FFFFFF', 'S', 20, 3600, 382),
(101, '#313131', 'M', 20, 3200, 389),
(101, '#313131', 'S', 20, 3200, 387),
(101, '#FFFFFF', 'M', 20, 3200, 388),
(101, '#FFFFFF', 'S', 20, 3200, 386),
(102, '#313131', 'M', 20, 3500, 392),
(102, '#313131', 'S', 20, 3500, 390),
(102, '#4DBEE9', 'M', 20, 3500, 393),
(102, '#4DBEE9', 'S', 20, 3500, 391),
(103, '#AD8EEF', 'M', 20, 4200, 396),
(103, '#AD8EEF', 'S', 20, 4200, 394),
(103, '#FED14C', 'M', 20, 4200, 397),
(103, '#FED14C', 'S', 20, 4200, 395),
(104, '#AAB2BE', 'M', 20, 3000, 400),
(104, '#AAB2BE', 'S', 20, 3000, 398),
(104, '#E0D1AD', 'M', 20, 3000, 401),
(104, '#E0D1AD', 'S', 20, 3000, 399),
(105, '#AAB2BE', 'M', 20, 3300, 405),
(105, '#AAB2BE', 'S', 20, 3300, 403),
(105, '#FFFFFF', 'M', 20, 3300, 404),
(105, '#FFFFFF', 'S', 20, 3300, 402),
(106, '#313131', 'L', 20, 18000, 409),
(106, '#313131', 'M', 20, 18000, 407),
(106, '#FFFFFF', 'L', 20, 18000, 408),
(106, '#FFFFFF', 'M', 20, 18000, 406),
(107, '#313131', 'L', 20, 22500, 412),
(107, '#313131', 'M', 20, 22500, 410),
(107, '#FFFFFF', 'L', 20, 22500, 413),
(107, '#FFFFFF', 'M', 20, 22500, 411),
(108, '#313131', 'L', 20, 22500, 416),
(108, '#313131', 'M', 20, 22500, 414),
(108, '#81604C', 'L', 20, 25500, 417),
(108, '#81604C', 'M', 20, 22500, 415),
(109, '#313131', 'L', 20, 20800, 421),
(109, '#313131', 'M', 20, 20800, 418),
(109, '#81604C', 'L', 20, 28000, 422),
(109, '#81604C', 'M', 20, 20800, 419),
(109, '#FFFFFF', 'L', 20, 28000, 423),
(109, '#FFFFFF', 'M', 30, 20800, 420),
(110, '#313131', 'L', 20, 25000, 427),
(110, '#313131', 'M', 20, 25000, 425),
(110, '#81604C', 'L', 20, 25000, 426),
(110, '#81604C', 'M', 20, 25000, 424),
(111, '#313131', 'L', 20, 28500, 430),
(111, '#313131', 'M', 20, 28500, 428),
(111, '#81604C', 'L', 20, 28500, 431),
(111, '#81604C', 'M', 20, 28500, 429),
(112, '#313131', 'L', 20, 28500, 434),
(112, '#313131', 'M', 20, 28500, 432),
(112, '#81604C', 'L', 20, 28500, 435),
(112, '#81604C', 'M', 20, 28500, 433),
(113, '#EF5663', 'L', 20, 19500, 437),
(113, '#EF5663', 'M', 20, 19500, 436),
(114, '#313131', 'L', 20, 19500, 440),
(114, '#313131', 'M', 20, 19500, 438),
(114, '#81604C', 'L', 20, 19500, 441),
(114, '#81604C', 'M', 20, 19500, 439),
(115, '#313131', 'L', 20, 24000, 445),
(115, '#313131', 'M', 20, 24000, 443),
(115, '#FFFFFF', 'L', 20, 24000, 444),
(115, '#FFFFFF', 'M', 20, 24000, 442),
(116, '#313131', 'L', 20, 24000, 449),
(116, '#313131', 'M', 20, 24000, 447),
(116, '#FFFFFF', 'L', 20, 24000, 448),
(116, '#FFFFFF', 'M', 20, 24000, 446),
(117, '#313131', 'L', 20, 2800, 453),
(117, '#313131', 'M', 20, 2800, 451),
(117, '#FFFFFF', 'L', 20, 2800, 452),
(117, '#FFFFFF', 'M', 20, 2800, 450),
(118, '#AD8EEF', 'L', 20, 3500, 456),
(118, '#AD8EEF', 'M', 20, 3500, 454),
(118, '#FED14C', 'L', 20, 3500, 457),
(118, '#FED14C', 'M', 20, 3500, 455),
(119, '#AAB2BE', 'L', 20, 4200, 460),
(119, '#AAB2BE', 'M', 20, 4200, 458),
(119, '#E0D1AD', 'L', 20, 4200, 461),
(119, '#E0D1AD', 'M', 20, 4200, 459),
(120, '#81604C', 'L', 20, 2500, 469),
(120, '#81604C', 'M', 20, 2500, 466),
(120, '#81604C', 'S', 20, 2500, 463),
(120, '#E0D1AD', 'L', 20, 2500, 470),
(120, '#E0D1AD', 'M', 20, 2500, 467),
(120, '#E0D1AD', 'S', 20, 2500, 464),
(120, '#FFFFFF', 'L', 20, 2500, 468),
(120, '#FFFFFF', 'M', 20, 2500, 465),
(120, '#FFFFFF', 'S', 20, 2500, 462),
(121, '#EF5663', 'L', 20, 3500, 475),
(121, '#EF5663', 'M', 20, 3800, 471),
(121, '#F8AFD7', 'L', 20, 3800, 474),
(121, '#F8AFD7', 'M', 30, 3800, 473),
(121, '#F98140', 'L', 20, 3500, 476),
(121, '#F98140', 'M', 20, 3800, 472),
(122, '#81604C', 'L', 20, 4200, 481),
(122, '#81604C', 'M', 20, 4200, 478),
(122, '#AAB2BE', 'L', 20, 4200, 480),
(122, '#AAB2BE', 'M', 20, 4200, 477),
(122, '#FFFFFF', 'L', 20, 4200, 482),
(122, '#FFFFFF', 'M', 20, 4200, 479),
(123, '#4DBEE9', 'L', 20, 3500, 484),
(123, '#4DBEE9', 'M', 20, 3500, 483),
(124, '#313131', 'L', 20, 3500, 486),
(124, '#313131', 'M', 20, 3500, 485),
(125, '#313131', 'L', 20, 4500, 488),
(125, '#313131', 'M', 20, 4500, 487),
(126, '#FFFFFF', 'L', 20, 4500, 490),
(126, '#FFFFFF', 'M', 20, 4500, 489),
(127, '#EF5663', 'L', 20, 3900, 493),
(127, '#EF5663', 'M', 20, 3900, 491),
(127, '#F98140', 'L', 20, 3900, 494),
(127, '#F98140', 'M', 20, 3900, 492),
(128, '#FFFFFF', 'L', 20, 3500, 496),
(128, '#FFFFFF', 'M', 20, 3200, 495),
(129, '#313131', 'L', 20, 15000, 498),
(129, '#313131', 'M', 20, 15000, 497),
(130, '#E0D1AD', 'L', 20, 18000, 499),
(131, '#EF5663', 'L', 5, 26500, 500),
(132, '#FFFFFF', 'L', 20, 4080, 502),
(132, '#FFFFFF', 'M', 20, 4080, 501),
(133, '#4DBEE9', 'M', 20, 5500, 504),
(133, '#4DBEE9', 'S', 20, 5500, 503),
(134, '#AAB2BE', 'L', 20, 5500, 506),
(134, '#AAB2BE', 'M', 20, 5500, 505),
(135, '#AAB2BE', 'M', 20, 25000, 507),
(136, '#4DBEE9', 'M', 20, 3500, 509),
(136, '#4DBEE9', 'S', 20, 3500, 508),
(137, '#9ED563', 'L', 20, 8800, 511),
(137, '#9ED563', 'M', 20, 8800, 510),
(138, '#AAB2BE', 'L', 20, 3200, 513),
(138, '#AAB2BE', 'M', 20, 3200, 512),
(139, '#FFFFFF', 'S', 5, 2500, 514),
(140, '#81604C', 'L', 20, 20000, 516),
(140, '#81604C', 'M', 20, 20000, 515),
(141, '#FFFFFF', 'L', 20, 5500, 519),
(141, '#FFFFFF', 'M', 20, 5500, 518),
(141, '#FFFFFF', 'S', 20, 5500, 517),
(142, '#4DBEE9', 'L', 20, 12000, 524),
(142, '#4DBEE9', 'M', 20, 12000, 522),
(142, '#4DBEE9', 'S', 20, 12000, 520),
(142, '#AAB2BE', 'L', 20, 12000, 525),
(142, '#AAB2BE', 'M', 12, 12000, 523),
(142, '#AAB2BE', 'S', 20, 12000, 521),
(143, '#F98140', 'L', 20, 22000, 526),
(143, '#F98140', 'XL', 20, 22000, 527),
(144, '#FFFFFF', 'L', 20, 3800, 528),
(144, '#FFFFFF', 'M', 20, 3800, 529),
(145, '#4DBEE9', 'M', 20, 3800, 531),
(145, '#4DBEE9', 'S', 20, 3800, 530),
(146, '#313131', 'L', 20, 15000, 533),
(146, '#313131', 'M', 20, 15000, 532),
(147, '#4DBEE9', 'L', 20, 3000, 535),
(147, '#4DBEE9', 'M', 20, 3500, 534),
(148, '#313131', 'L', 20, 2500, 537),
(148, '#313131', 'M', 20, 2500, 536),
(149, '#313131', 'L', 20, 4200, 541),
(149, '#313131', 'M', 20, 4200, 538),
(149, '#81604C', 'L', 20, 4200, 543),
(149, '#81604C', 'M', 20, 4200, 540),
(149, '#9ED563', 'L', 20, 4200, 542),
(149, '#9ED563', 'M', 20, 4200, 539),
(150, '#FED14C', 'M', 20, 3600, 547),
(150, '#FED14C', 'S', 20, 3600, 545),
(150, '#FFFFFF', 'M', 20, 3600, 546),
(150, '#FFFFFF', 'S', 20, 3600, 544),
(151, '#4DBEE9', 'L', 20, 7500, 549),
(151, '#4DBEE9', 'M', 20, 7500, 548),
(152, '#313131', 'L', 20, 2500, 559),
(152, '#313131', 'M', 50, 2500, 555),
(152, '#313131', 'S', 50, 2500, 551),
(152, '#4DBEE9', 'L', 50, 2500, 560),
(152, '#4DBEE9', 'M', 20, 2500, 556),
(152, '#4DBEE9', 'S', 50, 2500, 552),
(152, '#EF5663', 'L', 50, 2500, 561),
(152, '#EF5663', 'M', 50, 2500, 557),
(152, '#EF5663', 'S', 50, 2500, 553),
(152, '#FFFFFF', 'L', 50, 2500, 558),
(152, '#FFFFFF', 'M', 50, 2500, 554),
(152, '#FFFFFF', 'S', 50, 2500, 550),
(153, '#313131', 'S', 20, 2000, 562),
(153, '#313131', 'XS', 20, 2000, 563),
(154, '#FED14C', 'L', 20, 12000, 567),
(154, '#FED14C', 'M', 20, 12000, 565),
(154, '#FFFFFF', 'L', 20, 12000, 566),
(154, '#FFFFFF', 'M', 20, 12000, 564),
(155, '#313131', 'L', 20, 18000, 569),
(155, '#313131', 'M', 20, 18000, 568),
(156, '#AAB2BE', 'S', 20, 3800, 571),
(156, '#AAB2BE', 'XS', 20, 3800, 570),
(157, '#81604C', 'L', 20, 6800, 575),
(157, '#81604C', 'M', 20, 6800, 573),
(157, '#9ED563', 'L', 20, 6800, 574),
(157, '#9ED563', 'M', 20, 6800, 572),
(158, '#81604C', 'M', 20, 6800, 578),
(158, '#81604C', 'S', 20, 6800, 576),
(158, '#9ED563', 'M', 20, 6800, 579),
(158, '#9ED563', 'S', 20, 6800, 577),
(159, '#81604C', 'L', 20, 3200, 585),
(159, '#81604C', 'M', 20, 3200, 581),
(159, '#9ED563', 'L', 20, 3200, 586),
(159, '#9ED563', 'M', 20, 3200, 582),
(159, '#AAB2BE', 'L', 20, 3200, 584),
(159, '#AAB2BE', 'M', 20, 3200, 580),
(159, '#FED14C', 'L', 20, 3200, 587),
(159, '#FED14C', 'M', 20, 3200, 583),
(160, '#FFFFFF', '2XL', 1, 2, 588),
(161, '#9ED563', 'L', 20, 11000, 592),
(161, '#9ED563', 'M', 20, 11000, 590),
(161, '#E0D1AD', 'L', 20, 11000, 591),
(161, '#E0D1AD', 'M', 20, 11000, 589),
(162, '#E0D1AD', 'M', 20, 3600, 594),
(162, '#E0D1AD', 'S', 20, 3600, 593),
(163, '#EF5663', 'L', 20, 20500, 597),
(163, '#EF5663', 'M', 20, 20500, 596),
(163, '#EF5663', 'S', 20, 20500, 595),
(164, '#4DBEE9', 'L', 20, 2800, 599),
(164, '#4DBEE9', 'M', 20, 2800, 598),
(165, '#313131', 'L', 20, 5000, 604),
(165, '#313131', 'M', 20, 5000, 601),
(165, '#F8AFD7', 'L', 20, 5000, 605),
(165, '#F8AFD7', 'M', 20, 5000, 602),
(165, '#FFFFFF', 'L', 20, 5000, 603),
(165, '#FFFFFF', 'M', 20, 5000, 600),
(166, '#4DBEE9', 'L', 20, 4500, 608),
(166, '#4DBEE9', 'M', 20, 4500, 607),
(166, '#4DBEE9', 'S', 20, 4500, 606),
(167, '#4DBEE9', 'L', 20, 4800, 614),
(167, '#4DBEE9', 'M', 20, 4800, 610),
(167, '#81604C', 'L', 20, 4800, 613),
(167, '#81604C', 'M', 20, 4800, 609),
(167, '#AAB2BE', 'L', 20, 4800, 612),
(167, '#AAB2BE', 'M', 20, 4800, 611),
(168, '#4DBEE9', 'FREE', 20, 22000, 616),
(168, '#AAB2BE', 'FREE', 20, 22000, 615),
(169, '#9ED563', 'M', 20, 3600, 618),
(169, '#9ED563', 'S', 20, 3600, 617),
(170, '#AAB2BE', 'L', 5, 45000, 619),
(171, '#FFFFFF', 'L', 20, 2700, 622),
(171, '#FFFFFF', 'M', 20, 2700, 621),
(171, '#FFFFFF', 'S', 20, 2700, 620),
(172, '#AAB2BE', 'L', 20, 2700, 625),
(172, '#AAB2BE', 'M', 20, 2700, 624),
(172, '#AAB2BE', 'S', 20, 2700, 623),
(173, '#4DBEE9', 'L', 20, 5200, 630),
(173, '#4DBEE9', 'M', 20, 5200, 628),
(173, '#9ED563', 'L', 20, 5200, 629),
(173, '#9ED563', 'M', 20, 5200, 626),
(173, '#EF5663', 'L', 20, 5200, 631),
(173, '#EF5663', 'M', 20, 5200, 627);

-- --------------------------------------------------------

--
-- テーブルの構造 `products`
--

CREATE TABLE `products` (
  `product_id` int(11) NOT NULL,
  `productname` varchar(255) NOT NULL,
  `view` varchar(255) DEFAULT NULL,
  `create_at` timestamp NOT NULL DEFAULT current_timestamp(),
  `seller_id` varchar(255) NOT NULL,
  `big_category_id` int(11) DEFAULT NULL,
  `category_id` int(11) DEFAULT NULL,
  `small_category` int(11) DEFAULT NULL,
  `quality` varchar(10) NOT NULL DEFAULT '新品・未使用'
) ENGINE=InnoDB DEFAULT CHARSET=utf8mb4 COLLATE=utf8mb4_general_ci;

--
-- テーブルのデータのダンプ `products`
--

INSERT INTO `products` (`product_id`, `productname`, `view`, `create_at`, `seller_id`, `big_category_id`, `category_id`, `small_category`, `quality`) VALUES
(1, 'サンプル', 'テスト項目', '2023-11-12 12:13:42', 'test_bank', 1, 1, 1, '新品・未使用'),
(2, 'サンプル2', 'テスト項目', '2023-11-12 12:15:35', 'test_bank', 2, 21, 174, '良品'),
(3, 'テスト', 'テスト項目', '2023-11-12 12:16:26', 'test_bank', 1, 11, 88, '不良'),
(4, 'テスト10', NULL, '2023-11-28 00:59:45', 'test_bank', 1, 1, 1, '新品・未使用'),
(5, 'a', 'a', '2023-12-05 01:06:47', 'test_bank', 1, 1, 1, '新品・未使用'),
(6, 'グラフィックプリントTシャツ', 'ストリートファッションにスタイルを加える。', '2023-11-06 16:22:36', 'test_bank', 2, 20, 162, '新品・未使用'),
(7, 'リネン素材リラックスフィットシャツ', '軽くて快適な夏の着こなし。', '2023-11-06 16:30:27', 'test_bank', 2, 20, 163, '新品・未使用'),
(8, 'ジャカードシャツ', '特別な機会のための贅沢な選択。', '2023-11-06 17:07:52', 'test_bank', 2, 20, 163, '新品・未使用'),
(9, 'チェック柄シャツ', 'カジュアルな週末のアクティビティに最適。', '2023-11-06 17:15:38', 'test_bank', 2, 20, 163, '新品・未使用'),
(10, 'ポロカラースポーツウェア', 'アクティブなスポーツやレジャー用に。', '2023-11-06 17:18:08', 'test_bank', 2, 20, 172, '新品・未使用'),
(11, 'ベーシックポロシャツ', 'シンプルでクラシックなデザイン。', '2023-11-06 17:25:02', 'test_bank', 2, 20, 164, '新品・未使用'),
(12, 'カラフルプリントポロシャツ', '明るいカラーで楽しいファッション。', '2023-11-06 17:34:44', 'test_bank', 2, 20, 164, '新品・未使用'),
(13, 'リラックスフィットゴルフポロ', 'ゴルフなどのアウトドアアクティビティに適しています。', '2023-11-06 17:38:25', 'test_bank', 2, 20, 164, '新品・未使用'),
(14, 'チェック柄ポロシャツ', 'カジュアルなデザインで個性をアピール。', '2023-11-06 17:40:35', 'test_bank', 2, 20, 164, '新品・未使用'),
(15, 'シルク混紡ドレスポロ', '上品なドレスコードに適したポロ。', '2023-11-06 17:43:10', 'test_bank', 1, 1, 3, '新品・未使用'),
(16, 'ベーシックカジュアルタンク', 'カジュアルな日常着に最適。', '2023-11-06 17:49:34', 'test_bank', 2, 20, 165, '新品・未使用'),
(17, 'スポーツ用パフォーマンスタンク', 'スポーツやフィットネスに適した高機能タンク。', '2023-11-06 17:51:32', 'test_bank', 2, 20, 165, '新品・未使用'),
(18, 'タートルネックセーター', ' 寒い日に暖かさを提供。', '2023-11-06 18:01:12', 'test_bank', 2, 20, 166, '新品・未使用'),
(19, 'パターン入りセーター', 'プリントデザインが魅力的。', '2023-11-06 18:04:51', 'test_bank', 2, 20, 166, '新品・未使用'),
(20, 'ボートネックウールニット', 'ウォームでエレガントなデザイン。', '2023-11-06 18:10:02', 'test_bank', 2, 20, 166, '新品・未使用'),
(21, 'ベーシックカジュアルパーカー', ' シンプルで快適な日常着。', '2023-11-06 18:14:19', 'test_bank', 2, 20, 167, '新品・未使用'),
(22, 'フリース裏地ウィンターパーカー', '暖かくて防寒性のあるデザイン。', '2023-11-06 18:22:33', 'test_bank', 2, 20, 167, '新品・未使用'),
(23, 'ボタンダウンポケットカーディガン', 'カジュアルなデザインで便利。', '2023-11-06 18:28:04', 'test_bank', 2, 20, 168, '新品・未使用'),
(24, 'フリース裏地ウィンターカーディガン', '冷たい季節に最適。', '2023-11-06 18:30:18', 'test_bank', 2, 20, 168, '新品・未使用'),
(25, ' ストライプ柄ビジネスシャツ', '凄くいい、めっちゃやばい', '2023-11-09 16:00:14', 'test_bank', 1, 1, 3, '新品・未使用'),
(26, 'ベーシックブラックレザージャケット', 'クラシックなスタイルで汎用性が高い。', '2023-11-13 17:09:20', 'test_bank', 1, 2, 9, '新品・未使用'),
(27, 'バイカージャケット', 'バイカースタイルでカッコ良さをアピール。', '2023-11-13 17:10:38', 'test_bank', 2, 21, 176, '新品・未使用'),
(28, 'ヴィンテージブラウンレザージャケット', ' ヴィンテージ風の魅力。', '2023-11-13 17:12:10', 'test_bank', 1, 2, 9, '新品・未使用'),
(29, 'モトクロススタイルレザージャケット', ' レースやモトクロスにインスパイア。', '2023-11-13 17:16:15', 'test_bank', 2, 21, 176, '新品・未使用'),
(30, ' ダブルライダースレザージャケット', 'エレガントなダブルファスナースタイル。', '2023-11-13 17:17:33', 'test_bank', 2, 21, 176, '新品・未使用'),
(31, 'フードつきカジュアルレザージャケット', 'カジュアルなデザインで暖かさを提供。', '2023-11-13 17:19:05', 'test_bank', 1, 2, 9, '新品・未使用'),
(32, 'シャーリングカラーファーコラーレザージャケット', 'ファーコラーが高級感を加える。', '2023-11-13 17:23:06', 'test_bank', 2, 21, 176, '新品・未使用'),
(33, 'レーシングストライプアクションレザージャケット', ': レーシングストライプでスポーティ。', '2023-11-13 17:25:15', 'test_bank', 2, 21, 176, '新品・未使用'),
(34, 'カラフルプリントレザージャケット', '個性的なプリントが魅力的。', '2023-11-13 17:27:33', 'test_bank', 1, 2, 9, '新品・未使用'),
(35, 'シルクライニングエレガントレザージャケット', '上品でエレガントなスタイル。', '2023-11-13 17:28:48', 'test_bank', 1, 2, 9, '新品・未使用'),
(36, 'ベーシックダウンジャケット', ' シンプルなスタイルで暖かさを提供。', '2023-11-13 17:31:54', 'test_bank', 2, 21, 177, '新品・未使用'),
(37, 'ベーシックダウンジャケット', ' シンプルなスタイルで暖かさを提供。', '2023-11-13 17:33:10', 'test_bank', 1, 2, 9, '新品・未使用'),
(38, 'ロングダウンコート', '寒い季節に全身を包むウォームコート。', '2023-11-13 17:34:39', 'test_bank', 1, 2, 10, '新品・未使用'),
(39, 'ロングダウンコート', ' 寒い季節に全身を包むウォームコート。', '2023-11-13 17:36:08', 'test_bank', 2, 21, 177, '新品・未使用'),
(40, 'ボックスキルトダウンジャケット', 'キルト模様が特徴的。', '2023-11-13 17:39:54', 'test_bank', 2, 21, 177, '新品・未使用'),
(41, 'ファーコラーダウンジャケット', 'ファーコラーで高級感を加える。', '2023-11-13 17:41:46', 'test_bank', 1, 2, 10, '新品・未使用'),
(42, 'シャーリングカフスダウンジャケット', 'シャーリングカフスがスタイリッシュ。', '2023-11-13 17:43:36', 'test_bank', 1, 2, 10, '新品・未使用'),
(43, 'カモフラージュプリントダウンジャケット', 'カモ柄で個性をアピール。', '2023-11-13 17:46:29', 'test_bank', 2, 21, 177, '新品・未使用'),
(44, 'グラフィックデザインダウンジャケット', 'アートデザインが魅力的。', '2023-11-13 17:48:27', 'test_bank', 1, 2, 10, '新品・未使用'),
(45, 'クラシックベージュトレンチコート', 'タイムレスなデザインで上品な外観。', '2023-11-13 17:52:15', 'test_bank', 1, 2, 13, '新品・未使用'),
(46, 'ダブルブレストネイビートレンチコート', 'エレガントなダブルブレストスタイル。', '2023-11-13 17:53:45', 'test_bank', 1, 2, 13, '新品・未使用'),
(47, 'ダブルブレストネイビートレンチコート', 'エレガントなダブルブレストスタイル。', '2023-11-13 17:54:51', 'test_bank', 2, 21, 188, '新品・未使用'),
(48, 'ロングライダーストレンチコート', 'バイカースタイルとトレンチの融合。', '2023-11-13 17:59:05', 'test_bank', 1, 2, 13, '新品・未使用'),
(49, 'フードつきカジュアルトレンチコート', 'カジュアルなデザインで多目的。', '2023-11-13 18:00:52', 'test_bank', 1, 2, 13, '新品・未使用'),
(50, 'パターン入りプリントトレンチコート', '個性的なプリントが魅力的。', '2023-11-13 18:02:33', 'test_bank', 1, 2, 13, '新品・未使用'),
(51, 'シルク混紡エレガントトレンチコート', '上品なシルク素材で高級感を加える。', '2023-11-13 18:29:50', 'test_bank', 1, 2, 13, '新品・未使用'),
(52, 'シャーリングベルトトレンチコート', 'ウエストベルトが女性らしい。', '2023-11-20 15:27:15', 'test_bank', 1, 2, 13, '新品・未使用'),
(53, 'フローラルプリントトレンチコート', '春や夏のファッションに。', '2023-11-20 15:28:08', 'test_bank', 1, 2, 13, '新品・未使用'),
(54, 'カラフルカモフラージュトレンチコート', 'カモ柄で個性をアピール。', '2023-11-20 15:29:53', 'test_bank', 1, 2, 13, '新品・未使用'),
(55, 'ヴィンテージ風トレンチコート', 'レトロなスタイルを楽しむ。', '2023-11-20 15:30:36', 'test_bank', 1, 2, 13, '新品・未使用'),
(56, 'ベーシックプレーンミニスカート', 'シンプルながらもスタイリッシュなベーシックデザイン。', '2023-11-20 15:33:29', 'test_bank', 1, 4, 34, '新品・未使用'),
(57, 'デニムミニスカート', 'カジュアルで万能なデニム素材のミニスカート。', '2023-11-20 15:34:24', 'test_bank', 1, 4, 34, '新品・未使用'),
(58, 'プリーツミニスカート', '女性らしいプリーツデザインが魅力的。', '2023-11-20 15:35:26', 'test_bank', 1, 4, 34, '新品・未使用'),
(59, 'レザーミニスカート', 'エッジの効いたレザー素材で大人っぽさを演出。', '2023-11-20 15:36:59', 'test_bank', 1, 4, 34, '新品・未使用'),
(60, 'フローラルプリントミニスカート', '春や夏にぴったりな鮮やかなフラワープリント。', '2023-11-20 15:38:33', 'test_bank', 1, 4, 34, '新品・未使用'),
(61, 'チェック柄ミニスカート', 'カジュアルでトレンディなチェック柄。', '2023-11-20 15:39:37', 'test_bank', 1, 4, 34, '新品・未使用'),
(62, 'ボディコンミニスカート', 'ボディコンシェイプにフィットするセクシーなデザイン。', '2023-11-20 15:41:27', 'test_bank', 1, 4, 34, '新品・未使用'),
(63, 'タイトスカート', 'シンプルでオフィスやカジュアルな着こなしに適したタイトスカート。', '2023-11-20 15:42:55', 'test_bank', 1, 4, 34, '新品・未使用'),
(64, 'ヴィンテージ風ミニスカート', 'レトロな雰囲気漂うヴィンテージスタイル。', '2023-11-20 15:43:56', 'test_bank', 1, 4, 34, '新品・未使用'),
(65, 'メタリックプリントミニスカート', '輝くメタリックプリントが目を引くデザイン。', '2023-11-20 15:44:59', 'test_bank', 1, 4, 34, '新品・未使用'),
(66, 'ベーシックカジュアルベスト', 'カジュアルなデザインで日常着に最適。', '2023-11-20 15:48:19', 'test_bank', 2, 20, 171, '新品・未使用'),
(67, 'デニムベスト', 'カジュアルでスタイリッシュなデニム素材のベスト。', '2023-11-20 15:49:38', 'test_bank', 2, 20, 171, '新品・未使用'),
(68, 'レザーモトクロスベスト', 'バイカースタイルにインスパイアされたレザーベスト。', '2023-11-20 15:50:50', 'test_bank', 2, 20, 171, '新品・未使用'),
(69, 'フリンジデザインベスト', 'フリンジがアクセントのボヘミアンなデザイン。', '2023-11-20 15:52:09', 'test_bank', 2, 20, 171, '新品・未使用'),
(70, 'ダウンフィルベスト', '寒い季節に暖かさを提供するダウンフィル素材。', '2023-11-20 15:54:56', 'test_bank', 2, 20, 171, '新品・未使用'),
(71, 'カラーブロックアスレジャーベスト', 'スポーティでアスレジャースタイルなデザイン。', '2023-11-20 15:57:00', 'test_bank', 2, 20, 171, '新品・未使用'),
(72, 'プリントデザインベスト', '個性的なプリントが目を引くデザイン。', '2023-11-20 15:58:33', 'test_bank', 2, 20, 171, '新品・未使用'),
(73, 'フードつきカジュアルベスト', 'カジュアルなスタイルでフードが付いている。', '2023-11-20 16:00:32', 'test_bank', 2, 20, 171, '新品・未使用'),
(74, 'ニットベスト', '温かみのあるニット素材で秋冬に最適。', '2023-11-20 16:02:06', 'test_bank', 2, 20, 171, '新品・未使用'),
(75, 'ニットベスト', '温かみのあるニット素材で秋冬に最適。', '2023-11-20 16:04:32', 'test_bank', 2, 20, 171, '新品・未使用'),
(76, 'クラシックベージュフライトジャケット', 'タイムレスなデザインでカジュアルに着こなせる。', '2023-11-20 16:11:49', 'test_bank', 2, 21, 183, '新品・未使用'),
(77, 'シンプルプレーンTシャツ', 'シンプルながらも快適な着心地のプレーンTシャツ。', '2023-11-23 15:22:30', 'test_bank', 1, 1, 1, '新品・未使用'),
(78, 'グラフィックプリントカジュアルTシャツ', 'ユニークなグラフィックプリントが目を引く。', '2023-11-23 15:24:48', 'test_bank', 1, 1, 1, '新品・未使用'),
(79, 'ストライプ柄半袖カットソー', 'カジュアルで爽やかなストライプ柄。', '2023-11-23 15:25:59', 'test_bank', 1, 1, 1, '新品・未使用'),
(80, 'ベーシックタンクトップ', '夏のシーズンに最適なシンプルなタンクトップ。', '2023-11-23 15:26:43', 'test_bank', 1, 1, 1, '新品・未使用'),
(81, 'ヴィンテージロゴ袖なしTシャツ', 'ヴィンテージ風のロゴが印象的な袖なしTシャツ。', '2023-11-23 15:32:23', 'test_bank', 1, 1, 1, '新品・未使用'),
(82, 'フローラル刺繍カットソー', '花の刺繍が施された女性らしいデザイン。', '2023-11-23 15:33:51', 'test_bank', 1, 1, 1, '新品・未使用'),
(83, 'カモフラージュ袖ありTシャツ', 'カモ柄がアクセントのカジュアルなTシャツ。', '2023-11-23 15:35:04', 'test_bank', 1, 1, 1, '新品・未使用'),
(84, 'レーストリム袖なしカットソー', '袖なしでありながらレーストリムが女性らしい。', '2023-11-23 15:39:30', 'test_bank', 1, 1, 1, '新品・未使用'),
(85, 'シンプルプレーンTシャツ', 'シンプルで着回しやすい基本のTシャツ。', '2023-11-23 15:41:53', 'test_bank', 2, 20, 161, '新品・未使用'),
(86, 'グラフィックプリントカジュアルTシャツ', 'ユニークなグラフィックプリントが目を引く。', '2023-11-23 15:43:05', 'test_bank', 2, 20, 161, '新品・未使用'),
(87, 'ストライプ柄半袖カットソー', 'カジュアルで爽やかなストライプ柄。', '2023-11-23 15:43:59', 'test_bank', 2, 20, 161, '新品・未使用'),
(88, 'ベーシックタンクトップ', '夏のシーズンに最適なシンプルなタンクトップ。', '2023-11-23 15:47:00', 'test_bank', 2, 20, 161, '新品・未使用'),
(89, 'ヴィンテージロゴ袖なしTシャツ', 'ヴィンテージ風のロゴが印象的な袖なしTシャツ。', '2023-11-23 15:47:56', 'test_bank', 2, 20, 161, '新品・未使用'),
(90, 'レースアップサイドカットソー', 'サイドにレースアップが施された個性的なデザイン。', '2023-11-23 15:49:01', 'test_bank', 2, 20, 161, '新品・未使用'),
(91, 'ボーダーパターンハイネックTシャツ', 'ハイネックでおしゃれな印象のボーダーパターン。\r\n\r\n', '2023-11-23 15:50:29', 'test_bank', 2, 20, 161, '新品・未使用'),
(92, 'グラデーション柄カットソー', '色味の変化が特徴的なグラデーション柄。', '2023-11-23 15:53:35', 'test_bank', 2, 20, 161, '新品・未使用'),
(93, 'カモフラージュ袖ありTシャツ', 'カモ柄がアクセントのカジュアルなTシャツ。', '2023-11-23 15:54:28', 'test_bank', 2, 20, 161, '新品・未使用'),
(94, 'クラシックホワイトローカットスニーカー', 'シンプルで汎用性の高い白のローカットスニーカー。', '2023-11-23 16:07:49', 'test_bank', 2, 23, 212, '不良'),
(95, 'テクニカルランニングシューズ', 'ハイテクな素材とデザインでランニングに最適。', '2023-11-23 16:15:17', 'test_bank', 2, 23, 212, 'やや傷あり'),
(96, 'カジュアルデニムハイカットスニーカー', 'デニム素材がカジュアルでスタイリッシュな印象。', '2023-11-23 16:16:21', 'test_bank', 2, 23, 212, '新品・未使用'),
(97, 'ストリートスタイルハイトップスニーカー', 'ストリートファッションにマッチするハイトップスタイル。', '2023-11-23 16:21:10', 'test_bank', 2, 23, 212, '新品・未使用'),
(98, 'カラーブロックレトロランニングシューズ', 'レトロなデザインとカラーブロックが特徴。', '2023-11-23 16:27:01', 'test_bank', 2, 23, 212, 'やや傷あり'),
(99, 'パンツ - ガウチョパンツ', ' シンプルベーシックガウチョパンツ', '2023-11-23 16:33:08', 'test_bank', 1, 3, 32, '良品'),
(100, 'フローラルプリントワイドレッグガウチョ', '華やかなフローラルプリントが特徴の広がりのあるガウチョ。', '2023-11-23 16:36:23', 'test_bank', 1, 3, 32, '良品'),
(101, 'ハイウエストリボンタイガウチョ', 'ウエストのリボンタイが女性らしい印象のハイウエストガウチョ。', '2023-11-23 16:37:40', 'test_bank', 1, 3, 32, '良品'),
(102, 'デニム風ストレッチガウチョ', 'デニム風の素材で快適なストレッチ性を備えたガウチョ。', '2023-11-23 16:40:31', 'test_bank', 1, 3, 32, '不良'),
(103, 'レースアップサイドデザインガウチョ', 'サイドにレースアップが施されたエレガントなデザイン。', '2023-11-23 16:46:17', 'test_bank', 1, 3, 32, '良品'),
(104, 'カジュアルストライプガウチョ', 'カジュアルなストライプ柄がおしゃれなガウチョ。', '2023-11-23 16:48:29', 'test_bank', 1, 3, 32, '良品'),
(105, 'ボーダープリントカジュアルガウチョ', 'カジュアルで軽快な印象のボーダープリントガウチョ。', '2023-11-23 16:50:20', 'test_bank', 1, 3, 32, '良品'),
(106, 'クラシックブラックレザージャケット', '汎用性の高いクラシックなブラックレザージャケット。', '2023-11-23 17:13:04', 'test_bank', 2, 21, 176, '新品・未使用'),
(107, 'バイカースタイルスタッズレザージャケット', 'バイカー風のデザインにスタッズがアクセント。', '2023-11-23 17:16:21', 'test_bank', 2, 21, 176, '新品・未使用'),
(108, 'バイカースタイルスタッズレザージャケット', 'バイカー風のデザインにスタッズがアクセント', '2023-11-23 17:21:34', 'test_bank', 2, 21, 176, '新品・未使用'),
(109, 'フードつきライダースレザージャケット', 'スタイリッシュなライダースデザインにフードがついたジャケット。', '2023-11-23 17:26:11', 'test_bank', 2, 21, 176, '良品'),
(110, 'ヴィンテージ風ブラウンレザージャケット', 'ヴィンテージ風のブラウンカラーが渋い雰囲気。', '2023-11-23 17:30:06', 'test_bank', 2, 21, 176, 'やや傷あり'),
(111, ' レーサースタイルパッチワークレザージャケット', 'レーサースタイルのパッチワークが個性的なデザイン。', '2023-11-23 17:34:48', 'test_bank', 2, 21, 176, '新品・未使用'),
(112, ' レーサースタイルパッチワークレザージャケット', 'レーサースタイルのパッチワークが個性的なデザイン。', '2023-11-23 17:34:54', 'test_bank', 2, 21, 176, '新品・未使用'),
(113, 'レッドカラーブルゾンレザージャケット', 'レッドのカラーが目を引くスポーティなブルゾンスタイル。', '2023-11-23 17:43:41', 'test_bank', 2, 21, 176, '新品・未使用'),
(114, 'レッドのカラーが目を引くスポーティなブルゾンスタイル。', 'レッドのカラーが目を引くスポーティなブルゾンスタイル。', '2023-11-23 17:55:07', 'test_bank', 2, 21, 176, '新品・未使用'),
(115, ' レザーパーカーコンビネーションジャケット', 'レザーとパーカーが組み合わさったユニークなデザイン。', '2023-11-23 17:57:12', 'test_bank', 2, 21, 176, '新品・未使用'),
(116, ' レザーパーカーコンビネーションジャケット', 'レザーとパーカーが組み合わさったユニークなデザイン。', '2023-11-23 17:57:17', 'test_bank', 2, 21, 176, '新品・未使用'),
(117, 'ベーシッククルーネックスウェット', 'シンプルなデザインで、どんなスタイルにも合わせやすいクルーネックスウェット。', '2023-11-23 18:15:32', 'test_bank', 2, 20, 169, '新品・未使用'),
(118, 'グラフィックプリントスウェット', 'ユニークなグラフィックがプリントされたスタイリッシュなスウェット。', '2023-11-23 18:18:31', 'test_bank', 2, 20, 169, '新品・未使用'),
(119, 'フリース裏地フードつきスウェット', '暖かいフリース裏地とフードがついた寒い日に最適なスウェット。', '2023-11-23 18:25:03', 'test_bank', 2, 20, 169, '新品・未使用'),
(120, 'シンプルなプレーンロングスカート', 'カジュアルからフォーマルまで幅広く活躍するシンプルなデザイン。', '2023-11-23 18:57:41', 'test_bank', 1, 4, 36, '良品'),
(121, 'フローラルプリントマキシスカート', '華やかなフローラルプリントが特徴的なロングマキシスカート。', '2023-11-23 19:03:11', 'test_bank', 1, 4, 36, '良品'),
(122, 'プリーツデザインイブニングスカート', 'エレガントなイブニングスタイルにぴったりのプリーツデザイン。', '2023-11-23 19:09:39', 'test_bank', 1, 4, 36, '不良'),
(123, 'デニム風ボタンフロントロングスカート', 'デニム風の素材とボタンフロントがおしゃれなロングスカート。', '2023-11-23 19:12:37', 'test_bank', 1, 4, 34, '新品・未使用'),
(124, 'ヴィンテージ風ティアードスカート', 'ヴィンテージ感漂うティアードデザインが魅力のスカート。', '2023-11-23 19:15:39', 'test_bank', 1, 4, 36, '良品'),
(125, 'ヴィンテージ風ティアードスカート', 'ヴィンテージ感漂うティアードデザインが魅力のスカート。', '2023-11-23 19:18:21', 'test_bank', 1, 4, 36, '新品・未使用'),
(126, 'レーストリムボヘミアンスカート', 'ボヘミアンな雰囲気を醸し出すレーストリムがついたスカート。', '2023-11-23 19:22:20', 'test_bank', 1, 4, 36, '良品'),
(127, 'タータンチェックプリーツロングスカート', 'クラシックなタータンチェック柄とプリーツが特徴のロングスカート。', '2023-11-23 19:24:01', 'test_bank', 1, 4, 36, 'やや傷あり'),
(128, 'シンプルなシルク調ロングスカート', 'シルク調の滑らかな質感が魅力のシンプルなロングスカート。', '2023-11-23 19:39:33', 'test_bank', 1, 4, 36, '良品'),
(129, 'クラシックブラックスカートスーツ', 'シンプルで汎用性のあるブラックのスカートスーツ。', '2023-11-23 19:50:34', 'test_bank', 1, 17, 142, '良品'),
(130, 'クラシックネイビーダッフルコート', 'シンプルでクラシックなネイビーカラーのダッフルコート。', '2023-11-23 19:58:58', 'test_bank', 2, 21, 184, '良品'),
(131, 'ダブルフェイスウールダッフルコート', 'ウールを贅沢に使用したダブルフェイスの暖かいダッフルコート。', '2023-11-23 20:03:20', 'test_bank', 2, 21, 184, '新品・未使用'),
(132, 'スリムフィットビジネスシャツ', 'オフィスでのビジネスカジュアルに最適なスリムフィットのシャツ。', '2023-11-23 20:32:14', 'test_bank', 2, 20, 163, 'やや傷あり'),
(133, 'ストレッチデニムジーンズ', '動きやすく、カジュアルなデニムスタイル。', '2023-11-23 20:33:22', 'test_bank', 1, 3, 22, '良品'),
(134, 'ダウンパーカジャケット', '寒い季節に保温性抜群のダウンジャケット。', '2023-11-23 20:37:55', 'test_bank', 2, 21, 177, '新品・未使用'),
(135, 'クラシックなダブルブレストスーツ', 'フォーマルな場面にふさわしいクラシックなダブルブレストスーツ。', '2023-11-23 20:42:42', 'test_bank', 2, 25, 236, '不良'),
(136, 'スウェットトラックパンツ', 'くつろぎながらもスポーティなスタイルを楽しむためのトラックパンツ。', '2023-11-23 20:48:29', 'test_bank', 1, 3, 24, '不良'),
(137, 'カモフラージュプリントミリタリージャケット', 'カモフラージュ柄が特徴的なミリタリージャケット。', '2023-11-23 20:52:47', 'test_bank', 2, 21, 180, 'やや傷あり'),
(138, 'シンプルなVネックセーター', 'カジュアルな日常スタイルに適したシンプルなVネックセーター。', '2023-11-23 22:25:29', 'test_bank', 2, 20, 166, '良品'),
(139, 'カジュアルチノパンツ', 'カジュアルなビジネスカジュアルスタイルにぴったりのチノパンツ。', '2023-11-23 22:28:15', 'test_bank', 1, 3, 26, 'やや傷あり'),
(140, ' クラシックなウールトレンチコート', '上品でクラシックなスタイルのウールトレンチコート。', '2023-11-23 22:31:30', 'test_bank', 2, 21, 188, '不良'),
(141, 'スリムフィットビジネスシャツ', ' オフィスでのビジネスカジュアルに最適なスリムフィットのシャツ。', '2023-12-07 15:17:34', 'test_bank', 1, 17, 148, '不良'),
(142, 'ストレッチデニムジーンズ', '動きやすく、カジュアルなデニムスタイル。', '2023-12-07 15:20:27', 'test_bank', 2, 22, 203, '新品・未使用'),
(143, 'ダウンパーカジャケット', '寒い季節に保温性抜群のダウンジャケット。', '2023-12-08 02:17:23', 'test_bank', 2, 20, 172, '新品・未使用'),
(144, 'スリムフィットドレスシャツ', 'オフィスやフォーマルなイベントに適したスリムフィットのドレスシャツ。', '2023-12-08 02:25:28', 'test_bank', 2, 20, 164, '良品'),
(145, 'ストレートカットジーンズ', 'カジュアルなデニムスタイルで汎用性のあるストレートカットのジーンズ。', '2023-12-08 02:29:03', 'test_bank', 1, 3, 22, 'やや傷あり'),
(146, 'レザーバイカージャケット', ' カッコいい印象を与えるレザーバイカージャケット。', '2023-12-08 02:32:03', 'test_bank', 2, 21, 176, '良品'),
(147, 'カジュアルなボタンダウンシャツ', 'カジュアルなデイリースタイルにぴったりなボタンダウンシャツ。', '2023-12-08 02:34:47', 'test_bank', 2, 20, 164, '新品・未使用'),
(148, 'ダウンジャケット', '寒い季節に暖かさを提供するダウンジャケット。', '2023-12-08 02:55:13', 'test_bank', 2, 21, 177, '良品'),
(149, 'カモフラージュプリントカーゴパンツ', 'アウトドアやアクティブなスタイルにぴったりのカモフラージュカーゴパンツ。', '2023-12-08 03:02:58', 'test_bank', 2, 22, 211, '新品・未使用'),
(150, 'クルーネックニットセーター', '温かさと快適さを提供するクルーネックのニットセーター。', '2023-12-08 03:06:08', 'test_bank', 1, 1, 4, '不良'),
(151, 'レトロスタイルのデニムジャケット', 'デニムのレトロなデザインが特徴のジャケット。', '2023-12-08 03:09:37', 'test_bank', 2, 21, 175, 'やや傷あり'),
(152, 'ロングスリーブヘンリーネックTシャツ', 'カジュアルながらもおしゃれなヘンリーネックTシャツ。', '2023-12-08 03:13:58', 'test_bank', 2, 20, 161, '新品・未使用'),
(153, ' カジュアルチノパンツ', 'ビジネスカジュアルなスタイルにぴったりのチノパンツ。', '2023-12-08 03:17:37', 'test_bank', 2, 22, 206, 'やや傷あり'),
(154, 'ロングダウンコート', NULL, '2023-12-08 03:23:52', 'test_bank', 1, 2, 10, '不良'),
(155, 'スリムフィットスーツ', ' ビジネスや特別なイベントにふさわしいスリムフィットのスーツ。\r\n\r\n', '2023-12-08 04:39:00', 'test_bank', 2, 25, 237, 'やや傷あり'),
(156, 'カジュアルワイドレッグジョガーパンツ', 'カジュアルながらもトレンド感のあるワイドレッグのジョガーパンツ。', '2023-12-08 04:43:05', 'test_bank', 1, 3, 24, '新品・未使用'),
(157, 'マウンテンパーカー', 'アウトドアアクティビティに適したスタイリッシュなマウンテンパーカー。', '2023-12-08 04:52:21', 'test_bank', 2, 21, 181, '新品・未使用'),
(158, 'マウンテンパーカー', 'アウトドアアクティビティに適したスタイリッシュなマウンテンパーカー。', '2023-12-08 04:53:51', 'test_bank', 1, 2, 21, '新品・未使用'),
(159, 'ボタンダウンカジュアルシャツ', 'カジュアルな日常スタイルにぴったりのボタンダウンシャツ。', '2023-12-08 04:57:57', 'test_bank', 2, 20, 163, '新品・未使用'),
(160, 'らいるb', NULL, '2023-12-08 05:36:09', 'test_bank', 1, 1, 1, '不良'),
(161, 'トレンチコート', 'クラシックなウール素材のトレンチコート。', '2023-12-08 06:16:52', 'test_bank', 1, 2, 13, '新品・未使用'),
(162, 'ハイウエストテーパードパンツ', ' ハイウエストデザインが特徴のテーパードパンツ。', '2023-12-08 06:20:14', 'test_bank', 1, 3, 33, 'やや傷あり'),
(163, 'チェック柄ウールブレンドコート', 'シックなチェック柄が特徴のウールブレンドコート。', '2023-12-08 06:23:44', 'test_bank', 1, 2, 12, '新品・未使用'),
(164, ' カジュアルなヘンリーネックポロシャツ', 'カジュアルな日常スタイルに適したヘンリーネックのポロシャツ。', '2023-12-08 06:29:00', 'test_bank', 2, 20, 163, '不良'),
(165, 'スリムフィットドレスシャツ', 'オフィスやフォーマルな場で使えるスタイリッシュなドレスシャツ。', '2023-12-08 06:31:58', 'test_bank', 2, 20, 163, 'やや傷あり'),
(166, 'ストレッチデニムジーンズ', 'カジュアルながらも動きやすいストレッチデニムジーンズ。', '2023-12-08 06:40:29', 'test_bank', 1, 3, 22, '新品・未使用'),
(167, 'パーカージャケット', '寒い季節に暖かさを提供するカジュアルなパーカージャケット。', '2023-12-08 06:46:28', 'test_bank', 2, 21, 199, '新品・未使用'),
(168, 'クラシックなシングルブレストスーツ', 'ビジネスやフォーマルなイベントに適したクラシックなスーツ。', '2023-12-08 06:54:15', 'test_bank', 2, 25, 236, '新品・未使用'),
(169, 'カモフラージュプリントカーゴパンツ', 'アウトドアやアクティブなスタイルに合うカモフラージュカーゴパンツ。', '2023-12-08 07:01:37', 'test_bank', 1, 3, 33, '新品・未使用'),
(170, 'シャープなVネックセーター', 'クラシックなVネックでスタイリッシュな印象のセーター。', '2023-12-08 07:08:08', 'test_bank', 1, 1, 8, '不良'),
(171, 'ロングスリーブヘンリーネックTシャツ', ' カジュアルなデイリースタイルにぴったりのヘンリーネックTシャツ。', '2023-12-08 07:18:58', 'test_bank', 2, 20, 163, '新品・未使用'),
(172, 'カジュアルチノショートパンツ', 'くつろぎながらもおしゃれなチノショートパンツ。', '2023-12-08 07:23:38', 'test_bank', 2, 22, 206, 'やや傷あり'),
(173, 'ライトウェイトフリースジャケット', '軽量で保温性のあるフリースジャケット。', '2023-12-08 07:33:36', 'test_bank', 2, 21, 199, '良品');

-- --------------------------------------------------------

--
-- テーブルの構造 `products_img`
--

CREATE TABLE `products_img` (
  `img_id` int(11) NOT NULL,
  `color_size_id` int(11) NOT NULL,
  `img_url` varchar(255) NOT NULL
) ENGINE=InnoDB DEFAULT CHARSET=utf8mb4 COLLATE=utf8mb4_general_ci;

--
-- テーブルのデータのダンプ `products_img`
--

INSERT INTO `products_img` (`img_id`, `color_size_id`, `img_url`) VALUES
(1, 1, 'スクリーンショット 2023-11-08 1010371.png'),
(2, 2, 'スクリーンショット 2023-11-08 1009132.png'),
(3, 3, 'スクリーンショット 2023-11-08 1009133.png'),
(4, 3, 'スクリーンショット 2023-11-08 1010373.png'),
(5, 6, 'スクリーンショット 2023-11-28 1000216.png'),
(6, 7, 'スクリーンショット 2023-11-28 1000407.png'),
(7, 8, 'スクリーンショット 2023-11-28 1000548.png'),
(8, 9, 'スクリーンショット 2023-11-28 1001039.png'),
(9, 10, 'スクリーンショット 2023-11-28 10011210.png'),
(10, 11, 'スクリーンショット 2023-11-28 10012011.png'),
(11, 12, 'スクリーンショット 2023-11-28 10012812.png'),
(12, 13, 'スクリーンショット 2023-11-28 10013613.png'),
(13, 14, 'スクリーンショット 2023-11-28 10014414.png'),
(14, 526, 'daniel-bowman-fkYugzeEDZo-unsplash526.jpg'),
(15, 527, 'daniel-bowman-fkYugzeEDZo-unsplash527.jpg'),
(16, 528, 'nimble-made-GDebkNryTd4-unsplash528.jpg'),
(17, 529, 'nimble-made-GDebkNryTd4-unsplash529.jpg'),
(18, 530, 'jeans-428614_1280530.jpg'),
(19, 531, 'jeans-428614_1280531.jpg'),
(20, 532, 'petrebels-AR12trGJyjA-unsplash532.jpg'),
(21, 533, 'petrebels-AR12trGJyjA-unsplash533.jpg'),
(22, 534, 'nimble-made-N0ke5zChVBU-unsplash534.jpg'),
(23, 535, 'nimble-made-N0ke5zChVBU-unsplash535.jpg'),
(138, 536, 'scott-gummerson-nC4UOLMPkXY-unsplash536.jpg'),
(139, 537, 'scott-gummerson-nC4UOLMPkXY-unsplash537.jpg'),
(140, 538, 'ordonance-shoes-919682_1280538.jpg'),
(141, 538, 'shoes-5719153_1280538.jpg'),
(142, 539, 'ordonance-shoes-919682_1280539.jpg'),
(143, 539, 'shoes-5719153_1280539.jpg'),
(144, 540, 'ordonance-shoes-919682_1280540.jpg'),
(145, 540, 'shoes-5719153_1280540.jpg'),
(146, 541, 'ordonance-shoes-919682_1280541.jpg'),
(147, 541, 'shoes-5719153_1280541.jpg'),
(148, 542, 'ordonance-shoes-919682_1280542.jpg'),
(149, 542, 'shoes-5719153_1280542.jpg'),
(150, 543, 'ordonance-shoes-919682_1280543.jpg'),
(151, 543, 'shoes-5719153_1280543.jpg'),
(152, 544, 'sweater-3124635_1280544.jpg'),
(153, 544, 'woman-2563491_1280544.jpg'),
(154, 545, 'sweater-3124635_1280545.jpg'),
(155, 545, 'woman-2563491_1280545.jpg'),
(156, 546, 'sweater-3124635_1280546.jpg'),
(157, 546, 'woman-2563491_1280546.jpg'),
(158, 547, 'sweater-3124635_1280547.jpg'),
(159, 547, 'woman-2563491_1280547.jpg'),
(160, 548, 'people-2573218_1280548.jpg'),
(161, 549, 'people-2573218_1280549.jpg'),
(162, 550, 'md-salman-tWOz2_EK5EQ-unsplash550.jpg'),
(163, 551, 'md-salman-tWOz2_EK5EQ-unsplash551.jpg'),
(164, 552, 'md-salman-tWOz2_EK5EQ-unsplash552.jpg'),
(165, 553, 'md-salman-tWOz2_EK5EQ-unsplash553.jpg'),
(166, 554, 'md-salman-tWOz2_EK5EQ-unsplash554.jpg'),
(167, 555, 'md-salman-tWOz2_EK5EQ-unsplash555.jpg'),
(168, 556, 'md-salman-tWOz2_EK5EQ-unsplash556.jpg'),
(169, 557, 'md-salman-tWOz2_EK5EQ-unsplash557.jpg'),
(170, 558, 'md-salman-tWOz2_EK5EQ-unsplash558.jpg'),
(171, 559, 'md-salman-tWOz2_EK5EQ-unsplash559.jpg'),
(172, 560, 'md-salman-tWOz2_EK5EQ-unsplash560.jpg'),
(173, 561, 'md-salman-tWOz2_EK5EQ-unsplash561.jpg'),
(174, 562, 'santhosh-vaithiyanathan-ylHcWlrMlzs-unsplash562.jpg'),
(175, 563, 'santhosh-vaithiyanathan-ylHcWlrMlzs-unsplash563.jpg'),
(176, 568, 'taylor-grote-rnH5ITofDAM-unsplash568.jpg'),
(177, 569, 'taylor-grote-rnH5ITofDAM-unsplash569.jpg'),
(178, 570, 'engin-akyurt-oXYGKCYhQOI-unsplash570.jpg'),
(179, 571, 'engin-akyurt-oXYGKCYhQOI-unsplash571.jpg'),
(180, 572, 'nathan-ziemanski-TFiXgyhvVFM-unsplash572.jpg'),
(181, 572, 'victoire-joncheray-6JZ-oPjbF9s-unsplash572.jpg'),
(182, 573, 'nathan-ziemanski-TFiXgyhvVFM-unsplash573.jpg'),
(183, 573, 'victoire-joncheray-6JZ-oPjbF9s-unsplash573.jpg'),
(184, 574, 'nathan-ziemanski-TFiXgyhvVFM-unsplash574.jpg'),
(185, 574, 'victoire-joncheray-6JZ-oPjbF9s-unsplash574.jpg'),
(186, 575, 'nathan-ziemanski-TFiXgyhvVFM-unsplash575.jpg'),
(187, 575, 'victoire-joncheray-6JZ-oPjbF9s-unsplash575.jpg'),
(188, 576, 'nathan-ziemanski-TFiXgyhvVFM-unsplash576.jpg'),
(189, 576, 'victoire-joncheray-6JZ-oPjbF9s-unsplash576.jpg'),
(190, 577, 'nathan-ziemanski-TFiXgyhvVFM-unsplash577.jpg'),
(191, 577, 'victoire-joncheray-6JZ-oPjbF9s-unsplash577.jpg'),
(192, 578, 'nathan-ziemanski-TFiXgyhvVFM-unsplash578.jpg'),
(193, 578, 'victoire-joncheray-6JZ-oPjbF9s-unsplash578.jpg'),
(194, 579, 'nathan-ziemanski-TFiXgyhvVFM-unsplash579.jpg'),
(195, 579, 'victoire-joncheray-6JZ-oPjbF9s-unsplash579.jpg'),
(196, 580, 'alex-suprun-lM4X4TQdngo-unsplash580.jpg'),
(197, 580, 'brooke-cagle-JrzzESCqeko-unsplash580.jpg'),
(198, 580, 'monica-dahiya-caPZQg42c54-unsplash580.jpg'),
(199, 589, 'alexandra-iva-aPIN2_ITQ2M-unsplash589.jpg'),
(200, 589, 'irina-iriser-Imlqq97CvzQ-unsplash589.jpg'),
(201, 590, 'alexandra-iva-aPIN2_ITQ2M-unsplash590.jpg'),
(202, 590, 'irina-iriser-Imlqq97CvzQ-unsplash590.jpg'),
(203, 591, 'alexandra-iva-aPIN2_ITQ2M-unsplash591.jpg'),
(204, 591, 'irina-iriser-Imlqq97CvzQ-unsplash591.jpg'),
(205, 592, 'alexandra-iva-aPIN2_ITQ2M-unsplash592.jpg'),
(206, 592, 'irina-iriser-Imlqq97CvzQ-unsplash592.jpg'),
(207, 593, 'kaboompics_sneakers-shoes-long-white-striped-socks-27737593.jpg'),
(208, 594, 'kaboompics_sneakers-shoes-long-white-striped-socks-27737594.jpg'),
(209, 595, 'valerie-elash-o4KRWaT01p4-unsplash595.jpg'),
(210, 596, 'valerie-elash-o4KRWaT01p4-unsplash596.jpg'),
(211, 597, 'valerie-elash-o4KRWaT01p4-unsplash597.jpg'),
(212, 598, 'ashwini-chaudhary-monty-juHUAjTQ-cI-unsplash598.jpg'),
(213, 599, 'ashwini-chaudhary-monty-juHUAjTQ-cI-unsplash599.jpg'),
(214, 600, 'nimble-made-_PFanxhwe4o-unsplash600.jpg'),
(215, 601, 'nimble-made-_PFanxhwe4o-unsplash601.jpg'),
(216, 602, 'nimble-made-_PFanxhwe4o-unsplash602.jpg'),
(217, 603, 'nimble-made-_PFanxhwe4o-unsplash603.jpg'),
(218, 604, 'nimble-made-_PFanxhwe4o-unsplash604.jpg'),
(219, 605, 'nimble-made-_PFanxhwe4o-unsplash605.jpg'),
(220, 606, 'chelse-daniel-ZY8LhPmSvF8-unsplash606.jpg'),
(221, 607, 'chelse-daniel-ZY8LhPmSvF8-unsplash607.jpg'),
(222, 608, 'chelse-daniel-ZY8LhPmSvF8-unsplash608.jpg'),
(223, 609, 'norbert-kundrak-Qkka6rvSToY-unsplash609.jpg'),
(224, 609, 'people-6889599_1280609.jpg'),
(225, 609, 'philipp-lansing-83_ehMTWPcc-unsplash609.jpg'),
(226, 610, 'norbert-kundrak-Qkka6rvSToY-unsplash610.jpg'),
(227, 610, 'people-6889599_1280610.jpg'),
(228, 610, 'philipp-lansing-83_ehMTWPcc-unsplash610.jpg'),
(229, 611, 'norbert-kundrak-Qkka6rvSToY-unsplash611.jpg'),
(230, 611, 'people-6889599_1280611.jpg'),
(231, 611, 'philipp-lansing-83_ehMTWPcc-unsplash611.jpg'),
(232, 612, 'norbert-kundrak-Qkka6rvSToY-unsplash612.jpg'),
(233, 612, 'people-6889599_1280612.jpg'),
(234, 612, 'philipp-lansing-83_ehMTWPcc-unsplash612.jpg'),
(235, 613, 'norbert-kundrak-Qkka6rvSToY-unsplash613.jpg'),
(236, 613, 'people-6889599_1280613.jpg'),
(237, 613, 'philipp-lansing-83_ehMTWPcc-unsplash613.jpg'),
(238, 614, 'norbert-kundrak-Qkka6rvSToY-unsplash614.jpg'),
(239, 614, 'people-6889599_1280614.jpg'),
(240, 614, 'philipp-lansing-83_ehMTWPcc-unsplash614.jpg'),
(241, 615, 'brian-lundquist-7r60FV3T680-unsplash615.jpg'),
(242, 615, 'olaniyan-oluwapelumi-ICOWVAqqOV0-unsplash615.jpg'),
(243, 616, 'brian-lundquist-7r60FV3T680-unsplash616.jpg'),
(244, 616, 'olaniyan-oluwapelumi-ICOWVAqqOV0-unsplash616.jpg'),
(245, 617, 'joshua-rondeau-RrseEMRZ5Bw-unsplash617.jpg'),
(246, 618, 'joshua-rondeau-RrseEMRZ5Bw-unsplash618.jpg'),
(247, 619, 'kamil-szumotalski-CKxpOhAoSRg-unsplash619.jpg'),
(248, 620, 'anomaly-WWesmHEgXDs-unsplash620.jpg'),
(249, 621, 'anomaly-WWesmHEgXDs-unsplash621.jpg'),
(250, 622, 'anomaly-WWesmHEgXDs-unsplash622.jpg'),
(251, 623, 'tadeja-pavsic-fKvEQcuYqCQ-unsplash623.jpg'),
(252, 624, 'tadeja-pavsic-fKvEQcuYqCQ-unsplash624.jpg'),
(253, 625, 'tadeja-pavsic-fKvEQcuYqCQ-unsplash625.jpg'),
(254, 626, 'bhavya-shah-g28-mHHl-Z0-unsplash626.jpg'),
(255, 626, 'lo-lindo-qQB04yQdosk-unsplash626.jpg'),
(256, 626, 'santosh-verma-i49yJtWD57w-unsplash626.jpg'),
(257, 627, 'brian-lundquist-7r60FV3T680-unsplash627.jpg'),
(258, 627, 'lo-lindo-qQB04yQdosk-unsplash627.jpg'),
(259, 627, 'santosh-verma-i49yJtWD57w-unsplash627.jpg'),
(260, 628, 'bhavya-shah-g28-mHHl-Z0-unsplash628.jpg'),
(261, 628, 'lo-lindo-qQB04yQdosk-unsplash628.jpg'),
(262, 628, 'santosh-verma-i49yJtWD57w-unsplash628.jpg'),
(263, 629, 'bhavya-shah-g28-mHHl-Z0-unsplash629.jpg'),
(264, 629, 'lo-lindo-qQB04yQdosk-unsplash629.jpg'),
(265, 629, 'santosh-verma-i49yJtWD57w-unsplash629.jpg'),
(266, 630, 'bhavya-shah-g28-mHHl-Z0-unsplash630.jpg'),
(267, 630, 'lo-lindo-qQB04yQdosk-unsplash630.jpg'),
(268, 630, 'santosh-verma-i49yJtWD57w-unsplash630.jpg'),
(269, 631, 'bhavya-shah-g28-mHHl-Z0-unsplash631.jpg'),
(270, 631, 'lo-lindo-qQB04yQdosk-unsplash631.jpg'),
(271, 631, 'santosh-verma-i49yJtWD57w-unsplash631.jpg');

--
-- ダンプしたテーブルのインデックス
--

--
-- テーブルのインデックス `color_size`
--
ALTER TABLE `color_size`
  ADD PRIMARY KEY (`product_id`,`color_code`,`size`),
  ADD KEY `product_id` (`product_id`),
  ADD KEY `color_size_id` (`color_size_id`);

--
-- テーブルのインデックス `products`
--
ALTER TABLE `products`
  ADD PRIMARY KEY (`product_id`),
  ADD KEY `big_category_id` (`big_category_id`),
  ADD KEY `category_id` (`category_id`),
  ADD KEY `small_category` (`small_category`),
  ADD KEY `seller_id` (`seller_id`);

--
-- テーブルのインデックス `products_img`
--
ALTER TABLE `products_img`
  ADD PRIMARY KEY (`img_id`),
  ADD KEY `color_size_id` (`color_size_id`);

--
-- ダンプしたテーブルの AUTO_INCREMENT
--

--
-- テーブルの AUTO_INCREMENT `color_size`
--
ALTER TABLE `color_size`
  MODIFY `color_size_id` int(11) NOT NULL AUTO_INCREMENT, AUTO_INCREMENT=632;

--
-- テーブルの AUTO_INCREMENT `products`
--
ALTER TABLE `products`
  MODIFY `product_id` int(11) NOT NULL AUTO_INCREMENT, AUTO_INCREMENT=174;

--
-- テーブルの AUTO_INCREMENT `products_img`
--
ALTER TABLE `products_img`
  MODIFY `img_id` int(11) NOT NULL AUTO_INCREMENT, AUTO_INCREMENT=272;

--
-- ダンプしたテーブルの制約
--

--
-- テーブルの制約 `color_size`
--
ALTER TABLE `color_size`
  ADD CONSTRAINT `color_size_ibfk_1` FOREIGN KEY (`product_id`) REFERENCES `products` (`product_id`);

--
-- テーブルの制約 `products`
--
ALTER TABLE `products`
  ADD CONSTRAINT `products_ibfk_1` FOREIGN KEY (`seller_id`) REFERENCES `seller` (`seller_id`);

--
-- テーブルの制約 `products_img`
--
ALTER TABLE `products_img`
  ADD CONSTRAINT `products_img_ibfk_1` FOREIGN KEY (`color_size_id`) REFERENCES `color_size` (`color_size_id`);
COMMIT;

/*!40101 SET CHARACTER_SET_CLIENT=@OLD_CHARACTER_SET_CLIENT */;
/*!40101 SET CHARACTER_SET_RESULTS=@OLD_CHARACTER_SET_RESULTS */;
/*!40101 SET COLLATION_CONNECTION=@OLD_COLLATION_CONNECTION */;
